set,D_i,lambda_i,condition,quantity,n,cells_min,cells_max,cells_mean,ratio_min,ratio_max,ratio_mean,values
bi25_D5,5.0,3.873,seed1,R_lone,1,2.2885857000573573,2.2885857000573573,2.2885857000573573,0.5909102868460392,0.5909102868460392,0.5909102868460392,2.289
bi25_D5,5.0,3.873,seed36,nn_mean,3,18.44864676640552,20.92381885243253,19.458823782853006,4.76342011242346,5.402506796968797,5.0242466965183,19 18.45 20.92
bi25_D5,5.0,3.873,seed36,hole_run,0,,,,,,,nan nan nan
bi25_D5,5.0,3.873,seed36,peak1_r_run,0,,,,,,,nan nan nan
bi25_D5,5.0,3.873,seed36,R_eq_mean,3,2.0434327548836397,2.1034892986699525,2.066086417976211,0.5276120685839386,0.5431186015116163,0.5334612192431467,2.043 2.051 2.103
bi25_D5,5.0,3.873,seed36,R_eq_median,3,1.9645106942830688,2.100150271617328,2.0097238867278215,0.507234480160313,0.5422564684337929,0.518908476251473,1.965 1.965 2.1
bi25_D5,5.0,3.873,seed36,n_real,3,34.0,36.0,34.666666666666664,,,,36 34 34
bi25_D5,5.0,3.873,seed36,fft_wavelength,3,17.391304347826082,23.52941176470588,19.989445053383673,4.490415473863671,6.075267994050849,5.161252519445546,17.39 19.05 23.53
bi25_D5,5.0,3.873,seed36,fft_fwhm_rel,3,0.6146679924926006,1.997803293825749,1.2589241035301229,,,,1.164 0.6147 1.998
bi25_D5,5.0,3.873,seed36,hole_pooled,1,11.685,11.685,11.685,3.0170540266955777,3.0170540266955777,3.0170540266955777,11.69
bi25_D5,5.0,3.873,seed36,peak1_r_pooled,0,,,,,,,nan
bi25_D5,5.0,3.873,seed36,peak1_g_pooled,0,,,,,,,nan
bi25_D5,5.0,3.873,seed36,pooled_pairs,1,209.0,209.0,209.0,,,,209
bi25_D5,5.0,3.873,seed36,hole_pooled_sd,1,0.6528202497424503,0.6528202497424503,0.6528202497424503,0.16855746368796512,0.16855746368796512,0.16855746368796512,0.6528
bi25_D5,5.0,3.873,seed36,peak1_r_pooled_sd,0,,,,,,,nan
bi25_D5,5.0,3.873,random,nn_mean,3,14.612554302974624,15.081893222870326,14.912907010015573,3.7729452973981497,3.8941280854303515,3.8504960328886773,14.61 15.08 15.04
bi25_D5,5.0,3.873,random,hole_run,3,7.7425,10.882545230263158,8.921681743421052,1.999104903867395,2.8098610960772112,2.3035683208288322,8.14 10.88 7.742
bi25_D5,5.0,3.873,random,peak1_r_run,0,,,,,,,nan nan nan
bi25_D5,5.0,3.873,random,R_eq_mean,3,1.8687755561155153,1.883035254999158,1.8766109221874192,0.48251577377565963,0.486197612195545,0.4845388565961878,1.878 1.869 1.883
bi25_D5,5.0,3.873,random,R_eq_median,3,1.9645106942830688,1.9645106942830688,1.9645106942830688,0.507234480160313,0.507234480160313,0.507234480160313,1.965 1.965 1.965
bi25_D5,5.0,3.873,random,n_real,3,67.0,80.0,73.66666666666667,,,,67 80 74
bi25_D5,5.0,3.873,random,fft_wavelength,3,13.79310344827586,19.047619047619047,15.544608648056922,3.5613639965125663,4.918074090422117,4.013600694482417,13.79 19.05 13.79
bi25_D5,5.0,3.873,random,fft_fwhm_rel,3,0.4789054781123236,1.044701006854959,0.6971029516595779,,,,0.5677 0.4789 1.045
bi25_D5,5.0,3.873,random,hole_pooled,1,10.017036260483474,10.017036260483474,10.017036260483474,2.5863876410138875,2.5863876410138875,2.5863876410138875,10.02
bi25_D5,5.0,3.873,random,peak1_r_pooled,1,14.75,14.75,14.75,3.8084336237706267,3.8084336237706267,3.8084336237706267,14.75
bi25_D5,5.0,3.873,random,peak1_g_pooled,1,2.527472527472527,2.527472527472527,2.527472527472527,,,,2.527
bi25_D5,5.0,3.873,random,pooled_pairs,1,1001.0,1001.0,1001.0,,,,1001
bi25_D5,5.0,3.873,random,hole_pooled_sd,1,1.0754855718598404,1.0754855718598404,1.0754855718598404,0.27768918059330144,0.27768918059330144,0.27768918059330144,1.075
bi25_D5,5.0,3.873,random,peak1_r_pooled_sd,1,0.24572489853182786,0.24572489853182786,0.24572489853182786,0.06344589598415178,0.06344589598415178,0.06344589598415178,0.2457
bi25_D5,5.0,3.873,nucl,nn_mean,3,15.925168006373603,16.483572538178404,16.187123381540548,4.111860698282675,4.256040128424458,4.179497285314082,16.48 16.15 15.93
bi25_D5,5.0,3.873,nucl,hole_run,3,11.73125,12.98355666156202,12.548616971375145,3.0289957253463835,3.3523399149846713,3.240038969871446,12.98 11.73 12.93
bi25_D5,5.0,3.873,nucl,peak1_r_run,0,,,,,,,nan nan nan
bi25_D5,5.0,3.873,nucl,R_eq_mean,3,2.014087626568491,2.0639551082841487,2.0388827832680767,0.5200351890334792,0.5329109174469489,0.5264372709644192,2.039 2.064 2.014
bi25_D5,5.0,3.873,nucl,R_eq_median,3,1.9645106942830688,2.0334617566267235,1.9874943817309536,0.507234480160313,0.525037567904332,0.5131688427416526,1.965 2.033 1.965
bi25_D5,5.0,3.873,nucl,n_real,3,89.0,96.0,92.0,,,,91 89 96
bi25_D5,5.0,3.873,nucl,fft_wavelength,3,16.0,19.047619047619047,17.479641131815043,4.131182235954578,4.918074090422117,4.513223933413455,17.39 19.05 16
bi25_D5,5.0,3.873,nucl,fft_fwhm_rel,3,0.5574112951195817,0.7604613816162421,0.6577911594569749,,,,0.6555 0.5574 0.7605
bi25_D5,5.0,3.873,nucl,hole_pooled,1,12.985712694877506,12.985712694877506,12.985712694877506,3.3528966003929876,3.3528966003929876,3.3528966003929876,12.99
bi25_D5,5.0,3.873,nucl,peak1_r_pooled,1,17.25,17.25,17.25,4.453930848138529,4.453930848138529,4.453930848138529,17.25
bi25_D5,5.0,3.873,nucl,peak1_g_pooled,1,2.28270412642669,2.28270412642669,2.28270412642669,,,,2.283
bi25_D5,5.0,3.873,nucl,pooled_pairs,1,1409.0,1409.0,1409.0,,,,1409
bi25_D5,5.0,3.873,nucl,hole_pooled_sd,1,0.3434650690253646,0.3434650690253646,0.3434650690253646,0.0886822994892812,0.0886822994892812,0.0886822994892812,0.3435
bi25_D5,5.0,3.873,nucl,peak1_r_pooled_sd,1,0.9127436281585471,0.9127436281585471,0.9127436281585471,0.23566939141433255,0.23566939141433255,0.23566939141433255,0.9127
bi25_D10,10.0,5.477,seed1,R_lone,1,3.1936788450473776,3.1936788450473776,3.1936788450473776,0.5830833149531649,0.5830833149531649,0.5830833149531649,3.194
bi25_D10,10.0,5.477,seed36,nn_mean,3,18.010316738859384,20.399159709770263,18.995537043305898,3.2882189152287213,3.7243599757305703,3.468094710181209,18.01 18.58 20.4
bi25_D10,10.0,5.477,seed36,hole_run,0,,,,,,,nan nan nan
bi25_D10,10.0,5.477,seed36,peak1_r_run,0,,,,,,,nan nan nan
bi25_D10,10.0,5.477,seed36,R_eq_mean,3,3.034407828466169,3.0887565150067684,3.0559010870965952,0.5540045387737291,0.5639272059700837,0.5579286529691215,3.045 3.034 3.089
bi25_D10,10.0,5.477,seed36,R_eq_median,3,3.104895022829888,3.1936788450473776,3.164084237641548,0.5668736808964825,0.5830833149531649,0.5776801036009375,3.105 3.194 3.194
bi25_D10,10.0,5.477,seed36,n_real,3,34.0,36.0,35.0,,,,36 35 34
bi25_D10,10.0,5.477,seed36,fft_wavelength,3,19.047619047619047,36.36363636363636,26.31355572532043,3.47760353971534,6.639061303092922,4.804176012975738,36.36 19.05 23.53
bi25_D10,10.0,5.477,seed36,fft_fwhm_rel,3,0.6573276263252742,2.473471894128896,1.4424395322158905,,,,2.473 0.6573 1.197
bi25_D10,10.0,5.477,seed36,hole_pooled,1,9.954375,9.954375,9.954375,1.8174119111218294,1.8174119111218294,1.8174119111218294,9.954
bi25_D10,10.0,5.477,seed36,peak1_r_pooled,0,,,,,,,nan
bi25_D10,10.0,5.477,seed36,peak1_g_pooled,0,,,,,,,nan
bi25_D10,10.0,5.477,seed36,pooled_pairs,1,213.0,213.0,213.0,,,,213
bi25_D10,10.0,5.477,seed36,hole_pooled_sd,1,0.6859829206464081,0.6859829206464081,0.6859829206464081,0.12524277323377137,0.12524277323377137,0.12524277323377137,0.686
bi25_D10,10.0,5.477,seed36,peak1_r_pooled_sd,0,,,,,,,nan
bi25_D10,10.0,5.477,random,nn_mean,3,10.079275828486224,10.44630233890678,10.209506249509962,1.8402155781928256,1.90722514451274,1.863992291282191,10.08 10.1 10.45
bi25_D10,10.0,5.477,random,hole_run,3,8.352958694659973,8.493053482587065,8.406578651574172,1.5250346329913915,1.550612324836915,1.534824252969512,8.374 8.353 8.493
bi25_D10,10.0,5.477,random,peak1_r_run,2,11.25,12.25,11.75,2.053959590644373,2.2365337764794284,2.1452466835619006,nan 11.25 12.25
bi25_D10,10.0,5.477,random,R_eq_mean,3,2.005005288019511,2.0832133616458814,2.0371133281498035,0.36606220805514295,0.38034098342320555,0.3719243073406904,2.023 2.005 2.083
bi25_D10,10.0,5.477,random,R_eq_median,3,1.998986225454896,2.2885857000573573,2.192052541856537,0.36496328260791805,0.4178366709017222,0.40021220813712083,2.289 1.999 2.289
bi25_D10,10.0,5.477,random,n_real,3,213.0,226.0,220.33333333333334,,,,222 226 213
bi25_D10,10.0,5.477,random,fft_wavelength,3,9.75609756097561,12.903225806451612,11.593511829546449,1.7812115691224915,2.355795946258779,2.116675983248526,12.9 12.12 9.756
bi25_D10,10.0,5.477,random,fft_fwhm_rel,3,0.5390701321782108,0.6913276535679426,0.630462458958922,,,,0.6913 0.661 0.5391
bi25_D10,10.0,5.477,random,hole_pooled,1,8.413638047850942,8.413638047850942,8.413638047850942,1.5361131164972304,1.5361131164972304,1.5361131164972304,8.414
bi25_D10,10.0,5.477,random,peak1_r_pooled,1,12.25,12.25,12.25,2.2365337764794284,2.2365337764794284,2.2365337764794284,12.25
bi25_D10,10.0,5.477,random,peak1_g_pooled,1,1.607890825564113,1.607890825564113,1.607890825564113,,,,1.608
bi25_D10,10.0,5.477,random,pooled_pairs,1,8419.0,8419.0,8419.0,,,,8419
bi25_D10,10.0,5.477,random,hole_pooled_sd,1,0.12336722469850403,0.12336722469850403,0.12336722469850403,0.022523670608059706,0.022523670608059706,0.022523670608059706,0.1234
bi25_D10,10.0,5.477,random,peak1_r_pooled_sd,1,0.6284335441612365,0.6284335441612365,0.6284335441612365,0.11473574267667608,0.11473574267667608,0.11473574267667608,0.6284
bi25_D10,10.0,5.477,nucl,nn_mean,3,16.36333568122916,17.390950685101156,17.039178823843397,2.987522689546125,3.175138662229942,3.1109142010611244,17.39 17.36 16.36
bi25_D10,10.0,5.477,nucl,hole_run,3,14.0015,14.267053020961775,14.154934340320592,2.5563124629695277,2.6047955895676633,2.5843256127326986,14.27 14.2 14
bi25_D10,10.0,5.477,nucl,peak1_r_run,0,,,,,,,nan nan nan
bi25_D10,10.0,5.477,nucl,R_eq_mean,3,2.9707483286432725,3.0482935954920256,3.0151406897480313,0.542381957422897,0.5565397213831702,0.5504868566088941,3.026 3.048 2.971
bi25_D10,10.0,5.477,nucl,R_eq_median,3,3.1936788450473776,3.1936788450473776,3.1936788450473776,0.5830833149531649,0.5830833149531649,0.5830833149531649,3.194 3.194 3.194
bi25_D10,10.0,5.477,nucl,n_real,3,79.0,89.0,84.0,,,,84 79 89
bi25_D10,10.0,5.477,nucl,fft_wavelength,3,19.047619047619047,21.05263157894737,20.384294068504598,3.47760353971534,3.8436670702116924,3.7216458933795753,21.05 21.05 19.05
bi25_D10,10.0,5.477,nucl,fft_fwhm_rel,3,0.5649705287161055,0.8008152229959586,0.671575237657216,,,,0.6489 0.8008 0.565
bi25_D10,10.0,5.477,nucl,hole_pooled,1,14.078994030898876,14.078994030898876,14.078994030898876,2.5704608725679665,2.5704608725679665,2.5704608725679665,14.08
bi25_D10,10.0,5.477,nucl,peak1_r_pooled,1,20.75,20.75,20.75,3.788414356077399,3.788414356077399,3.788414356077399,20.75
bi25_D10,10.0,5.477,nucl,peak1_g_pooled,1,1.7667844522968197,1.7667844522968197,1.7667844522968197,,,,1.767
bi25_D10,10.0,5.477,nucl,pooled_pairs,1,1055.0,1055.0,1055.0,,,,1055
bi25_D10,10.0,5.477,nucl,hole_pooled_sd,1,0.16388917178914056,0.16388917178914056,0.16388917178914056,0.02992193210658386,0.02992193210658386,0.02992193210658386,0.1639
bi25_D10,10.0,5.477,nucl,peak1_r_pooled_sd,1,1.5561172490479875,1.5561172490479875,1.5561172490479875,0.2841068398088224,0.2841068398088224,0.2841068398088224,1.556
bi25,20.0,7.746,seed1,R_lone,1,5.0085391824055385,5.0085391824055385,5.0085391824055385,0.646599628076132,0.646599628076132,0.646599628076132,5.009
bi25,20.0,7.746,seed36,nn_mean,3,19.04107182247017,20.9148206085438,19.744504494135196,2.4581918020788756,2.700091730193527,2.5490045694967702,19.04 19.28 20.91
bi25,20.0,7.746,seed36,hole_run,0,,,,,,,nan nan nan
bi25,20.0,7.746,seed36,peak1_r_run,0,,,,,,,nan nan nan
bi25,20.0,7.746,seed36,R_eq_mean,3,4.077726703389204,4.168695231914444,4.119808208128274,0.5264322537537219,0.5381762402872968,0.5318649526549808,4.113 4.078 4.169
bi25,20.0,7.746,seed36,R_eq_median,3,4.100674494563627,4.281279449879229,4.1940848292258375,0.5293948008554148,0.5527108003280767,0.5414540232057615,4.101 4.2 4.281
bi25,20.0,7.746,seed36,n_real,3,34.0,35.0,34.666666666666664,,,,35 35 34
bi25,20.0,7.746,seed36,fft_wavelength,3,21.05263157894737,36.36363636363636,26.981893235763206,2.7178830499701174,4.694525268130201,3.4833474383752483,36.36 21.05 23.53
bi25,20.0,7.746,seed36,fft_fwhm_rel,3,1.013891103744412,1.6021837455967287,1.2315837345369465,,,,1.602 1.014 1.079
bi25,20.0,7.746,seed36,hole_pooled,1,9.9475,9.9475,9.9475,1.2842167278799426,1.2842167278799426,1.2842167278799426,9.947
bi25,20.0,7.746,seed36,peak1_r_pooled,0,,,,,,,nan
bi25,20.0,7.746,seed36,peak1_g_pooled,0,,,,,,,nan
bi25,20.0,7.746,seed36,pooled_pairs,1,208.0,208.0,208.0,,,,208
bi25,20.0,7.746,seed36,hole_pooled_sd,1,0.5493618905018873,0.5493618905018873,0.5493618905018873,0.0709223150984944,0.0709223150984944,0.0709223150984944,0.5494
bi25,20.0,7.746,seed36,peak1_r_pooled_sd,0,,,,,,,nan
bi25,20.0,7.746,random,nn_mean,3,11.049154858698945,11.123773678807604,11.09685738712624,1.426439758580259,1.4360730068334087,1.4325981285192892,11.12 11.12 11.05
bi25,20.0,7.746,random,hole_run,3,8.664489910313902,9.2590373631604,8.962011040268598,1.1185808375342645,1.1953365836477488,1.1569906502495761,8.963 8.664 9.259
bi25,20.0,7.746,random,peak1_r_run,1,13.25,13.25,13.25,1.7105676445749425,1.7105676445749425,1.7105676445749425,nan nan 13.25
bi25,20.0,7.746,random,R_eq_mean,3,2.472641231124587,2.51019911458035,2.489423609498862,0.319216610309711,0.32406531221447665,0.3213832060414883,2.485 2.51 2.473
bi25,20.0,7.746,random,R_eq_median,3,2.2885857000573573,2.572148274314975,2.441126152456725,0.2954551434230196,0.3320629143466015,0.3151480311485428,2.572 2.463 2.289
bi25,20.0,7.746,random,n_real,3,186.0,191.0,189.0,,,,191 186 190
bi25,20.0,7.746,random,fft_wavelength,3,12.903225806451612,14.814814814814811,13.837048023180762,1.665799288691362,1.9125843684974893,1.7863552184817115,12.9 13.79 14.81
bi25,20.0,7.746,random,fft_fwhm_rel,3,0.4030444421434195,0.8805320619360757,0.6013548279603779,,,,0.403 0.5205 0.8805
bi25,20.0,7.746,random,hole_pooled,1,8.938576204253987,8.938576204253987,8.938576204253987,1.1539652259293867,1.1539652259293867,1.1539652259293867,8.939
bi25,20.0,7.746,random,peak1_r_pooled,1,13.25,13.25,13.25,1.7105676445749425,1.7105676445749425,1.7105676445749425,13.25
bi25,20.0,7.746,random,peak1_g_pooled,1,1.6996184530003469,1.6996184530003469,1.6996184530003469,,,,1.7
bi25,20.0,7.746,random,pooled_pairs,1,5928.0,5928.0,5928.0,,,,5928
bi25,20.0,7.746,random,hole_pooled_sd,1,0.22656860407850593,0.22656860407850593,0.22656860407850593,0.029249881012317177,0.029249881012317177,0.029249881012317177,0.2266
bi25,20.0,7.746,random,peak1_r_pooled_sd,1,0.2845753623554592,0.2845753623554592,0.2845753623554592,0.036738521304787816,0.036738521304787816,0.036738521304787816,0.2846
bi25,20.0,7.746,nucl,nn_mean,3,19.938708240691398,20.71334913276679,20.431014922681644,2.5740761653695454,2.674081874512854,2.637632684722041,20.64 20.71 19.94
bi25,20.0,7.746,nucl,hole_run,3,15.290656565656564,17.90081081081081,16.685177650079286,1.9740152743788322,2.310984738462665,2.154047172242309,17.9 15.29 16.86
bi25,20.0,7.746,nucl,peak1_r_run,0,,,,,,,nan nan nan
bi25,20.0,7.746,nucl,R_eq_mean,3,4.052826277065753,4.1295386188162135,4.098301628145507,0.5232176225382489,0.5331211432731857,0.5290884651180764,4.13 4.113 4.053
bi25,20.0,7.746,nucl,R_eq_median,3,4.2329881999845265,4.392779454942248,4.318446118233569,0.5464764267744193,0.567105389085114,0.5575089965804226,4.33 4.393 4.233
bi25,20.0,7.746,nucl,n_real,3,61.0,66.0,62.666666666666664,,,,61 61 66
bi25,20.0,7.746,nucl,fft_wavelength,3,21.05263157894737,23.52941176470588,22.703818369453046,2.7178830499701174,3.0376339970254245,2.931050348006989,23.53 23.53 21.05
bi25,20.0,7.746,nucl,fft_fwhm_rel,3,0.3932067106845873,0.7322643498094481,0.5582743333088658,,,,0.5494 0.7323 0.3932
bi25,20.0,7.746,nucl,hole_pooled,1,15.517747502270662,15.517747502270662,15.517747502270662,2.0033325882315336,2.0033325882315336,2.0033325882315336,15.52
bi25,20.0,7.746,nucl,peak1_r_pooled,1,22.75,22.75,22.75,2.9370123708739575,2.9370123708739575,2.9370123708739575,22.75
bi25,20.0,7.746,nucl,peak1_g_pooled,1,2.022147327876745,2.022147327876745,2.022147327876745,,,,2.022
bi25,20.0,7.746,nucl,pooled_pairs,1,554.0,554.0,554.0,,,,554
bi25,20.0,7.746,nucl,hole_pooled_sd,1,0.8009542022537046,0.8009542022537046,0.8009542022537046,0.10340274288011483,0.10340274288011483,0.10340274288011483,0.801
bi25,20.0,7.746,nucl,peak1_r_pooled_sd,1,1.756713855174311,1.756713855174311,1.756713855174311,0.22679078350473114,0.22679078350473114,0.22679078350473114,1.757
3H_lowDi_141,5.0,3.873,seed1,R_lone,1,2.2885857000573573,2.2885857000573573,2.2885857000573573,0.5909102868460392,0.5909102868460392,0.5909102868460392,2.289
