subdir,file,n_alive_end,births_per_10,deaths_per_10,n_tracks,n_completed,median_lifetime_completed,frac_completed_le20,frac_alive_since_t50,median_age_alive,mean_area_alive
fig1c_panels,nucleation_bi12_seed1.npz,55,0.13333333333333333,0.08888888888888889,59,4,10.0,1.0,0.0,460.0,12.34980574980575
fig1c_panels,nucleation_bi12_seed2.npz,56,1.2222222222222223,1.2,110,54,10.0,0.7962962962962963,0.0,460.0,11.89503744185421
fig1c_panels,nucleation_bi12_seed3.npz,55,1.0666666666666667,0.9777777777777777,99,44,10.0,0.7954545454545454,0.0,460.0,12.093568912983539
fig1c_panels,nucleation_bi5_seed1.npz,72,0.2222222222222222,0.17777777777777778,80,8,110.0,0.125,0.0,460.0,35.077190423566634
fig1c_panels,nucleation_bi5_seed2.npz,74,0.2222222222222222,0.13333333333333333,80,6,100.0,0.0,0.0,460.0,34.25565449751011
fig1c_panels,nucleation_bi5_seed3.npz,70,0.37777777777777777,0.2222222222222222,80,10,55.00000000000001,0.3,0.0,460.0,36.51111647753628
fig1c_panels,synchronous_bi12_seed1.npz,12,0.0,0.0,12,0,nan,nan,0.0,460.0,21.81159420289855
fig1c_panels,synchronous_bi12_seed2.npz,21,0.0,0.0,21,0,nan,nan,0.0,460.0,18.472049689440993
fig1c_panels,synchronous_bi12_seed3.npz,20,0.0,0.0,20,0,nan,nan,0.0,460.0,18.854347826086954
fig1c_panels,synchronous_bi5_seed1.npz,82,0.0,0.044444444444444446,84,2,50.00000000000001,0.0,0.0,460.0,29.628313891834573
fig1c_panels,synchronous_bi5_seed2.npz,93,0.0,0.06666666666666667,96,3,100.0,0.3333333333333333,0.0,460.0,26.262272089761574
fig1c_panels,synchronous_bi5_seed3.npz,88,0.0,0.08888888888888889,92,4,130.0,0.0,0.0,460.0,27.680335968379442
fig2L,nucleation_bi0_seed1.npz,1,0.0,0.0,1,0,nan,nan,0.0,460.0,10000.0
fig2L,nucleation_bi0_seed2.npz,1,0.0,0.0,1,0,nan,nan,0.0,460.0,10000.0
fig2L,nucleation_bi0_seed3.npz,1,0.0,0.0,1,0,nan,nan,0.0,460.0,10000.0
fig2L,nucleation_bi25_seed1.npz,17,0.0,0.0,17,0,nan,nan,0.0,460.0,56.71994884910486
fig2L,nucleation_bi25_seed2.npz,18,0.044444444444444446,0.0,18,0,nan,nan,0.0,460.0,52.95876997398736
fig2L,nucleation_bi25_seed3.npz,20,0.022222222222222223,0.0,20,0,nan,nan,0.0,460.0,48.55897745571659
fig2L,synchronous_bi25_seed1.npz,53,0.022222222222222223,0.08888888888888889,57,4,55.00000000000001,0.25,0.0,460.0,20.84782608695652
fig2L,synchronous_bi25_seed2.npz,50,0.0,0.1111111111111111,55,5,30.000000000000007,0.4,0.0,460.0,21.795652173913044
fig2L,synchronous_bi25_seed3.npz,53,0.0,0.0,53,0,nan,nan,0.0,460.0,20.739130434782613
fig1c_spike2.5,nucleation_bi12_seed1.npz,59,1.0666666666666667,1.0888888888888888,108,49,10.0,0.6326530612244898,0.0,460.0,11.092377906246663
fig1c_spike2.5,nucleation_bi12_seed2.npz,63,1.6888888888888889,1.5555555555555556,133,70,14.999999999999986,0.6142857142857143,0.0,460.0,10.59554242990522
fig1c_spike2.5,nucleation_bi12_seed3.npz,58,1.7777777777777777,1.7777777777777777,138,80,10.0,0.7,0.0,460.0,11.184640426900547
