protocol,bi,seed,t,coverage,thr,n_all,n,area_mean,area_cv,cv_plain,cv_border,n_border,a_max,csr_cv_plain,csr_cv_border
nucleation,12,1,10,0.0331,2.5432,106,0,nan,nan,nan,nan,0,5.0864,nan,nan
nucleation,12,1,50,0.0427,2.353,102,0,nan,nan,nan,nan,0,4.7059,nan,nan
nucleation,12,1,100,0.0504,2.156,113,2,12.5,0.04,nan,nan,0,4.312,nan,nan
nucleation,12,1,200,0.0321,2.6822,87,0,nan,nan,nan,nan,0,5.3644,nan,nan
nucleation,12,1,350,0.0555,2.0662,113,6,12.3333,0.0604,0.2449,nan,1,4.1325,0.4743,0.3871
nucleation,12,1,500,0.027,2.8862,86,0,nan,nan,nan,nan,0,5.7724,nan,nan
nucleation,12,2,10,0.0268,2.6565,88,0,nan,nan,nan,nan,0,5.313,nan,nan
nucleation,12,2,50,0.0445,2.3428,118,0,nan,nan,nan,nan,0,4.6856,nan,nan
nucleation,12,2,100,0.0487,2.1576,108,0,nan,nan,nan,nan,0,4.3153,nan,nan
nucleation,12,2,200,0.0451,2.2977,105,0,nan,nan,nan,nan,0,4.5954,nan,nan
nucleation,12,2,350,0.0348,2.6622,100,0,nan,nan,nan,nan,0,5.3244,nan,nan
nucleation,12,2,500,0.0466,2.3192,106,0,nan,nan,nan,nan,0,4.6384,nan,nan
nucleation,12,3,10,0.0494,2.0285,125,6,12.6667,0.0588,0.5837,0.2643,3,4.0569,0.4743,0.3871
nucleation,12,3,50,0.0323,2.6329,91,0,nan,nan,nan,nan,0,5.2658,nan,nan
nucleation,12,3,100,0.0509,2.0926,116,2,12.0,0.0,nan,nan,0,4.1851,nan,nan
nucleation,12,3,200,0.0302,2.7655,97,0,nan,nan,nan,nan,0,5.5311,nan,nan
nucleation,12,3,350,0.0509,2.1865,102,2,12.0,0.0,nan,nan,0,4.373,nan,nan
nucleation,12,3,500,0.0573,2.0122,119,5,12.2,0.0328,0.5721,nan,0,4.0244,0.4738,0.4096
nucleation,5,1,10,0.1638,2.8848,98,59,25.4915,0.3712,0.1618,0.1651,35,5.7695,0.5563,0.5264
nucleation,5,1,50,0.1926,2.4455,103,62,29.1774,0.3239,0.1085,0.1165,36,4.8909,0.5507,0.5241
nucleation,5,1,100,0.1813,2.6809,99,59,28.3559,0.2569,0.0934,0.0883,36,5.3619,0.5563,0.5264
nucleation,5,1,200,0.1646,2.8654,95,65,23.8308,0.2124,0.0752,0.0699,40,5.7307,0.547,0.5252
nucleation,5,1,350,0.208,2.2516,105,70,28.9429,0.2413,0.0743,0.0632,42,4.5031,0.5587,0.5236
nucleation,5,1,500,0.1841,2.6109,101,67,26.2985,0.2025,0.0654,0.0629,42,5.2217,0.5466,0.5221
nucleation,5,2,10,0.1845,2.5389,110,54,30.6667,0.4567,0.2448,0.2324,32,5.0777,0.5527,0.5256
nucleation,5,2,50,0.2047,2.2766,107,63,30.9683,0.3747,0.1377,0.1458,35,4.5532,0.555,0.5232
nucleation,5,2,100,0.203,2.3471,97,64,30.3281,0.3222,0.1125,0.1174,37,4.6941,0.5502,0.5249
nucleation,5,2,200,0.1929,2.5001,103,69,27.0,0.2518,0.0913,0.0785,39,5.0001,0.5516,0.5301
nucleation,5,2,350,0.2075,2.262,101,69,29.1014,0.2419,0.0834,0.0764,40,4.5241,0.5516,0.5301
nucleation,5,2,500,0.1838,2.6271,104,68,25.7647,0.1998,0.0603,0.0537,40,5.2543,0.5524,0.5274
nucleation,5,3,10,0.1739,2.7066,93,55,30.0545,0.4232,0.2071,0.1951,34,5.4131,0.5494,0.522
nucleation,5,3,50,0.201,2.3706,92,61,32.1803,0.3551,0.1354,0.1362,35,4.7412,0.5543,0.5223
nucleation,5,3,100,0.1826,2.6115,89,65,27.6,0.3296,0.1297,0.1379,36,5.2231,0.547,0.5252
nucleation,5,3,200,0.1902,2.5559,98,64,28.875,0.3111,0.1084,0.1115,36,5.1118,0.5502,0.5249
nucleation,5,3,350,0.203,2.344,99,67,29.6567,0.2978,0.0875,0.0871,37,4.688,0.5466,0.5221
nucleation,5,3,500,0.192,2.5519,104,67,27.6716,0.2619,0.0745,0.0728,37,5.1037,0.5466,0.5221
synchronous,12,1,10,0.0147,1.9902,12,12,12.25,0.3481,0.3878,0.1366,5,3.9804,0.5386,0.4485
synchronous,12,1,50,0.0209,1.8996,12,12,17.4167,0.1183,0.2982,0.1195,4,3.7992,0.5386,0.4485
synchronous,12,1,100,0.0216,1.877,12,12,18.0,0.0642,0.23,0.1059,4,3.7539,0.5386,0.4485
synchronous,12,1,200,0.0228,1.8387,12,12,19.0,0.0526,0.1527,0.0756,4,3.6774,0.5386,0.4485
synchronous,12,1,350,0.0227,1.837,12,12,18.9167,0.0548,0.1028,0.0743,4,3.6741,0.5386,0.4485
synchronous,12,1,500,0.0228,1.8311,12,12,19.0,0.0526,0.0888,0.0417,3,3.6622,0.5386,0.4485
synchronous,12,2,10,0.0251,1.9902,21,21,11.9524,0.2331,0.2957,0.2437,7,3.9804,0.551,0.5002
synchronous,12,2,50,0.0306,1.8892,21,21,14.5714,0.2354,0.2026,0.1236,7,3.7784,0.551,0.5002
synchronous,12,2,100,0.0315,1.8874,21,21,15.0,0.2399,0.1485,0.1141,7,3.7748,0.551,0.5002
synchronous,12,2,200,0.0327,1.8653,21,21,15.5714,0.2238,0.1099,0.0475,7,3.7307,0.551,0.5002
synchronous,12,2,350,0.033,1.8739,21,21,15.7143,0.2089,0.0922,0.029,7,3.7478,0.551,0.5002
synchronous,12,2,500,0.0333,1.8737,21,21,15.8571,0.2289,0.0894,0.0393,6,3.7473,0.551,0.5002
synchronous,12,3,10,0.0229,2.018,20,20,11.45,0.2553,0.3241,0.2498,12,4.036,0.5417,0.4907
synchronous,12,3,50,0.0292,1.9018,20,20,14.6,0.2255,0.2014,0.1197,9,3.8036,0.5417,0.4907
synchronous,12,3,100,0.0308,1.8759,20,20,15.4,0.1886,0.1393,0.0893,9,3.7517,0.5417,0.4907
synchronous,12,3,200,0.0319,1.8758,20,20,15.95,0.1907,0.0878,0.0779,6,3.7516,0.5417,0.4907
synchronous,12,3,350,0.0325,1.8699,20,20,16.25,0.1706,0.0698,0.0781,5,3.7399,0.5417,0.4907
synchronous,12,3,500,0.0332,1.872,20,20,16.6,0.1697,0.071,0.085,5,3.744,0.5417,0.4907
synchronous,5,1,10,0.198,2.1561,91,91,21.7582,0.6344,0.2049,0.1722,54,4.3122,0.5515,0.5318
synchronous,5,1,50,0.204,2.1452,85,85,24.0,0.3947,0.1286,0.1275,46,4.2903,0.546,0.5242
synchronous,5,1,100,0.2048,2.15,83,83,24.6747,0.3313,0.1098,0.113,46,4.3,0.5503,0.5259
synchronous,5,1,200,0.2032,2.1353,83,83,24.4819,0.3016,0.0952,0.0893,46,4.2706,0.5503,0.5259
synchronous,5,1,350,0.2048,2.1359,83,83,24.6747,0.2788,0.0819,0.0724,46,4.2719,0.5503,0.5259
synchronous,5,1,500,0.2056,2.1239,83,83,24.7711,0.2729,0.0764,0.0526,46,4.2478,0.5503,0.5259
synchronous,5,2,10,0.1978,2.1532,101,101,19.5842,0.5083,0.1445,0.1208,61,4.3064,0.5524,0.5294
synchronous,5,2,50,0.2041,2.1466,96,96,21.2604,0.3705,0.0993,0.0925,56,4.2931,0.5498,0.5289
synchronous,5,2,100,0.2041,2.1447,95,95,21.4842,0.3287,0.0818,0.0861,54,4.2893,0.5479,0.5261
synchronous,5,2,200,0.2026,2.1412,94,94,21.5532,0.298,0.0653,0.0707,52,4.2824,0.5507,0.5281
synchronous,5,2,350,0.2053,2.1326,94,94,21.8404,0.2939,0.0601,0.0571,52,4.2651,0.5507,0.5281
synchronous,5,2,500,0.2033,2.1302,94,94,21.6277,0.3048,0.0639,0.057,52,4.2604,0.5507,0.5281
synchronous,5,3,10,0.199,2.1657,99,99,20.101,0.497,0.1767,0.1758,62,4.3315,0.5471,0.526
synchronous,5,3,50,0.2033,2.1465,92,92,22.0978,0.3676,0.118,0.1298,53,4.293,0.5456,0.5239
synchronous,5,3,100,0.203,2.1507,92,92,22.0652,0.3353,0.1066,0.1168,53,4.3015,0.5456,0.5239
synchronous,5,3,200,0.2033,2.1349,90,90,22.5889,0.2956,0.0881,0.0825,50,4.2698,0.5527,0.5323
synchronous,5,3,350,0.2031,2.1368,88,88,23.0795,0.2831,0.0619,0.0591,50,4.2736,0.5516,0.5302
synchronous,5,3,500,0.2045,2.1323,88,88,23.2386,0.2868,0.0647,0.0597,50,4.2647,0.5516,0.5302
