set,b_i,D_i,n_a,n_i,anchor,condition,replicate,channel,settle_t_crit,settle_crit_level,settle_t_count,settle_t_cells,l1_final,l1_max_after_t300,count_final,count_max,t_count_max,cells_final
bi0,0.0,10.0,3,3,"JA, no inhibitor",nucl,1,a,30.01,0.001,20.01,40.01,0.0,0.0,1,1,10.01,40000.0
bi0,0.0,10.0,3,3,"JA, no inhibitor",nucl,1,i,20.01,0.001,20.01,20.01,0.0,0.0,0,0,10.01,0.0
bi0,0.0,10.0,3,3,"JA, no inhibitor",nucl,2,a,30.01,0.001,20.01,40.01,0.0,0.0,1,1,10.01,40000.0
bi0,0.0,10.0,3,3,"JA, no inhibitor",nucl,2,i,20.01,0.001,20.01,20.01,0.0,0.0,0,0,10.01,0.0
bi0,0.0,10.0,3,3,"JA, no inhibitor",nucl,3,a,30.01,0.001,20.01,40.01,0.0,0.0,1,1,10.01,40000.0
bi0,0.0,10.0,3,3,"JA, no inhibitor",nucl,3,i,20.01,0.001,20.01,20.01,0.0,0.0,0,0,10.01,0.0
bi0,0.0,10.0,3,3,"JA, no inhibitor",random,1,a,30.01,0.001,20.01,20.01,0.0,0.0,1,1,10.01,40000.0
bi0,0.0,10.0,3,3,"JA, no inhibitor",random,1,i,20.01,0.001,20.01,20.01,0.0,0.0,0,0,10.01,0.0
bi0,0.0,10.0,3,3,"JA, no inhibitor",random,2,a,30.01,0.001,20.01,20.01,0.0,0.0,1,1,10.01,40000.0
bi0,0.0,10.0,3,3,"JA, no inhibitor",random,2,i,20.01,0.001,20.01,20.01,0.0,0.0,0,0,10.01,0.0
bi0,0.0,10.0,3,3,"JA, no inhibitor",random,3,a,30.01,0.001,20.01,20.01,0.0,0.0,1,1,10.01,40000.0
bi0,0.0,10.0,3,3,"JA, no inhibitor",random,3,i,20.01,0.001,20.01,20.01,0.0,0.0,0,0,10.01,0.0
bi0,0.0,10.0,3,3,"JA, no inhibitor",seed1,0,a,140.01,0.001,20.01,140.01,0.0,0.0,1,1,10.01,40000.0
bi0,0.0,10.0,3,3,"JA, no inhibitor",seed1,0,i,20.01,0.001,20.01,20.01,0.0,0.0,0,0,10.01,0.0
bi0,0.0,10.0,3,3,"JA, no inhibitor",seed36,1,a,60.01,0.001,40.01,70.01,0.0,0.0,1,14,10.01,40000.0
bi0,0.0,10.0,3,3,"JA, no inhibitor",seed36,1,i,20.01,0.001,20.01,20.01,0.0,0.0,0,0,10.01,0.0
bi0,0.0,10.0,3,3,"JA, no inhibitor",seed36,2,a,60.01,0.001,50.01,60.01,0.0,0.0,1,16,10.01,40000.0
bi0,0.0,10.0,3,3,"JA, no inhibitor",seed36,2,i,20.01,0.001,20.01,20.01,0.0,0.0,0,0,10.01,0.0
bi0,0.0,10.0,3,3,"JA, no inhibitor",seed36,3,a,70.01,0.001,40.01,70.01,0.0,0.0,1,21,10.01,40000.0
bi0,0.0,10.0,3,3,"JA, no inhibitor",seed36,3,i,20.01,0.001,20.01,20.01,0.0,0.0,0,0,10.01,0.0
bi0,0.0,10.0,3,3,"JA, no inhibitor",smallpert,1,a,20.01,0.001,20.01,20.01,0.0,0.0,1,1,10.01,40000.0
bi0,0.0,10.0,3,3,"JA, no inhibitor",smallpert,1,i,20.01,0.001,20.01,20.01,3.60295911933579e-141,7.315381214042093e-76,1,1,10.01,40000.0
bi0,0.0,10.0,3,3,"JA, no inhibitor",smallpert,2,a,20.01,0.001,20.01,20.01,0.0,0.0,1,1,10.01,40000.0
bi0,0.0,10.0,3,3,"JA, no inhibitor",smallpert,2,i,20.01,0.001,20.01,20.01,3.6024892924631454e-141,7.314427286294331e-76,1,1,10.01,40000.0
bi0,0.0,10.0,3,3,"JA, no inhibitor",smallpert,3,a,20.01,0.001,20.01,20.01,0.0,0.0,1,1,10.01,40000.0
bi0,0.0,10.0,3,3,"JA, no inhibitor",smallpert,3,i,20.01,0.001,20.01,20.01,3.604032966905863e-141,7.317561534184696e-76,1,1,10.01,40000.0
bi12,12.0,10.0,3,3,arrests; Fig 1C irregular spots,nucl,1,a,nan,0.001,nan,600.01,0.15758623366443902,0.1585714428462343,231,232,580.01,2458.0
bi12,12.0,10.0,3,3,arrests; Fig 1C irregular spots,nucl,1,i,nan,0.001,nan,600.01,0.0579027688374462,0.06549625312070761,128,186,540.01,18096.0
bi12,12.0,10.0,3,3,arrests; Fig 1C irregular spots,nucl,2,a,nan,0.001,nan,580.01,0.15696263482983897,0.1633579037591442,229,229,400.01,2404.0
bi12,12.0,10.0,3,3,arrests; Fig 1C irregular spots,nucl,2,i,nan,0.001,nan,nan,0.05902619071430554,0.0665822958939134,136,178,380.01,17057.0
bi12,12.0,10.0,3,3,arrests; Fig 1C irregular spots,nucl,3,a,nan,0.001,560.01,nan,0.15616713164941348,0.1638621906454547,228,228,210.01,2444.0
bi12,12.0,10.0,3,3,arrests; Fig 1C irregular spots,nucl,3,i,nan,0.001,nan,nan,0.06100344286536814,0.06841020916622452,157,182,460.01,16343.0
bi12,12.0,10.0,3,3,arrests; Fig 1C irregular spots,random,1,a,nan,0.001,20.01,210.01,0.0027779996272529694,0.0042453546749601275,61,61,10.01,1238.0
bi12,12.0,10.0,3,3,arrests; Fig 1C irregular spots,random,1,i,nan,0.001,70.01,180.01,0.0031906393138989744,0.004883623914042483,61,61,60.01,2886.0
bi12,12.0,10.0,3,3,arrests; Fig 1C irregular spots,random,2,a,nan,0.001,20.01,220.01,0.002284304451417885,0.0038776162581420975,61,61,10.01,1299.0
bi12,12.0,10.0,3,3,arrests; Fig 1C irregular spots,random,2,i,nan,0.001,60.01,40.01,0.0026474136358037815,0.004538801611917106,61,61,50.01,2926.0
bi12,12.0,10.0,3,3,arrests; Fig 1C irregular spots,random,3,a,nan,0.001,20.01,460.01,0.0021852761132800454,0.0034691080557562996,56,56,10.01,1173.0
bi12,12.0,10.0,3,3,arrests; Fig 1C irregular spots,random,3,i,nan,0.001,80.01,40.01,0.0024818190538610347,0.004017260049567832,56,56,70.01,2667.0
bi12,12.0,10.0,3,3,arrests; Fig 1C irregular spots,seed1,0,a,20.01,0.001,20.01,20.01,0.0,0.0,1,1,10.01,19.0
bi12,12.0,10.0,3,3,arrests; Fig 1C irregular spots,seed1,0,i,20.01,0.001,20.01,20.01,0.0,0.0,1,1,10.01,55.0
bi12,12.0,10.0,3,3,arrests; Fig 1C irregular spots,seed36,1,a,nan,0.001,20.01,510.01,0.0015701816492095844,0.0024166244885606546,36,36,10.01,804.0
bi12,12.0,10.0,3,3,arrests; Fig 1C irregular spots,seed36,1,i,nan,0.001,60.01,30.01,0.002012334866985769,0.0029851563410473137,36,36,50.01,1739.0
bi12,12.0,10.0,3,3,arrests; Fig 1C irregular spots,seed36,2,a,nan,0.001,20.01,590.01,0.00145785963424065,0.002485522903856163,35,35,10.01,783.0
bi12,12.0,10.0,3,3,arrests; Fig 1C irregular spots,seed36,2,i,nan,0.001,50.01,50.01,0.0019163910387726387,0.0031689908558322267,35,35,40.01,1696.0
bi12,12.0,10.0,3,3,arrests; Fig 1C irregular spots,seed36,3,a,nan,0.001,20.01,510.01,0.0012226662747034363,0.001798745455779131,34,34,10.01,751.0
bi12,12.0,10.0,3,3,arrests; Fig 1C irregular spots,seed36,3,i,nan,0.001,50.01,50.01,0.0015115831804933385,0.0022062227226032345,34,34,40.01,1657.0
bi12,12.0,10.0,3,3,arrests; Fig 1C irregular spots,smallpert,1,a,20.01,0.001,20.01,20.01,1.5114975187771741e-257,1.3291362783472547e-126,0,0,10.01,0.0
bi12,12.0,10.0,3,3,arrests; Fig 1C irregular spots,smallpert,1,i,30.01,0.001,20.01,20.01,2.241583520157834e-128,4.5512695065193986e-63,0,0,10.01,0.0
bi12,12.0,10.0,3,3,arrests; Fig 1C irregular spots,smallpert,2,a,20.01,0.001,20.01,20.01,1.5118306957152848e-257,1.3294292576939289e-126,0,0,10.01,0.0
bi12,12.0,10.0,3,3,arrests; Fig 1C irregular spots,smallpert,2,i,30.01,0.001,20.01,20.01,2.2419052182254867e-128,4.551922676295339e-63,0,0,10.01,0.0
bi12,12.0,10.0,3,3,arrests; Fig 1C irregular spots,smallpert,3,a,20.01,0.001,20.01,20.01,1.5115402301387535e-257,1.3291738366094864e-126,0,0,10.01,0.0
bi12,12.0,10.0,3,3,arrests; Fig 1C irregular spots,smallpert,3,i,30.01,0.001,20.01,20.01,2.2416915109769193e-128,4.551488769070834e-63,0,0,10.01,0.0
bi2.5,2.5,10.0,3,3,inside the Turing band,nucl,1,a,nan,0.001,210.01,30.01,0.17275831756298163,0.17349992058323244,7,14,20.01,24063.0
bi2.5,2.5,10.0,3,3,inside the Turing band,nucl,1,i,nan,0.001,20.01,20.01,0.022099493854648326,0.022099493854648326,1,1,10.01,40000.0
bi2.5,2.5,10.0,3,3,inside the Turing band,nucl,2,a,nan,0.001,310.01,30.01,0.17336837949572995,0.17521506839299836,4,12,10.01,24052.0
bi2.5,2.5,10.0,3,3,inside the Turing band,nucl,2,i,nan,0.001,20.01,20.01,0.020554239508610447,0.022062163987763467,1,1,10.01,40000.0
bi2.5,2.5,10.0,3,3,inside the Turing band,nucl,3,a,nan,0.001,80.01,30.01,0.16805963237311253,0.17624224563092886,5,11,20.01,23910.0
bi2.5,2.5,10.0,3,3,inside the Turing band,nucl,3,i,nan,0.001,20.01,20.01,0.020415932621429066,0.023214107347220247,1,1,10.01,40000.0
bi2.5,2.5,10.0,3,3,inside the Turing band,random,1,a,nan,0.001,120.01,40.01,0.008915144851792164,0.017590931131279568,1,2,20.01,24329.0
bi2.5,2.5,10.0,3,3,inside the Turing band,random,1,i,nan,0.001,20.01,20.01,0.0011016900330021813,0.0021899183805821716,1,1,10.01,40000.0
bi2.5,2.5,10.0,3,3,inside the Turing band,random,2,a,nan,0.001,60.01,40.01,0.00913465465333115,0.016685509992273313,2,2,50.01,24328.0
bi2.5,2.5,10.0,3,3,inside the Turing band,random,2,i,nan,0.001,20.01,20.01,0.001101334659803291,0.0020241715755045316,1,1,10.01,40000.0
bi2.5,2.5,10.0,3,3,inside the Turing band,random,3,a,nan,0.001,540.01,40.01,0.009811855398426102,0.017760529745418526,1,3,10.01,24283.0
bi2.5,2.5,10.0,3,3,inside the Turing band,random,3,i,nan,0.001,20.01,20.01,0.0011885627452778923,0.002152479507726339,1,1,10.01,40000.0
bi2.5,2.5,10.0,3,3,inside the Turing band,seed1,0,a,nan,0.001,120.01,340.01,0.013907651489561818,0.15368147731543336,3,3,110.01,23864.0
bi2.5,2.5,10.0,3,3,inside the Turing band,seed1,0,i,nan,0.001,20.01,340.01,0.0018168306403320322,0.07022245117158878,1,1,10.01,40000.0
bi2.5,2.5,10.0,3,3,inside the Turing band,seed36,1,a,nan,0.001,20.01,110.01,0.008113498967702918,0.016878825293974234,29,29,10.01,23520.0
bi2.5,2.5,10.0,3,3,inside the Turing band,seed36,1,i,nan,0.001,60.01,110.01,0.0010607436588158823,0.0023335987074965623,1,17,10.01,40000.0
bi2.5,2.5,10.0,3,3,inside the Turing band,seed36,2,a,nan,0.001,20.01,110.01,0.007822638913200538,0.01601364469400378,28,28,10.01,23492.0
bi2.5,2.5,10.0,3,3,inside the Turing band,seed36,2,i,600.01,0.001,70.01,100.01,0.0009905979160224323,0.0021491008442309613,1,18,10.01,40000.0
bi2.5,2.5,10.0,3,3,inside the Turing band,seed36,3,a,nan,0.001,170.01,110.01,0.008979341436700983,0.016358135340596,29,30,10.01,23537.0
bi2.5,2.5,10.0,3,3,inside the Turing band,seed36,3,i,nan,0.001,60.01,120.01,0.0011431063792136553,0.0021780660959644545,1,23,10.01,40000.0
bi2.5,2.5,10.0,3,3,inside the Turing band,smallpert,1,a,nan,0.001,40.01,50.01,0.009013257286033246,0.016146251730505108,2,2,30.01,24531.0
bi2.5,2.5,10.0,3,3,inside the Turing band,smallpert,1,i,nan,0.001,20.01,20.01,0.0010528818996171899,0.0018831928443872065,1,1,10.01,40000.0
bi2.5,2.5,10.0,3,3,inside the Turing band,smallpert,2,a,nan,0.001,40.01,50.01,0.008050390846012166,0.01551301472434777,2,2,30.01,24529.0
bi2.5,2.5,10.0,3,3,inside the Turing band,smallpert,2,i,590.01,0.001,20.01,20.01,0.0009682214605933441,0.0018209402943724492,1,1,10.01,40000.0
bi2.5,2.5,10.0,3,3,inside the Turing band,smallpert,3,a,nan,0.001,20.01,50.01,0.009657482442097905,0.017397288125011085,1,1,10.01,24597.0
bi2.5,2.5,10.0,3,3,inside the Turing band,smallpert,3,i,nan,0.001,20.01,20.01,0.0011336897780016755,0.001977951270726281,1,1,10.01,40000.0
bi20,20.0,10.0,3,3,"arrests, small domains",nucl,1,a,nan,0.001,540.01,nan,0.20101730386161112,0.2033198557497555,0,9,10.01,43.0
bi20,20.0,10.0,3,3,"arrests, small domains",nucl,1,i,nan,0.001,nan,nan,0.1980550061026799,0.22290254413543206,36,106,10.01,772.0
bi20,20.0,10.0,3,3,"arrests, small domains",nucl,2,a,nan,0.001,470.01,nan,0.20185533022444055,0.2031757372393226,0,10,10.01,60.0
bi20,20.0,10.0,3,3,"arrests, small domains",nucl,2,i,nan,0.001,nan,nan,0.20573545123157747,0.20659855732837754,32,117,10.01,428.0
bi20,20.0,10.0,3,3,"arrests, small domains",nucl,3,a,nan,0.001,500.01,nan,0.19511854019533728,0.2033569126951956,0,9,10.01,69.0
bi20,20.0,10.0,3,3,"arrests, small domains",nucl,3,i,nan,0.001,nan,nan,0.18678896786054539,0.21320289255598637,32,105,10.01,606.0
bi20,20.0,10.0,3,3,"arrests, small domains",random,1,a,20.01,0.001,20.01,20.01,4.515032736862358e-258,3.970296830751158e-127,0,0,10.01,0.0
bi20,20.0,10.0,3,3,"arrests, small domains",random,1,i,30.01,0.001,20.01,20.01,9.386766975523869e-129,1.9058717159687626e-63,0,0,10.01,0.0
bi20,20.0,10.0,3,3,"arrests, small domains",random,2,a,20.01,0.001,20.01,20.01,4.5429045494556255e-258,3.994805926400204e-127,0,0,10.01,0.0
bi20,20.0,10.0,3,3,"arrests, small domains",random,2,i,30.01,0.001,20.01,20.01,9.449925078135805e-129,1.9186952197071864e-63,0,0,10.01,0.0
bi20,20.0,10.0,3,3,"arrests, small domains",random,3,a,20.01,0.001,20.01,20.01,4.546446645198381e-258,3.9979206704832e-127,0,0,10.01,0.0
bi20,20.0,10.0,3,3,"arrests, small domains",random,3,i,30.01,0.001,20.01,20.01,9.456929614831353e-129,1.9201174078158635e-63,0,0,10.01,0.0
bi20,20.0,10.0,3,3,"arrests, small domains",seed1,0,a,20.01,0.001,20.01,20.01,0.0,0.0,1,1,10.01,7.0
bi20,20.0,10.0,3,3,"arrests, small domains",seed1,0,i,20.01,0.001,20.01,20.01,1.8973538018496327e-23,2.168404344971009e-23,1,1,10.01,31.0
bi20,20.0,10.0,3,3,"arrests, small domains",seed36,1,a,190.01,0.001,120.01,nan,0.0005863048633731177,0.0007991035558129969,36,36,90.01,285.0
bi20,20.0,10.0,3,3,"arrests, small domains",seed36,1,i,450.01,0.001,40.01,30.01,0.0008912567069054074,0.00120117103038458,36,36,30.01,1075.0
bi20,20.0,10.0,3,3,"arrests, small domains",seed36,2,a,280.01,0.001,160.01,nan,0.0006216419420067489,0.0009443452227407873,35,35,70.01,285.0
bi20,20.0,10.0,3,3,"arrests, small domains",seed36,2,i,580.01,0.001,40.01,470.01,0.0009760218545169853,0.0014436110577799898,35,35,30.01,1044.0
bi20,20.0,10.0,3,3,"arrests, small domains",seed36,3,a,70.01,0.001,50.01,590.01,0.00037151094490692394,0.0005159341551889255,33,33,10.01,279.0
bi20,20.0,10.0,3,3,"arrests, small domains",seed36,3,i,200.01,0.001,30.01,40.01,0.0005763253599968573,0.0008089915696589191,33,34,10.01,1000.0
bi20,20.0,10.0,3,3,"arrests, small domains",smallpert,1,a,20.01,0.001,20.01,20.01,1.0997131165123244e-257,9.67033409431836e-127,0,0,10.01,0.0
bi20,20.0,10.0,3,3,"arrests, small domains",smallpert,1,i,30.01,0.001,20.01,20.01,2.272814651008959e-128,4.6146806139881196e-63,0,0,10.01,0.0
bi20,20.0,10.0,3,3,"arrests, small domains",smallpert,2,a,20.01,0.001,20.01,20.01,1.0999028149881064e-257,9.672002209038874e-127,0,0,10.01,0.0
bi20,20.0,10.0,3,3,"arrests, small domains",smallpert,2,i,30.01,0.001,20.01,20.01,2.273082153773395e-128,4.6152237466279424e-63,0,0,10.01,0.0
bi20,20.0,10.0,3,3,"arrests, small domains",smallpert,3,a,20.01,0.001,20.01,20.01,1.0998001687963595e-257,9.671099589116643e-127,0,0,10.01,0.0
bi20,20.0,10.0,3,3,"arrests, small domains",smallpert,3,i,30.01,0.001,20.01,20.01,2.2729885749859108e-128,4.615033745997539e-63,0,0,10.01,0.0
bi3.2,3.2,10.0,3,3,"Turing band, near its edge",nucl,1,a,nan,0.001,80.01,70.01,0.09641463860946346,0.10041894282368506,116,116,70.01,17466.0
bi3.2,3.2,10.0,3,3,"Turing band, near its edge",nucl,1,i,nan,0.001,50.01,60.01,0.013084250183650037,0.014524664507445254,1,49,10.01,40000.0
bi3.2,3.2,10.0,3,3,"Turing band, near its edge",nucl,2,a,nan,0.001,110.01,70.01,0.09617091184674526,0.1000286449364588,118,119,70.01,17414.0
bi3.2,3.2,10.0,3,3,"Turing band, near its edge",nucl,2,i,nan,0.001,50.01,60.01,0.012713327992215888,0.013720120250336268,1,52,10.01,40000.0
bi3.2,3.2,10.0,3,3,"Turing band, near its edge",nucl,3,a,nan,0.001,170.01,70.01,0.09542793550756058,0.10102169094363787,124,124,160.01,17371.0
bi3.2,3.2,10.0,3,3,"Turing band, near its edge",nucl,3,i,nan,0.001,50.01,70.01,0.01310214372651554,0.013616519131378943,1,44,10.01,40000.0
bi3.2,3.2,10.0,3,3,"Turing band, near its edge",random,1,a,nan,0.001,390.01,30.01,0.007591404518157924,0.014193307790139957,82,82,380.01,17575.0
bi3.2,3.2,10.0,3,3,"Turing band, near its edge",random,1,i,nan,0.001,20.01,20.01,0.001105757905717449,0.00209603946593029,1,1,10.01,40000.0
bi3.2,3.2,10.0,3,3,"Turing band, near its edge",random,2,a,nan,0.001,320.01,30.01,0.00809991546183957,0.016276413949997324,88,88,310.01,17581.0
bi3.2,3.2,10.0,3,3,"Turing band, near its edge",random,2,i,nan,0.001,20.01,20.01,0.0011416998663183727,0.0023382214587852742,1,1,10.01,40000.0
bi3.2,3.2,10.0,3,3,"Turing band, near its edge",random,3,a,nan,0.001,320.01,30.01,0.008604953878906118,0.014753562070025936,84,85,110.01,17551.0
bi3.2,3.2,10.0,3,3,"Turing band, near its edge",random,3,i,nan,0.001,20.01,20.01,0.0012349534349354,0.002206659921261452,1,1,10.01,40000.0
bi3.2,3.2,10.0,3,3,"Turing band, near its edge",seed1,0,a,nan,0.001,330.01,460.01,0.013698991337417673,0.22179323630826062,12,12,320.01,17814.0
bi3.2,3.2,10.0,3,3,"Turing band, near its edge",seed1,0,i,nan,0.001,20.01,450.01,0.002196541726890033,0.11698049845973076,1,1,10.01,40000.0
bi3.2,3.2,10.0,3,3,"Turing band, near its edge",seed36,1,a,nan,0.001,150.01,160.01,0.008869789993946947,0.020397248612117416,35,35,140.01,17714.0
bi3.2,3.2,10.0,3,3,"Turing band, near its edge",seed36,1,i,nan,0.001,80.01,150.01,0.0013541717115702118,0.0032628784600835857,1,19,10.01,40000.0
bi3.2,3.2,10.0,3,3,"Turing band, near its edge",seed36,2,a,nan,0.001,180.01,140.01,0.009648760646946905,0.02000688376606969,35,35,170.01,17759.0
bi3.2,3.2,10.0,3,3,"Turing band, near its edge",seed36,2,i,nan,0.001,90.01,140.01,0.0014428375641326735,0.003193166623411743,1,19,10.01,40000.0
bi3.2,3.2,10.0,3,3,"Turing band, near its edge",seed36,3,a,nan,0.001,50.01,160.01,0.009489999462693728,0.019309252777320523,34,34,40.01,17784.0
bi3.2,3.2,10.0,3,3,"Turing band, near its edge",seed36,3,i,nan,0.001,80.01,160.01,0.001489741694708694,0.003052926642303675,1,26,10.01,40000.0
bi3.2,3.2,10.0,3,3,"Turing band, near its edge",smallpert,1,a,nan,0.001,370.01,30.01,0.009636177208783207,0.015794365860096055,109,109,360.01,17472.0
bi3.2,3.2,10.0,3,3,"Turing band, near its edge",smallpert,1,i,nan,0.001,20.01,20.01,0.0013753911543726166,0.002249944330355678,1,1,10.01,40000.0
bi3.2,3.2,10.0,3,3,"Turing band, near its edge",smallpert,2,a,nan,0.001,280.01,50.01,0.008589841871771819,0.017147781447931304,131,131,120.01,17357.0
bi3.2,3.2,10.0,3,3,"Turing band, near its edge",smallpert,2,i,nan,0.001,20.01,20.01,0.0012133049266221945,0.002415828501887339,1,1,10.01,40000.0
bi3.2,3.2,10.0,3,3,"Turing band, near its edge",smallpert,3,a,nan,0.001,220.01,30.01,0.008597335127719936,0.014493095502457965,118,120,60.01,17386.0
bi3.2,3.2,10.0,3,3,"Turing band, near its edge",smallpert,3,i,nan,0.001,20.01,20.01,0.0012325069707586507,0.002071918997893258,1,1,10.01,40000.0
bi5,5.0,10.0,3,3,replicating; Fig 1C regular spots,nucl,1,a,nan,0.001,570.01,50.01,0.15660576094760106,0.16248908028405887,276,276,560.01,9554.0
bi5,5.0,10.0,3,3,replicating; Fig 1C regular spots,nucl,1,i,nan,0.001,40.01,80.01,0.030048846783055194,0.032517331245110304,1,4,10.01,40000.0
bi5,5.0,10.0,3,3,replicating; Fig 1C regular spots,nucl,2,a,nan,0.001,430.01,60.01,0.1624458186146831,0.16326094019061935,274,274,420.01,9530.0
bi5,5.0,10.0,3,3,replicating; Fig 1C regular spots,nucl,2,i,nan,0.001,40.01,60.01,0.0313387235315835,0.032531710271098906,1,4,10.01,40000.0
bi5,5.0,10.0,3,3,replicating; Fig 1C regular spots,nucl,3,a,nan,0.001,470.01,70.01,0.15911247854910493,0.16570544992060218,278,278,460.01,9554.0
bi5,5.0,10.0,3,3,replicating; Fig 1C regular spots,nucl,3,i,nan,0.001,40.01,60.01,0.030673844938437243,0.033964651464373254,1,3,10.01,40000.0
bi5,5.0,10.0,3,3,replicating; Fig 1C regular spots,random,1,a,nan,0.001,450.01,50.01,0.007957862034170298,0.015471270933070541,322,327,20.01,9723.0
bi5,5.0,10.0,3,3,replicating; Fig 1C regular spots,random,1,i,nan,0.001,20.01,20.01,0.0016477975899223153,0.0033196753082879397,1,1,10.01,40000.0
bi5,5.0,10.0,3,3,replicating; Fig 1C regular spots,random,2,a,nan,0.001,120.01,50.01,0.008388846911485101,0.0145490079020069,335,346,10.01,9806.0
bi5,5.0,10.0,3,3,replicating; Fig 1C regular spots,random,2,i,nan,0.001,20.01,20.01,0.0016396336805206975,0.0029566493912190055,1,1,10.01,40000.0
bi5,5.0,10.0,3,3,replicating; Fig 1C regular spots,random,3,a,nan,0.001,500.01,50.01,0.008334178288678877,0.015060225711591642,334,338,20.01,9726.0
bi5,5.0,10.0,3,3,replicating; Fig 1C regular spots,random,3,i,nan,0.001,20.01,20.01,0.0016518868932908482,0.0031615374260126642,1,1,10.01,40000.0
bi5,5.0,10.0,3,3,replicating; Fig 1C regular spots,seed1,0,a,nan,0.001,nan,nan,0.10301277485259479,0.10301277485259479,114,114,600.01,5562.0
bi5,5.0,10.0,3,3,replicating; Fig 1C regular spots,seed1,0,i,nan,0.001,20.01,nan,0.07184882341278574,0.07184882341278574,1,1,10.01,20180.0
bi5,5.0,10.0,3,3,replicating; Fig 1C regular spots,seed36,1,a,nan,0.001,590.01,250.01,0.012392851066012907,0.03474222546821497,182,182,580.01,9853.0
bi5,5.0,10.0,3,3,replicating; Fig 1C regular spots,seed36,1,i,nan,0.001,200.01,320.01,0.0031531083093259923,0.012236156755946007,1,26,10.01,39986.0
bi5,5.0,10.0,3,3,replicating; Fig 1C regular spots,seed36,2,a,nan,0.001,nan,270.01,0.014249912954253012,0.03491695324337871,191,191,600.01,9822.0
bi5,5.0,10.0,3,3,replicating; Fig 1C regular spots,seed36,2,i,nan,0.001,180.01,300.01,0.003786298565336546,0.01120071467473174,1,25,10.01,39973.0
bi5,5.0,10.0,3,3,replicating; Fig 1C regular spots,seed36,3,a,nan,0.001,nan,310.01,0.012103773465984877,0.03832714050456953,173,173,600.01,9933.0
bi5,5.0,10.0,3,3,replicating; Fig 1C regular spots,seed36,3,i,nan,0.001,160.01,370.01,0.0031238455707152876,0.01566113921220253,1,29,10.01,39945.0
bi5,5.0,10.0,3,3,replicating; Fig 1C regular spots,smallpert,1,a,30.01,0.001,20.01,20.01,6.955959645258547e-257,6.116727417926776e-126,0,0,10.01,0.0
bi5,5.0,10.0,3,3,replicating; Fig 1C regular spots,smallpert,1,i,30.01,0.001,20.01,20.01,3.169486398343443e-128,6.435266259939673e-63,0,0,10.01,0.0
bi5,5.0,10.0,3,3,replicating; Fig 1C regular spots,smallpert,2,a,30.01,0.001,20.01,20.01,6.9595829677484e-257,6.11991358880009e-126,0,0,10.01,0.0
bi5,5.0,10.0,3,3,replicating; Fig 1C regular spots,smallpert,2,i,30.01,0.001,20.01,20.01,3.1704098555217026e-128,6.437141230226611e-63,0,0,10.01,0.0
bi5,5.0,10.0,3,3,replicating; Fig 1C regular spots,smallpert,3,a,30.01,0.001,20.01,20.01,6.955061648626964e-257,6.115937764033175e-126,0,0,10.01,0.0
bi5,5.0,10.0,3,3,replicating; Fig 1C regular spots,smallpert,3,i,30.01,0.001,20.01,20.01,3.169241111702037e-128,6.434768234503034e-63,0,0,10.01,0.0
bi9,9.0,10.0,3,3,divides late,nucl,1,a,nan,0.001,580.01,340.01,0.15278352967504757,0.15746723887746047,259,263,10.01,4123.0
bi9,9.0,10.0,3,3,divides late,nucl,1,i,nan,0.001,600.01,600.01,0.04551590203695498,0.047868052368332824,5,55,20.01,33111.0
bi9,9.0,10.0,3,3,divides late,nucl,2,a,nan,0.001,570.01,590.01,0.1541972909356647,0.15815359516184946,256,261,70.01,4106.0
bi9,9.0,10.0,3,3,divides late,nucl,2,i,nan,0.001,nan,590.01,0.04443867389185672,0.04844883809814869,4,39,20.01,31205.0
bi9,9.0,10.0,3,3,divides late,nucl,3,a,nan,0.001,nan,440.01,0.1527659658637518,0.15930099675007062,256,260,150.01,4085.0
bi9,9.0,10.0,3,3,divides late,nucl,3,i,nan,0.001,590.01,590.01,0.04267973550916494,0.049828278505712274,1,67,20.01,32533.0
bi9,9.0,10.0,3,3,divides late,random,1,a,nan,0.001,nan,90.01,0.004903362535283112,0.009497551962992842,265,278,10.01,4389.0
bi9,9.0,10.0,3,3,divides late,random,1,i,nan,0.001,550.01,200.01,0.0019170335463651988,0.004049964039927891,2,30,20.01,34282.0
bi9,9.0,10.0,3,3,divides late,random,2,a,nan,0.001,450.01,60.01,0.005433802779013514,0.009048855315519643,272,281,10.01,4430.0
bi9,9.0,10.0,3,3,divides late,random,2,i,nan,0.001,360.01,130.01,0.002065060725128277,0.0035694302288362175,2,27,20.01,36051.0
bi9,9.0,10.0,3,3,divides late,random,3,a,nan,0.001,530.01,70.01,0.004799916857405519,0.008000205200017095,272,283,10.01,4420.0
bi9,9.0,10.0,3,3,divides late,random,3,i,nan,0.001,410.01,160.01,0.0018060867984168133,0.003216837561868843,1,25,20.01,36527.0
bi9,9.0,10.0,3,3,divides late,seed1,0,a,nan,0.001,580.01,nan,0.002992483208171578,0.004732637570481829,4,4,570.01,106.0
bi9,9.0,10.0,3,3,divides late,seed1,0,i,nan,0.001,nan,nan,0.003364749436849005,0.004974802662962462,4,4,600.01,286.0
bi9,9.0,10.0,3,3,divides late,seed36,1,a,nan,0.001,600.01,510.01,0.01121550385808135,0.030011380140076756,135,135,590.01,3557.0
bi9,9.0,10.0,3,3,divides late,seed36,1,i,nan,0.001,580.01,nan,0.008748746763481544,0.02653046677361816,132,132,570.01,10005.0
bi9,9.0,10.0,3,3,divides late,seed36,2,a,nan,0.001,600.01,440.01,0.010560417148903281,0.03619353166671072,138,138,590.01,3570.0
bi9,9.0,10.0,3,3,divides late,seed36,2,i,nan,0.001,600.01,560.01,0.0074562225318722825,0.031869313989005,133,133,590.01,9941.0
bi9,9.0,10.0,3,3,divides late,seed36,3,a,nan,0.001,nan,470.01,0.01095678438808652,0.028004029330580847,135,135,600.01,3520.0
bi9,9.0,10.0,3,3,divides late,seed36,3,i,nan,0.001,nan,500.01,0.00829534924569449,0.02459050851896254,133,133,600.01,9511.0
bi9,9.0,10.0,3,3,divides late,smallpert,1,a,20.01,0.001,20.01,20.01,2.0008555501542233e-257,1.7594535660197035e-126,0,0,10.01,0.0
bi9,9.0,10.0,3,3,divides late,smallpert,1,i,30.01,0.001,20.01,20.01,2.3075360418553454e-128,4.6851782804645273e-63,0,0,10.01,0.0
bi9,9.0,10.0,3,3,divides late,smallpert,2,a,20.01,0.001,20.01,20.01,2.0013951757592517e-257,1.759928086129368e-126,0,0,10.01,0.0
bi9,9.0,10.0,3,3,divides late,smallpert,2,i,30.01,0.001,20.01,20.01,2.30792621074861e-128,4.685970472131864e-63,0,0,10.01,0.0
bi9,9.0,10.0,3,3,divides late,smallpert,3,a,20.01,0.001,20.01,20.01,2.0008151405271126e-257,1.7594180317891003e-126,0,0,10.01,0.0
bi9,9.0,10.0,3,3,divides late,smallpert,3,i,30.01,0.001,20.01,20.01,2.3075832441308312e-128,4.6852741190871463e-63,0,0,10.01,0.0
