r,g,h_data,h_null_mean
0.25,0.0,0.0,1.2466666666666666
0.75,0.0,0.0,3.38
1.25,0.0,0.0,5.706666666666667
1.75,0.0,0.0,7.72
2.25,0.0,0.0,10.16
2.75,0.0,0.0,11.846666666666668
3.25,0.0,0.0,14.293333333333333
3.75,0.0,0.0,16.766666666666666
4.25,0.0,0.0,18.073333333333334
4.75,0.0,0.0,19.939999999999998
5.25,0.0,0.0,22.186666666666664
5.75,0.0,0.0,23.806666666666665
6.25,0.038669760247486466,1.0,25.86
6.75,0.10716837342224339,3.0,27.993333333333332
7.25,0.3101309441764301,9.0,29.019999999999996
7.75,0.5316930775646372,17.0,31.973333333333333
8.25,1.0034461787958646,33.0,32.88666666666666
8.75,1.4462013112225223,50.0,34.57333333333333
9.25,1.6981132075471697,63.0,37.1
9.75,1.8945212493599592,74.0,39.059999999999995
10.25,1.254810105404049,50.0,39.846666666666664
10.75,1.3468013468013469,56.0,41.58
11.25,1.2638477141519737,54.0,42.72666666666667
11.75,1.1767317939609236,53.0,45.04
12.25,1.0356731875719218,48.0,46.346666666666664
12.75,0.8855024711696869,43.0,48.56
13.25,0.7196162046908317,36.0,50.026666666666664
13.75,0.7437369519832985,38.0,51.093333333333334
14.25,0.674893945237177,35.0,51.86
14.75,0.8803696303696303,47.0,53.38666666666667
15.25,0.7814349988160075,44.0,56.30666666666667
15.75,0.8505611340815121,48.0,56.43333333333333
16.25,0.6673511293634496,39.0,58.440000000000005
16.75,0.6687242798353911,39.0,58.31999999999999
17.25,0.7370604935575453,45.0,61.053333333333335
17.75,0.9670017482517482,59.0,61.013333333333335
18.25,0.9355179704016914,59.0,63.06666666666666
18.75,0.889420576302923,57.0,64.08666666666667
19.25,0.9472397636993277,62.0,65.45333333333333
19.75,1.1466505733252867,76.0,66.28
20.25,0.9171093515084695,61.0,66.51333333333334
20.75,1.0637278390033542,74.0,69.56666666666666
21.25,0.9506242905788875,67.0,70.48
21.75,0.9837908741684624,70.0,71.15333333333334
22.25,0.9531590413943355,70.0,73.44
22.75,0.9293002915451896,68.0,73.17333333333333
23.25,0.8301817175537312,60.0,72.27333333333334
23.75,0.8680555555555556,65.0,74.88
24.25,0.8037596626844694,61.0,75.89333333333333
24.75,0.7913479293062518,60.0,75.82
25.25,0.8810572687224669,68.0,77.18
25.75,0.95180929514663,74.0,77.74666666666667
26.25,0.9350982066609735,73.0,78.06666666666666
26.75,0.9653465346534654,78.0,80.8
27.25,0.7321310390469887,59.0,80.58666666666667
27.75,0.831953642384106,67.0,80.53333333333333
28.25,0.9599805573558003,79.0,82.29333333333334
28.75,1.041337961502051,88.0,84.50666666666667
29.25,0.8391943734015346,70.0,83.41333333333333
29.75,1.080827067669173,92.0,85.12
30.25,0.7063255375922147,60.0,84.94666666666667
30.75,0.9731123964358293,83.0,85.29333333333334
31.25,1.036571162357326,89.0,85.86
31.75,0.911438553850828,80.0,87.77333333333333
32.25,0.9516166016968586,83.0,87.22
32.75,0.862656072644722,76.0,88.1
33.25,0.9175714941122496,80.0,87.18666666666667
33.75,0.8766603415559773,77.0,87.83333333333333
34.25,0.8094738420026982,72.0,88.94666666666667
34.75,0.9183902038378258,82.0,89.28666666666666
