set,b_i,point,channel,n_runs,conditions,count_min,count_max,wavelength_min,wavelength_max,slope,slope_se,intercept,r2
bi0,0.0,cov10,a,3,seed36,14.0,21.0,12.12121212121212,44.44444444444444,0.7019416402258802,3.5618181432791043,1.3825667151946384,0.03738614093519943
bi2.5,2.5,cov10,a,8,nucl random seed1 seed36,3.0,30.0,12.903225806451612,44.44444444444444,0.28834211569568635,0.20321600962726155,2.489286770924824,0.25124126633398225
bi3.2,3.2,cov10,a,12,nucl random seed36 smallpert,32.0,115.0,9.75609756097561,57.14285714285713,0.10184563845103478,0.43675787538801053,2.6151059663157037,0.0054081444040858795
bi5,5.0,cov10,a,10,nucl random seed1 seed36,39.0,346.0,8.88888888888889,44.44444444444444,-0.6364339813563968,0.10586552071466195,5.986810681022305,0.8187617402912326
bi9,9.0,cov10,a,6,nucl random,244.0,283.0,9.75609756097561,13.79310344827586,-1.9249480449838687,0.9090033366208954,13.22951962681606,0.5285480729063368
bi0,0.0,cov10,i,0,,,,,,,,,
bi2.5,2.5,cov10,i,3,seed36,17.0,23.0,9.75609756097561,44.44444444444444,1.8420893781463372,5.131061395822447,-2.1509478305594234,0.11417124758973085
bi3.2,3.2,cov10,i,6,nucl seed36,19.0,52.0,8.51063829787234,57.14285714285713,0.6071444439782312,0.6584260489747984,1.363746424930732,0.17530803222655889
bi5,5.0,cov10,i,6,nucl seed36,3.0,25.0,7.84313725490196,44.44444444444444,-0.2635864109244176,0.3114105977800938,3.709971683691178,0.15190253769896866
bi9,9.0,cov10,i,6,nucl random,21.0,55.0,26.666666666666664,57.14285714285713,-0.18343587842098583,0.37042726216942884,4.124412132151137,0.05776464249575364
bi0,0.0,cov20,a,3,seed36,14.0,21.0,12.12121212121212,44.44444444444444,0.7019416402258802,3.5618181432791043,1.3825667151946384,0.03738614093519943
bi2.5,2.5,cov20,a,8,nucl random seed1 seed36,3.0,30.0,12.12121212121212,44.44444444444444,0.4336042347749452,0.1418325655206367,1.9143251607163199,0.6090237555901978
bi3.2,3.2,cov20,a,12,nucl random seed36 smallpert,33.0,115.0,9.75609756097561,57.14285714285713,0.22181073831216616,0.44037850643604154,2.0918616689234404,0.024741868062836958
bi5,5.0,cov20,a,9,nucl random seed36,80.0,346.0,8.88888888888889,14.814814814814811,-0.22358355074098965,0.0805429713489559,3.6728923397829716,0.5240011652415617
bi0,0.0,cov20,i,0,,,,,,,,,
bi2.5,2.5,cov20,i,3,seed36,8.0,10.0,6.153846153846154,44.44444444444444,-8.811249395827868,1.5322069552256197,22.209922027249807,0.9706490537728215
bi3.2,3.2,cov20,i,6,nucl seed36,7.0,52.0,6.153846153846154,57.14285714285713,0.38751920465102796,0.37307618155130867,2.103378985600909,0.212431825345346
bi5,5.0,cov20,i,5,nucl seed36,3.0,4.0,17.391304347826082,36.36363636363636,-0.7081216402321944,1.187034252924844,4.2044663254773535,0.1060435675759187
bi0,0.0,t600,a,0,,,,,,,,,
bi2.5,2.5,t600,a,10,nucl random seed1 seed36 smallpert,2.0,29.0,12.12121212121212,12.903225806451612,0.02473783791993526,0.003399321394519934,2.46872364254641,0.8687640540422756
bi3.2,3.2,t600,a,13,nucl random seed1 seed36 smallpert,12.0,131.0,11.428571428571429,12.903225806451612,-0.013504377749577391,0.015781657715143796,2.5253400282821676,0.0624113493475047
bi5,5.0,t600,a,10,nucl random seed1 seed36,114.0,335.0,9.302325581395348,14.814814814814811,-0.34639418384750226,0.043131870698549984,4.307038598822545,0.8896517543560296
bi9,9.0,t600,a,10,nucl random seed1 seed36,4.0,272.0,10.256410256410255,17.391304347826082,-0.10917434970798458,0.033646476810485486,3.088369610276006,0.5682302006291766
bi12,12.0,t600,a,9,nucl random seed36,34.0,231.0,11.428571428571429,26.666666666666664,-0.3598180405116716,0.05372332363853348,4.434229692303773,0.8650160633380342
bi20,20.0,t600,a,3,seed36,33.0,36.0,17.391304347826082,23.52941176470588,-3.2323787577443777,1.1874969501358155,14.479601971711748,0.8810845934507262
bi0,0.0,t600,i,0,,,,,,,,,
bi2.5,2.5,t600,i,0,,,,,,,,,
bi3.2,3.2,t600,i,0,,,,,,,,,
bi5,5.0,t600,i,0,,,,,,,,,
bi9,9.0,t600,i,8,nucl random seed1 seed36,2.0,133.0,11.428571428571429,19.047619047619047,0.05875133771820686,0.035346074403797806,2.466477043925245,0.31528918889286084
bi12,12.0,t600,i,9,nucl random seed36,34.0,157.0,12.12121212121212,44.44444444444444,-0.8410760964821473,0.07277480600016245,6.6484804554635915,0.9502026960748056
bi20,20.0,t600,i,6,nucl seed36,32.0,36.0,21.05263157894737,57.14285714285713,-4.112486023049094,2.618239950570812,18.21679421316965,0.381486498583812
