set,b_i,D_i,n_a,n_i,anchor,condition,replicate,channel,n_tracks,n_alive_end,births_per_10_t50plus,deaths_per_10_t50plus,births_total,deaths_total,n_completed,median_lifetime_completed,frac_completed_le20,median_drift_alive,max_drift_alive,n_alive_since_t60,median_drift_alive_since_t60,max_drift_alive_since_t60
bi0,0.0,10.0,3,3,"JA, no inhibitor",nucl,1,a,1,1,0.0,0.0,0,0,0,nan,nan,0.42421837611405044,0.42421837611405044,1,0.42421837611405044,0.42421837611405044
bi0,0.0,10.0,3,3,"JA, no inhibitor",nucl,1,i,0,0,0.0,0.0,0,0,0,nan,nan,nan,nan,0,nan,nan
bi0,0.0,10.0,3,3,"JA, no inhibitor",nucl,2,a,1,1,0.0,0.0,0,0,0,nan,nan,0.06851308952654753,0.06851308952654753,1,0.06851308952654753,0.06851308952654753
bi0,0.0,10.0,3,3,"JA, no inhibitor",nucl,2,i,0,0,0.0,0.0,0,0,0,nan,nan,nan,nan,0,nan,nan
bi0,0.0,10.0,3,3,"JA, no inhibitor",nucl,3,a,1,1,0.0,0.0,0,0,0,nan,nan,0.5157873370552334,0.5157873370552334,1,0.5157873370552334,0.5157873370552334
bi0,0.0,10.0,3,3,"JA, no inhibitor",nucl,3,i,0,0,0.0,0.0,0,0,0,nan,nan,nan,nan,0,nan,nan
bi0,0.0,10.0,3,3,"JA, no inhibitor",random,1,a,1,1,0.0,0.0,0,0,0,nan,nan,0.0,0.0,1,0.0,0.0
bi0,0.0,10.0,3,3,"JA, no inhibitor",random,1,i,0,0,0.0,0.0,0,0,0,nan,nan,nan,nan,0,nan,nan
bi0,0.0,10.0,3,3,"JA, no inhibitor",random,2,a,1,1,0.0,0.0,0,0,0,nan,nan,0.0,0.0,1,0.0,0.0
bi0,0.0,10.0,3,3,"JA, no inhibitor",random,2,i,0,0,0.0,0.0,0,0,0,nan,nan,nan,nan,0,nan,nan
bi0,0.0,10.0,3,3,"JA, no inhibitor",random,3,a,1,1,0.0,0.0,0,0,0,nan,nan,0.0,0.0,1,0.0,0.0
bi0,0.0,10.0,3,3,"JA, no inhibitor",random,3,i,0,0,0.0,0.0,0,0,0,nan,nan,nan,nan,0,nan,nan
bi0,0.0,10.0,3,3,"JA, no inhibitor",seed1,0,a,1,1,0.0,0.0,0,0,0,nan,nan,2.5980762113545737,2.5980762113545737,1,2.5980762113545737,2.5980762113545737
bi0,0.0,10.0,3,3,"JA, no inhibitor",seed1,0,i,0,0,0.0,0.0,0,0,0,nan,nan,nan,nan,0,nan,nan
bi0,0.0,10.0,3,3,"JA, no inhibitor",seed36,1,a,17,1,0.017857142857142856,0.017857142857142856,3,16,16,20.0,1.0,1.2830062793948214,1.2830062793948214,1,1.2830062793948214,1.2830062793948214
bi0,0.0,10.0,3,3,"JA, no inhibitor",seed36,1,i,0,0,0.0,0.0,0,0,0,nan,nan,nan,nan,0,nan,nan
bi0,0.0,10.0,3,3,"JA, no inhibitor",seed36,2,a,19,1,0.0,0.0,3,18,18,20.0,1.0,1.6091123816090271,1.6091123816090271,1,1.6091123816090271,1.6091123816090271
bi0,0.0,10.0,3,3,"JA, no inhibitor",seed36,2,i,0,0,0.0,0.0,0,0,0,nan,nan,nan,nan,0,nan,nan
bi0,0.0,10.0,3,3,"JA, no inhibitor",seed36,3,a,22,1,0.0,0.0,1,21,21,20.0,1.0,5.689669621748139,5.689669621748139,1,5.689669621748139,5.689669621748139
bi0,0.0,10.0,3,3,"JA, no inhibitor",seed36,3,i,0,0,0.0,0.0,0,0,0,nan,nan,nan,nan,0,nan,nan
bi0,0.0,10.0,3,3,"JA, no inhibitor",smallpert,1,a,1,1,0.0,0.0,0,0,0,nan,nan,0.0,0.0,1,0.0,0.0
bi0,0.0,10.0,3,3,"JA, no inhibitor",smallpert,1,i,1,1,0.0,0.0,0,0,0,nan,nan,0.0,0.0,1,0.0,0.0
bi0,0.0,10.0,3,3,"JA, no inhibitor",smallpert,2,a,1,1,0.0,0.0,0,0,0,nan,nan,0.0,0.0,1,0.0,0.0
bi0,0.0,10.0,3,3,"JA, no inhibitor",smallpert,2,i,1,1,0.0,0.0,0,0,0,nan,nan,0.0,0.0,1,0.0,0.0
bi0,0.0,10.0,3,3,"JA, no inhibitor",smallpert,3,a,1,1,0.0,0.0,0,0,0,nan,nan,0.0,0.0,1,0.0,0.0
bi0,0.0,10.0,3,3,"JA, no inhibitor",smallpert,3,i,1,1,0.0,0.0,0,0,0,nan,nan,0.0,0.0,1,0.0,0.0
bi12,12.0,10.0,3,3,arrests; Fig 1C irregular spots,nucl,1,a,301,231,1.0,0.6964285714285714,97,70,70,20.0,0.5857142857142857,2.4209731743890313,8.56997342145496,209,2.5896239946033006,8.56997342145496
bi12,12.0,10.0,3,3,arrests; Fig 1C irregular spots,nucl,1,i,2220,128,35.285714285714285,35.0,2114,2092,2092,20.0,0.6601338432122371,0.35852405054386294,4.017498737981727,1,1.3816204584860439,1.3816204584860439
bi12,12.0,10.0,3,3,arrests; Fig 1C irregular spots,nucl,2,a,283,229,0.6785714285714286,0.35714285714285715,68,54,54,15.0,0.7407407407407407,2.6457513110645907,7.536211899616307,211,2.6933496303682674,7.536211899616307
bi12,12.0,10.0,3,3,arrests; Fig 1C irregular spots,nucl,2,i,2268,136,37.035714285714285,36.44642857142857,2179,2132,2132,20.0,0.6674484052532833,0.40473270657579724,5.339170868414858,3,2.454681803947884,5.339170868414858
bi12,12.0,10.0,3,3,arrests; Fig 1C irregular spots,nucl,3,a,294,228,0.9285714285714286,0.7142857142857143,94,66,66,15.0,0.6666666666666666,2.599372521794148,8.736894948054102,205,2.651977773494921,8.736894948054102
bi12,12.0,10.0,3,3,arrests; Fig 1C irregular spots,nucl,3,i,2291,157,37.07142857142857,36.357142857142854,2190,2134,2134,20.0,0.654639175257732,0.33775972621538075,5.878889621753642,3,1.5026046290482802,3.345979994848004
bi12,12.0,10.0,3,3,arrests; Fig 1C irregular spots,random,1,a,61,61,0.0,0.0,0,0,0,nan,nan,5.366271983416404,10.717817682803265,61,5.366271983416404,10.717817682803265
bi12,12.0,10.0,3,3,arrests; Fig 1C irregular spots,random,1,i,63,61,0.03571428571428571,0.0,7,2,2,15.0,1.0,5.7145829535787875,11.050479288013037,61,5.7145829535787875,11.050479288013037
bi12,12.0,10.0,3,3,arrests; Fig 1C irregular spots,random,2,a,61,61,0.0,0.0,0,0,0,nan,nan,4.591190360420692,11.59022576714249,61,4.591190360420692,11.59022576714249
bi12,12.0,10.0,3,3,arrests; Fig 1C irregular spots,random,2,i,66,61,0.03571428571428571,0.017857142857142856,11,5,5,20.0,0.6,4.71928430161739,11.263429201801593,61,4.71928430161739,11.263429201801593
bi12,12.0,10.0,3,3,arrests; Fig 1C irregular spots,random,3,a,56,56,0.0,0.0,0,0,0,nan,nan,4.401560952887782,10.933749356922412,56,4.401560952887782,10.933749356922412
bi12,12.0,10.0,3,3,arrests; Fig 1C irregular spots,random,3,i,65,56,0.03571428571428571,0.017857142857142856,16,9,9,20.0,0.6666666666666666,4.64622520636779,10.439705760569899,54,4.64622520636779,10.439705760569899
bi12,12.0,10.0,3,3,arrests; Fig 1C irregular spots,seed1,0,a,1,1,0.0,0.0,0,0,0,nan,nan,0.0,0.0,1,0.0,0.0
bi12,12.0,10.0,3,3,arrests; Fig 1C irregular spots,seed1,0,i,1,1,0.0,0.0,0,0,0,nan,nan,0.0,0.0,1,0.0,0.0
bi12,12.0,10.0,3,3,arrests; Fig 1C irregular spots,seed36,1,a,36,36,0.0,0.0,0,0,0,nan,nan,5.132521922690103,11.635298246682643,36,5.132521922690103,11.635298246682643
bi12,12.0,10.0,3,3,arrests; Fig 1C irregular spots,seed36,1,i,39,36,0.03571428571428571,0.017857142857142856,6,3,3,30.0,0.3333333333333333,4.97236725506062,11.546759824189817,36,4.97236725506062,11.546759824189817
bi12,12.0,10.0,3,3,arrests; Fig 1C irregular spots,seed36,2,a,35,35,0.0,0.0,0,0,0,nan,nan,6.063152211911021,9.211108514115494,35,6.063152211911021,9.211108514115494
bi12,12.0,10.0,3,3,arrests; Fig 1C irregular spots,seed36,2,i,37,35,0.0,0.0,4,2,2,30.0,0.0,5.413464694629528,8.89883046661017,35,5.413464694629528,8.89883046661017
bi12,12.0,10.0,3,3,arrests; Fig 1C irregular spots,seed36,3,a,34,34,0.0,0.0,0,0,0,nan,nan,3.3829279080669545,11.150077073724633,34,3.3829279080669545,11.150077073724633
bi12,12.0,10.0,3,3,arrests; Fig 1C irregular spots,seed36,3,i,36,34,0.0,0.0,4,2,2,25.0,0.5,3.2413941990372868,10.61588596667291,34,3.2413941990372868,10.61588596667291
bi12,12.0,10.0,3,3,arrests; Fig 1C irregular spots,smallpert,1,a,0,0,0.0,0.0,0,0,0,nan,nan,nan,nan,0,nan,nan
bi12,12.0,10.0,3,3,arrests; Fig 1C irregular spots,smallpert,1,i,0,0,0.0,0.0,0,0,0,nan,nan,nan,nan,0,nan,nan
bi12,12.0,10.0,3,3,arrests; Fig 1C irregular spots,smallpert,2,a,0,0,0.0,0.0,0,0,0,nan,nan,nan,nan,0,nan,nan
bi12,12.0,10.0,3,3,arrests; Fig 1C irregular spots,smallpert,2,i,0,0,0.0,0.0,0,0,0,nan,nan,nan,nan,0,nan,nan
bi12,12.0,10.0,3,3,arrests; Fig 1C irregular spots,smallpert,3,a,0,0,0.0,0.0,0,0,0,nan,nan,nan,nan,0,nan,nan
bi12,12.0,10.0,3,3,arrests; Fig 1C irregular spots,smallpert,3,i,0,0,0.0,0.0,0,0,0,nan,nan,nan,nan,0,nan,nan
bi2.5,2.5,10.0,3,3,inside the Turing band,nucl,1,a,14,7,0.0,0.03571428571428571,1,7,7,20.0,0.5714285714285714,1.4513384178491897,5.580163318705587,7,1.4513384178491897,5.580163318705587
bi2.5,2.5,10.0,3,3,inside the Turing band,nucl,1,i,1,1,0.0,0.0,0,0,0,nan,nan,0.08964503610500993,0.08964503610500993,1,0.08964503610500993,0.08964503610500993
bi2.5,2.5,10.0,3,3,inside the Turing band,nucl,2,a,12,4,0.0,0.05357142857142857,0,8,8,20.0,0.625,1.6645627986098293,2.3684258521732127,4,1.6645627986098293,2.3684258521732127
bi2.5,2.5,10.0,3,3,inside the Turing band,nucl,2,i,1,1,0.0,0.0,0,0,0,nan,nan,0.06576653907102843,0.06576653907102843,1,0.06576653907102843,0.06576653907102843
bi2.5,2.5,10.0,3,3,inside the Turing band,nucl,3,a,12,5,0.0,0.03571428571428571,2,7,7,20.0,0.7142857142857143,0.6793427816357097,2.1776087215244604,5,0.6793427816357097,2.1776087215244604
bi2.5,2.5,10.0,3,3,inside the Turing band,nucl,3,i,1,1,0.0,0.0,0,0,0,nan,nan,0.0,0.0,1,0.0,0.0
bi2.5,2.5,10.0,3,3,inside the Turing band,random,1,a,2,1,0.0,0.017857142857142856,1,1,1,90.0,0.0,0.41877946268939,0.41877946268939,1,0.41877946268939,0.41877946268939
bi2.5,2.5,10.0,3,3,inside the Turing band,random,1,i,1,1,0.0,0.0,0,0,0,nan,nan,0.0,0.0,1,0.0,0.0
bi2.5,2.5,10.0,3,3,inside the Turing band,random,2,a,2,2,0.017857142857142856,0.0,1,0,0,nan,nan,0.28085176658098804,0.3496386889083275,2,0.28085176658098804,0.3496386889083275
bi2.5,2.5,10.0,3,3,inside the Turing band,random,2,i,1,1,0.0,0.0,0,0,0,nan,nan,0.0,0.0,1,0.0,0.0
bi2.5,2.5,10.0,3,3,inside the Turing band,random,3,a,3,1,0.0,0.017857142857142856,0,2,2,265.0,0.5,0.17999913279141314,0.17999913279141314,1,0.17999913279141314,0.17999913279141314
bi2.5,2.5,10.0,3,3,inside the Turing band,random,3,i,1,1,0.0,0.0,0,0,0,nan,nan,0.0,0.0,1,0.0,0.0
bi2.5,2.5,10.0,3,3,inside the Turing band,seed1,0,a,14,3,0.23214285714285715,0.19642857142857142,13,11,11,20.0,0.9090909090909091,4.263256414560601e-13,2.8153545594731293,1,2.842170943040401e-14,2.842170943040401e-14
bi2.5,2.5,10.0,3,3,inside the Turing band,seed1,0,i,1,1,0.0,0.0,0,0,0,nan,nan,2.5980762113544813,2.5980762113544813,1,2.5980762113544813,2.5980762113544813
bi2.5,2.5,10.0,3,3,inside the Turing band,seed36,1,a,29,29,0.0,0.0,0,0,0,nan,nan,6.148897738801133,13.652625864561202,29,6.148897738801133,13.652625864561202
bi2.5,2.5,10.0,3,3,inside the Turing band,seed36,1,i,24,1,0.017857142857142856,0.07142857142857142,7,23,23,20.0,0.7391304347826086,8.753829289505903,8.753829289505903,1,8.753829289505903,8.753829289505903
bi2.5,2.5,10.0,3,3,inside the Turing band,seed36,2,a,28,28,0.0,0.0,0,0,0,nan,nan,6.696844598100763,16.44535771357496,28,6.696844598100763,16.44535771357496
bi2.5,2.5,10.0,3,3,inside the Turing band,seed36,2,i,27,1,0.03571428571428571,0.08928571428571429,9,26,26,20.0,0.7692307692307693,3.752677795731304,3.752677795731304,1,3.752677795731304,3.752677795731304
bi2.5,2.5,10.0,3,3,inside the Turing band,seed36,3,a,31,29,0.017857142857142856,0.03571428571428571,1,2,2,150.0,0.0,4.542211717575831,19.598805237081667,28,4.5879291338862025,19.598805237081667
bi2.5,2.5,10.0,3,3,inside the Turing band,seed36,3,i,28,1,0.017857142857142856,0.03571428571428571,5,27,27,20.0,0.8148148148148148,5.700222552175821,5.700222552175821,1,5.700222552175821,5.700222552175821
bi2.5,2.5,10.0,3,3,inside the Turing band,smallpert,1,a,2,2,0.0,0.0,1,0,0,nan,nan,0.3668751747763138,0.3729227788102667,2,0.3668751747763138,0.3729227788102667
bi2.5,2.5,10.0,3,3,inside the Turing band,smallpert,1,i,1,1,0.0,0.0,0,0,0,nan,nan,0.0,0.0,1,0.0,0.0
bi2.5,2.5,10.0,3,3,inside the Turing band,smallpert,2,a,2,2,0.0,0.0,1,0,0,nan,nan,0.2958053694920821,0.4230799148422066,2,0.2958053694920821,0.4230799148422066
bi2.5,2.5,10.0,3,3,inside the Turing band,smallpert,2,i,1,1,0.0,0.0,0,0,0,nan,nan,0.0,0.0,1,0.0,0.0
bi2.5,2.5,10.0,3,3,inside the Turing band,smallpert,3,a,1,1,0.0,0.0,0,0,0,nan,nan,0.07546661275054176,0.07546661275054176,1,0.07546661275054176,0.07546661275054176
bi2.5,2.5,10.0,3,3,inside the Turing band,smallpert,3,i,1,1,0.0,0.0,0,0,0,nan,nan,0.0,0.0,1,0.0,0.0
bi20,20.0,10.0,3,3,"arrests, small domains",nucl,1,a,12,0,0.05357142857142857,0.05357142857142857,3,12,12,10.0,1.0,nan,nan,0,nan,nan
bi20,20.0,10.0,3,3,"arrests, small domains",nucl,1,i,1463,36,23.285714285714285,23.464285714285715,1357,1427,1427,10.0,0.866853538892782,0.0,2.509357487485583,0,nan,nan
bi20,20.0,10.0,3,3,"arrests, small domains",nucl,2,a,14,0,0.05357142857142857,0.07142857142857142,4,14,14,10.0,1.0,nan,nan,0,nan,nan
bi20,20.0,10.0,3,3,"arrests, small domains",nucl,2,i,1437,32,22.517857142857142,22.625,1320,1405,1405,10.0,0.8619217081850534,0.0,1.96208290331793,0,nan,nan
bi20,20.0,10.0,3,3,"arrests, small domains",nucl,3,a,14,0,0.07142857142857142,0.07142857142857142,5,14,14,10.0,1.0,nan,nan,0,nan,nan
bi20,20.0,10.0,3,3,"arrests, small domains",nucl,3,i,1416,32,22.410714285714285,22.446428571428573,1311,1384,1384,10.0,0.8764450867052023,0.0,0.9578622030333923,0,nan,nan
bi20,20.0,10.0,3,3,"arrests, small domains",random,1,a,0,0,0.0,0.0,0,0,0,nan,nan,nan,nan,0,nan,nan
bi20,20.0,10.0,3,3,"arrests, small domains",random,1,i,0,0,0.0,0.0,0,0,0,nan,nan,nan,nan,0,nan,nan
bi20,20.0,10.0,3,3,"arrests, small domains",random,2,a,0,0,0.0,0.0,0,0,0,nan,nan,nan,nan,0,nan,nan
bi20,20.0,10.0,3,3,"arrests, small domains",random,2,i,0,0,0.0,0.0,0,0,0,nan,nan,nan,nan,0,nan,nan
bi20,20.0,10.0,3,3,"arrests, small domains",random,3,a,0,0,0.0,0.0,0,0,0,nan,nan,nan,nan,0,nan,nan
bi20,20.0,10.0,3,3,"arrests, small domains",random,3,i,0,0,0.0,0.0,0,0,0,nan,nan,nan,nan,0,nan,nan
bi20,20.0,10.0,3,3,"arrests, small domains",seed1,0,a,1,1,0.0,0.0,0,0,0,nan,nan,0.0,0.0,1,0.0,0.0
bi20,20.0,10.0,3,3,"arrests, small domains",seed1,0,i,1,1,0.0,0.0,0,0,0,nan,nan,0.0,0.0,1,0.0,0.0
bi20,20.0,10.0,3,3,"arrests, small domains",seed36,1,a,47,36,0.17857142857142858,0.08928571428571429,15,11,11,10.0,0.9090909090909091,2.703278998142369,5.484827557301457,32,2.645751311064582,5.484827557301457
bi20,20.0,10.0,3,3,"arrests, small domains",seed36,1,i,38,36,0.0,0.0,4,2,2,20.0,1.0,2.709691080862402,7.18924169819083,36,2.709691080862402,7.18924169819083
bi20,20.0,10.0,3,3,"arrests, small domains",seed36,2,a,47,35,0.16071428571428573,0.07142857142857142,16,12,12,10.0,0.8333333333333334,3.605551275463971,5.686240703077339,32,3.70979392553103,5.686240703077339
bi20,20.0,10.0,3,3,"arrests, small domains",seed36,2,i,36,35,0.0,0.0,2,1,1,20.0,1.0,3.884632364690284,7.983360618794479,35,3.884632364690284,7.983360618794479
bi20,20.0,10.0,3,3,"arrests, small domains",seed36,3,a,37,33,0.0,0.0,4,4,4,10.0,1.0,1.6345871038277469,5.033222956847166,33,1.6345871038277469,5.033222956847166
bi20,20.0,10.0,3,3,"arrests, small domains",seed36,3,i,34,33,0.0,0.0,0,1,1,10.0,1.0,1.5494235819766184,5.8732935839623295,33,1.5494235819766184,5.8732935839623295
bi20,20.0,10.0,3,3,"arrests, small domains",smallpert,1,a,0,0,0.0,0.0,0,0,0,nan,nan,nan,nan,0,nan,nan
bi20,20.0,10.0,3,3,"arrests, small domains",smallpert,1,i,0,0,0.0,0.0,0,0,0,nan,nan,nan,nan,0,nan,nan
bi20,20.0,10.0,3,3,"arrests, small domains",smallpert,2,a,0,0,0.0,0.0,0,0,0,nan,nan,nan,nan,0,nan,nan
bi20,20.0,10.0,3,3,"arrests, small domains",smallpert,2,i,0,0,0.0,0.0,0,0,0,nan,nan,nan,nan,0,nan,nan
bi20,20.0,10.0,3,3,"arrests, small domains",smallpert,3,a,0,0,0.0,0.0,0,0,0,nan,nan,nan,nan,0,nan,nan
bi20,20.0,10.0,3,3,"arrests, small domains",smallpert,3,i,0,0,0.0,0.0,0,0,0,nan,nan,nan,nan,0,nan,nan
bi3.2,3.2,10.0,3,3,"Turing band, near its edge",nucl,1,a,156,116,0.21428571428571427,0.14285714285714285,53,40,40,20.0,0.775,2.0291646063281155,6.372903094779893,114,2.0291646063281155,6.372903094779893
bi3.2,3.2,10.0,3,3,"Turing band, near its edge",nucl,1,i,51,1,0.0,0.0,2,50,50,20.0,1.0,1.2882605724079494,1.2882605724079494,1,1.2882605724079494,1.2882605724079494
bi3.2,3.2,10.0,3,3,"Turing band, near its edge",nucl,2,a,159,118,0.10714285714285714,0.07142857142857142,44,41,41,20.0,0.8780487804878049,2.2703087838884697,6.581140232583155,116,2.285855907654352,6.581140232583155
bi3.2,3.2,10.0,3,3,"Turing band, near its edge",nucl,2,i,55,1,0.0,0.0,3,54,54,20.0,1.0,1.9446069954976775,1.9446069954976775,1,1.9446069954976775,1.9446069954976775
bi3.2,3.2,10.0,3,3,"Turing band, near its edge",nucl,3,a,159,124,0.125,0.05357142857142857,55,35,35,20.0,0.8857142857142857,2.397492151694554,8.6615678111454,119,2.431239285325242,8.6615678111454
bi3.2,3.2,10.0,3,3,"Turing band, near its edge",nucl,3,i,47,1,0.0,0.0,3,46,46,20.0,1.0,0.2805422888293994,0.2805422888293994,1,0.2805422888293994,0.2805422888293994
bi3.2,3.2,10.0,3,3,"Turing band, near its edge",random,1,a,100,82,0.125,0.017857142857142856,63,18,18,10.0,0.8888888888888888,1.2752174063765471,3.926202249319817,77,1.3746289476351587,3.926202249319817
bi3.2,3.2,10.0,3,3,"Turing band, near its edge",random,1,i,1,1,0.0,0.0,0,0,0,nan,nan,0.0,0.0,1,0.0,0.0
bi3.2,3.2,10.0,3,3,"Turing band, near its edge",random,2,a,111,88,0.26785714285714285,0.16071428571428573,74,23,23,10.0,0.6956521739130435,1.5558779659039463,5.249437008605596,80,1.7519019648265561,5.249437008605596
bi3.2,3.2,10.0,3,3,"Turing band, near its edge",random,2,i,1,1,0.0,0.0,0,0,0,nan,nan,0.0,0.0,1,0.0,0.0
bi3.2,3.2,10.0,3,3,"Turing band, near its edge",random,3,a,107,84,0.17857142857142858,0.08928571428571429,61,23,23,10.0,0.8260869565217391,1.2226064075348497,4.238687229320877,75,1.200292971239487,4.238687229320877
bi3.2,3.2,10.0,3,3,"Turing band, near its edge",random,3,i,1,1,0.0,0.0,0,0,0,nan,nan,0.0,0.0,1,0.0,0.0
bi3.2,3.2,10.0,3,3,"Turing band, near its edge",seed1,0,a,13,12,0.21428571428571427,0.017857142857142856,12,1,1,310.0,0.0,9.744886797974981,25.09265629965366,0,nan,nan
bi3.2,3.2,10.0,3,3,"Turing band, near its edge",seed1,0,i,1,1,0.0,0.0,0,0,0,nan,nan,2.59807621135446,2.59807621135446,1,2.59807621135446,2.59807621135446
bi3.2,3.2,10.0,3,3,"Turing band, near its edge",seed36,1,a,37,35,0.03571428571428571,0.017857142857142856,4,2,2,80.0,0.0,6.433626267739553,16.27161232747879,33,6.7180788008796535,16.27161232747879
bi3.2,3.2,10.0,3,3,"Turing band, near its edge",seed36,1,i,28,1,0.08928571428571429,0.23214285714285715,9,27,27,20.0,0.6296296296296297,8.745613978156562,8.745613978156562,0,nan,nan
bi3.2,3.2,10.0,3,3,"Turing band, near its edge",seed36,2,a,37,35,0.05357142857142857,0.017857142857142856,5,2,2,85.0,0.5,6.675269639683879,16.65106228851859,32,6.715441113043093,16.65106228851859
bi3.2,3.2,10.0,3,3,"Turing band, near its edge",seed36,2,i,29,1,0.10714285714285714,0.26785714285714285,10,28,28,20.0,0.6071428571428571,3.66966739925375,3.66966739925375,0,nan,nan
bi3.2,3.2,10.0,3,3,"Turing band, near its edge",seed36,3,a,37,34,0.0,0.0,5,3,3,20.0,0.6666666666666666,4.831565903747833,18.338009866373476,34,4.831565903747833,18.338009866373476
bi3.2,3.2,10.0,3,3,"Turing band, near its edge",seed36,3,i,37,1,0.05357142857142857,0.16071428571428573,11,36,36,20.0,0.6944444444444444,5.541390207135653,5.541390207135653,0,nan,nan
bi3.2,3.2,10.0,3,3,"Turing band, near its edge",smallpert,1,a,142,109,0.07142857142857142,0.03571428571428571,66,33,33,10.0,0.8787878787878788,1.6514002724722365,5.856715677265956,106,1.6540278171288527,5.856715677265956
bi3.2,3.2,10.0,3,3,"Turing band, near its edge",smallpert,1,i,1,1,0.0,0.0,0,0,0,nan,nan,0.0,0.0,1,0.0,0.0
bi3.2,3.2,10.0,3,3,"Turing band, near its edge",smallpert,2,a,173,131,0.19642857142857142,0.125,104,42,42,10.0,0.8333333333333334,1.294080734595143,4.982748280546466,126,1.3502813240336315,4.982748280546466
bi3.2,3.2,10.0,3,3,"Turing band, near its edge",smallpert,2,i,1,1,0.0,0.0,0,0,0,nan,nan,0.0,0.0,1,0.0,0.0
bi3.2,3.2,10.0,3,3,"Turing band, near its edge",smallpert,3,a,148,118,0.125,0.10714285714285714,72,30,30,10.0,0.7666666666666667,1.3671502550052181,4.390725404984307,117,1.3765640916501396,4.390725404984307
bi3.2,3.2,10.0,3,3,"Turing band, near its edge",smallpert,3,i,1,1,0.0,0.0,0,0,0,nan,nan,0.0,0.0,1,0.0,0.0
bi5,5.0,10.0,3,3,replicating; Fig 1C regular spots,nucl,1,a,320,276,0.7142857142857143,0.39285714285714285,68,44,44,25.0,0.5,2.4044811925005054,6.733068607659222,243,2.6430926231867704,6.733068607659222
bi5,5.0,10.0,3,3,replicating; Fig 1C regular spots,nucl,1,i,4,1,0.0,0.0,0,3,3,20.0,1.0,1.4635244290903275,1.4635244290903275,1,1.4635244290903275,1.4635244290903275
bi5,5.0,10.0,3,3,replicating; Fig 1C regular spots,nucl,2,a,318,274,0.8035714285714286,0.42857142857142855,70,44,44,40.0,0.4090909090909091,2.437064313274913,9.821926116059082,235,2.494328373234249,9.821926116059082
bi5,5.0,10.0,3,3,replicating; Fig 1C regular spots,nucl,2,i,4,1,0.0,0.0,0,3,3,20.0,1.0,2.453928118193205,2.453928118193205,1,2.453928118193205,2.453928118193205
bi5,5.0,10.0,3,3,replicating; Fig 1C regular spots,nucl,3,a,320,278,0.7678571428571429,0.42857142857142855,75,42,42,50.0,0.2857142857142857,2.3498230658033705,8.012103474327658,242,2.4372973121456907,8.012103474327658
bi5,5.0,10.0,3,3,replicating; Fig 1C regular spots,nucl,3,i,3,1,0.0,0.0,0,2,2,20.0,1.0,0.5736246140945691,0.5736246140945691,1,0.5736246140945691,0.5736246140945691
bi5,5.0,10.0,3,3,replicating; Fig 1C regular spots,random,1,a,350,322,0.10714285714285714,0.10714285714285714,24,28,28,20.0,0.6071428571428571,2.168310309210607,7.529817399911692,316,2.1668930463511664,7.529817399911692
bi5,5.0,10.0,3,3,replicating; Fig 1C regular spots,random,1,i,1,1,0.0,0.0,0,0,0,nan,nan,0.27722058444726666,0.27722058444726666,1,0.27722058444726666,0.27722058444726666
bi5,5.0,10.0,3,3,replicating; Fig 1C regular spots,random,2,a,359,335,0.05357142857142857,0.05357142857142857,13,24,24,10.0,0.75,2.1794494717703286,5.529692577350028,333,2.1794494717703286,5.529692577350028
bi5,5.0,10.0,3,3,replicating; Fig 1C regular spots,random,2,i,1,1,0.0,0.0,0,0,0,nan,nan,0.13073721889084175,0.13073721889084175,1,0.13073721889084175,0.13073721889084175
bi5,5.0,10.0,3,3,replicating; Fig 1C regular spots,random,3,a,365,334,0.10714285714285714,0.14285714285714285,30,31,31,20.0,0.6774193548387096,2.1963534866901497,6.38936721430131,328,2.2134750004617088,6.38936721430131
bi5,5.0,10.0,3,3,replicating; Fig 1C regular spots,random,3,i,1,1,0.0,0.0,0,0,0,nan,nan,0.07087030974729507,0.07087030974729507,1,0.07087030974729507,0.07087030974729507
bi5,5.0,10.0,3,3,replicating; Fig 1C regular spots,seed1,0,a,193,114,3.4285714285714284,1.4107142857142858,192,79,79,50.0,0.1518987341772152,0.529034144607804,6.908069849647479,0,nan,nan
bi5,5.0,10.0,3,3,replicating; Fig 1C regular spots,seed1,0,i,1,1,0.0,0.0,0,0,0,nan,nan,0.015277752414377233,0.015277752414377233,1,0.015277752414377233,0.015277752414377233
bi5,5.0,10.0,3,3,replicating; Fig 1C regular spots,seed36,1,a,310,182,4.785714285714286,2.2142857142857144,276,128,128,70.0,0.1328125,1.5303707560673125,7.4069361449516915,8,2.094058519516665,7.4069361449516915
bi5,5.0,10.0,3,3,replicating; Fig 1C regular spots,seed36,1,i,52,1,0.32142857142857145,0.7142857142857143,26,51,51,20.0,0.5294117647058824,7.310103839708707,7.310103839708707,0,nan,nan
bi5,5.0,10.0,3,3,replicating; Fig 1C regular spots,seed36,2,a,329,191,5.196428571428571,2.4285714285714284,295,138,138,90.0,0.13043478260869565,1.419710781710038,6.74985845751321,3,2.8552591705424137,2.8613811767507418
bi5,5.0,10.0,3,3,replicating; Fig 1C regular spots,seed36,2,i,46,1,0.32142857142857145,0.6964285714285714,21,45,45,40.0,0.37777777777777777,2.710956529815436,2.710956529815436,0,nan,nan
bi5,5.0,10.0,3,3,replicating; Fig 1C regular spots,seed36,3,a,287,173,4.446428571428571,2.0,253,114,114,80.0,0.11403508771929824,1.5511219946683743,5.771872735962226,7,2.0857060255802624,5.771872735962226
bi5,5.0,10.0,3,3,replicating; Fig 1C regular spots,seed36,3,i,47,1,0.32142857142857145,0.8214285714285714,18,46,46,50.0,0.2826086956521739,4.633363737327059,4.633363737327059,0,nan,nan
bi5,5.0,10.0,3,3,replicating; Fig 1C regular spots,smallpert,1,a,0,0,0.0,0.0,0,0,0,nan,nan,nan,nan,0,nan,nan
bi5,5.0,10.0,3,3,replicating; Fig 1C regular spots,smallpert,1,i,0,0,0.0,0.0,0,0,0,nan,nan,nan,nan,0,nan,nan
bi5,5.0,10.0,3,3,replicating; Fig 1C regular spots,smallpert,2,a,0,0,0.0,0.0,0,0,0,nan,nan,nan,nan,0,nan,nan
bi5,5.0,10.0,3,3,replicating; Fig 1C regular spots,smallpert,2,i,0,0,0.0,0.0,0,0,0,nan,nan,nan,nan,0,nan,nan
bi5,5.0,10.0,3,3,replicating; Fig 1C regular spots,smallpert,3,a,0,0,0.0,0.0,0,0,0,nan,nan,nan,nan,0,nan,nan
bi5,5.0,10.0,3,3,replicating; Fig 1C regular spots,smallpert,3,i,0,0,0.0,0.0,0,0,0,nan,nan,nan,nan,0,nan,nan
bi9,9.0,10.0,3,3,divides late,nucl,1,a,326,259,0.7857142857142857,0.7678571428571429,63,67,67,30.0,0.4925373134328358,2.5245727591442404,8.246290201256153,247,2.5855323973560824,8.246290201256153
bi9,9.0,10.0,3,3,divides late,nucl,1,i,130,5,0.9642857142857143,1.125,83,125,125,20.0,0.824,0.2689246951995292,0.4368175193246516,1,0.21244324336939754,0.21244324336939754
bi9,9.0,10.0,3,3,divides late,nucl,2,a,326,256,0.8928571428571429,0.9285714285714286,72,70,70,30.0,0.4142857142857143,2.7386127698151155,7.763911405502958,248,2.771239670731795,7.763911405502958
bi9,9.0,10.0,3,3,divides late,nucl,2,i,190,4,2.3392857142857144,2.5535714285714284,154,186,186,20.0,0.7903225806451613,0.09449961144500656,0.828051136116846,0,nan,nan
bi9,9.0,10.0,3,3,divides late,nucl,3,a,298,256,0.4642857142857143,0.44642857142857145,54,42,42,20.0,0.5238095238095238,2.74246457188654,9.407626127524477,248,2.7614394752384364,9.407626127524477
bi9,9.0,10.0,3,3,divides late,nucl,3,i,185,1,1.5535714285714286,1.9821428571428572,130,184,184,20.0,0.7554347826086957,0.17610522054429567,0.17610522054429567,0,nan,nan
bi9,9.0,10.0,3,3,divides late,random,1,a,288,265,0.10714285714285714,0.16071428571428573,10,23,23,20.0,0.5652173913043478,2.53793398030923,8.08115582553905,264,2.5620815746828733,8.08115582553905
bi9,9.0,10.0,3,3,divides late,random,1,i,46,2,0.16071428571428573,0.32142857142857145,22,44,44,20.0,0.5909090909090909,1.4342580189364895,1.496024341559959,2,1.4342580189364895,1.496024341559959
bi9,9.0,10.0,3,3,divides late,random,2,a,288,272,0.10714285714285714,0.14285714285714285,7,16,16,25.0,0.5,2.4379783641592896,8.023913934557035,269,2.4489599515489586,8.023913934557035
bi9,9.0,10.0,3,3,divides late,random,2,i,37,2,0.125,0.19642857142857142,12,35,35,20.0,0.6857142857142857,0.8660428154162529,1.1841513239185373,1,1.1841513239185373,1.1841513239185373
bi9,9.0,10.0,3,3,divides late,random,3,a,289,272,0.07142857142857142,0.14285714285714285,6,17,17,30.0,0.4117647058823529,2.4414384550234978,7.994929729777694,272,2.4414384550234978,7.994929729777694
bi9,9.0,10.0,3,3,divides late,random,3,i,34,1,0.07142857142857142,0.2857142857142857,13,33,33,20.0,0.6060606060606061,1.2962939397703568,1.2962939397703568,1,1.2962939397703568,1.2962939397703568
bi9,9.0,10.0,3,3,divides late,seed1,0,a,7,4,0.10714285714285714,0.05357142857142857,6,3,3,70.0,0.0,2.417919862920539,2.419697971153615,0,nan,nan
bi9,9.0,10.0,3,3,divides late,seed1,0,i,7,4,0.10714285714285714,0.05357142857142857,6,3,3,70.0,0.0,0.0,0.0,0,nan,nan
bi9,9.0,10.0,3,3,divides late,seed36,1,a,223,135,3.3392857142857144,1.5714285714285714,187,88,88,110.0,0.0,3.929058411375426,12.8371713687245,7,3.4189473058636293,4.902002516634864
bi9,9.0,10.0,3,3,divides late,seed36,1,i,236,132,3.5892857142857144,1.8392857142857142,203,104,104,130.0,0.028846153846153848,2.179421903967286,9.670214605873685,4,3.3169013164206476,3.9758918338223967
bi9,9.0,10.0,3,3,divides late,seed36,2,a,226,138,3.375,1.5535714285714286,191,88,88,120.0,0.0,4.228504247520619,15.047711273846605,6,4.482060238711023,9.065169478175154
bi9,9.0,10.0,3,3,divides late,seed36,2,i,244,133,3.732142857142857,1.9464285714285714,213,111,111,130.0,0.04504504504504504,2.4165786203170443,9.017184625378448,1,2.863226214722566,2.863226214722566
bi9,9.0,10.0,3,3,divides late,seed36,3,a,227,135,3.4464285714285716,1.6428571428571428,193,92,92,100.0,0.0,4.608071842023442,16.34906632044084,2,7.258289657146346,7.715062498069121
bi9,9.0,10.0,3,3,divides late,seed36,3,i,251,133,3.8392857142857144,2.0535714285714284,221,118,118,120.0,0.07627118644067797,2.1609351717084078,8.816544913674942,0,nan,nan
bi9,9.0,10.0,3,3,divides late,smallpert,1,a,0,0,0.0,0.0,0,0,0,nan,nan,nan,nan,0,nan,nan
bi9,9.0,10.0,3,3,divides late,smallpert,1,i,0,0,0.0,0.0,0,0,0,nan,nan,nan,nan,0,nan,nan
bi9,9.0,10.0,3,3,divides late,smallpert,2,a,0,0,0.0,0.0,0,0,0,nan,nan,nan,nan,0,nan,nan
bi9,9.0,10.0,3,3,divides late,smallpert,2,i,0,0,0.0,0.0,0,0,0,nan,nan,nan,nan,0,nan,nan
bi9,9.0,10.0,3,3,divides late,smallpert,3,a,0,0,0.0,0.0,0,0,0,nan,nan,nan,nan,0,nan,nan
bi9,9.0,10.0,3,3,divides late,smallpert,3,i,0,0,0.0,0.0,0,0,0,nan,nan,nan,nan,0,nan,nan
