bi,t,area,ncomp,fill_fraction,touches_edge,a_max
6,25.0,102,1,0.843,False,3.617
6,50.0,156,1,0.647,False,3.663
6,75.0,204,1,0.556,False,3.68
6,100.0,246,1,0.493,False,3.69
6,125.0,276,1,0.433,False,3.704
6,150.0,318,1,0.414,False,3.72
6,175.0,342,1,0.367,False,3.711
6,200.0,336,1,0.314,False,3.723
6,225.0,366,1,0.291,False,3.741
6,250.0,408,1,0.28,False,3.741
6,275.0,468,1,0.279,False,3.813
6,300.0,504,1,0.25,False,3.884
6,325.0,498,12,0.188,False,3.944
6,350.0,636,12,0.207,False,3.899
6,375.0,750,12,0.214,False,4.031
6,400.0,870,18,0.211,False,3.906
6,425.0,1092,18,0.22,False,3.954
6,450.0,1164,30,0.191,False,4.141
6,475.0,1398,30,0.207,False,4.075
6,500.0,1578,30,0.216,False,4.045
6,525.0,1710,42,0.201,False,4.04
6,550.0,1850,42,0.185,False,4.094
6,575.0,2118,72,0.181,False,4.211
6,600.0,2398,72,0.182,False,4.164
7,25.0,84,1,0.988,False,3.286
7,50.0,114,1,0.755,False,3.376
7,75.0,132,1,0.592,False,3.393
7,100.0,162,1,0.518,False,3.448
7,125.0,186,1,0.455,False,3.494
7,150.0,222,1,0.416,False,3.666
7,175.0,198,6,0.275,False,3.906
7,200.0,252,6,0.264,False,3.813
7,225.0,246,6,0.219,False,3.767
7,250.0,294,6,0.24,False,3.898
7,275.0,324,12,0.208,False,3.995
7,300.0,360,12,0.183,False,3.955
7,325.0,456,12,0.182,False,3.988
7,350.0,528,24,0.163,False,4.088
7,375.0,696,24,0.174,False,4.127
7,400.0,768,24,0.164,False,4.102
7,425.0,840,24,0.156,False,4.062
7,450.0,972,36,0.151,False,4.074
7,475.0,1088,36,0.153,False,4.059
7,500.0,1176,36,0.158,False,4.086
7,525.0,1328,48,0.162,False,4.099
7,550.0,1412,48,0.157,False,4.103
7,575.0,1512,48,0.151,False,4.102
7,600.0,1692,68,0.148,False,4.108
8,25.0,55,1,1.0,False,3.233
8,50.0,61,1,1.0,False,3.158
8,75.0,61,1,1.0,False,3.142
8,100.0,61,1,1.0,False,3.127
8,125.0,61,1,1.0,False,3.103
8,150.0,66,1,0.904,False,3.116
8,175.0,84,1,0.694,False,3.09
8,200.0,90,1,0.552,False,3.063
8,225.0,120,1,0.498,False,3.22
8,250.0,92,6,0.251,False,4.028
8,275.0,134,6,0.219,False,3.979
8,300.0,186,6,0.2,False,3.862
8,325.0,194,6,0.167,False,3.782
8,350.0,242,6,0.158,False,3.857
8,375.0,264,12,0.127,False,4.042
8,400.0,314,12,0.128,False,4.029
8,425.0,356,12,0.138,False,4.004
8,450.0,434,18,0.148,False,4.004
8,475.0,478,18,0.141,False,3.991
8,500.0,530,18,0.138,False,3.949
8,525.0,602,18,0.134,False,3.924
8,550.0,642,30,0.123,False,4.07
8,575.0,730,30,0.122,False,4.016
8,600.0,798,30,0.127,False,3.99
9,25.0,37,1,1.0,False,3.329
9,50.0,37,1,1.0,False,3.323
9,75.0,37,1,1.0,False,3.323
9,100.0,37,1,1.0,False,3.323
9,125.0,37,1,1.0,False,3.323
9,150.0,37,1,1.0,False,3.323
9,175.0,37,1,1.0,False,3.323
9,200.0,37,1,1.0,False,3.323
9,225.0,37,1,1.0,False,3.323
9,250.0,37,1,1.0,False,3.323
9,275.0,37,1,1.0,False,3.327
9,300.0,37,1,1.0,False,3.343
9,325.0,39,1,0.661,False,3.521
9,350.0,38,2,0.304,False,3.902
9,375.0,62,2,0.249,False,3.681
9,400.0,68,2,0.22,False,3.634
9,425.0,76,4,0.192,False,3.97
9,450.0,104,4,0.171,False,3.778
9,475.0,124,4,0.173,False,3.678
9,500.0,120,4,0.135,False,3.673
9,525.0,132,4,0.123,False,3.753
9,550.0,164,8,0.122,False,3.971
9,575.0,184,8,0.108,False,3.892
9,600.0,200,8,0.107,False,3.839
10,25.0,31,1,1.0,False,3.443
10,50.0,31,1,1.0,False,3.444
10,75.0,31,1,1.0,False,3.444
10,100.0,31,1,1.0,False,3.444
10,125.0,31,1,1.0,False,3.444
10,150.0,31,1,1.0,False,3.444
10,175.0,31,1,1.0,False,3.444
10,200.0,31,1,1.0,False,3.444
10,225.0,31,1,1.0,False,3.444
10,250.0,31,1,1.0,False,3.444
10,275.0,31,1,1.0,False,3.444
10,300.0,31,1,1.0,False,3.444
10,325.0,31,1,1.0,False,3.444
10,350.0,31,1,1.0,False,3.444
10,375.0,31,1,1.0,False,3.444
10,400.0,31,1,1.0,False,3.445
10,425.0,31,1,1.0,False,3.448
10,450.0,33,1,0.892,False,3.455
10,475.0,33,1,0.892,False,3.469
10,500.0,33,1,0.623,False,3.537
10,525.0,35,1,0.393,False,3.792
10,550.0,48,2,0.232,False,3.741
10,575.0,56,2,0.215,False,3.647
10,600.0,56,2,0.181,False,3.556
11,25.0,31,1,1.0,False,3.541
11,50.0,31,1,1.0,False,3.542
11,75.0,31,1,1.0,False,3.542
11,100.0,31,1,1.0,False,3.542
11,125.0,31,1,1.0,False,3.542
11,150.0,31,1,1.0,False,3.542
11,175.0,31,1,1.0,False,3.542
11,200.0,31,1,1.0,False,3.542
11,225.0,31,1,1.0,False,3.542
11,250.0,31,1,1.0,False,3.542
11,275.0,31,1,1.0,False,3.542
11,300.0,31,1,1.0,False,3.542
11,325.0,31,1,1.0,False,3.542
11,350.0,31,1,1.0,False,3.542
11,375.0,31,1,1.0,False,3.542
11,400.0,31,1,1.0,False,3.542
11,425.0,31,1,1.0,False,3.542
11,450.0,31,1,1.0,False,3.542
11,475.0,31,1,1.0,False,3.542
11,500.0,31,1,1.0,False,3.542
11,525.0,31,1,1.0,False,3.542
11,550.0,31,1,1.0,False,3.542
11,575.0,31,1,1.0,False,3.542
11,600.0,31,1,1.0,False,3.542
