set,b_i,anchor,condition,replicate,channel,n_tracks,n_alive_end,births_per_10_t50plus,deaths_per_10_t50plus,births_total,deaths_total,n_completed,median_lifetime_completed,frac_completed_le20,median_drift_alive,max_drift_alive,n_alive_since_t60,median_drift_alive_since_t60,max_drift_alive_since_t60
bi13.5,13.5,below the Turing sliver,nucl,1,a,271,123,0.08928571428571429,0.8392857142857143,21,148,148,20.0,0.581081081081081,2.576111761741826,8.055229918006447,121,2.5778976820673214,8.055229918006447
bi13.5,13.5,below the Turing sliver,nucl,1,i,1,1,0.0,0.0,0,0,0,nan,nan,0.21797743547258494,0.21797743547258494,1,0.21797743547258494,0.21797743547258494
bi13.5,13.5,below the Turing sliver,nucl,2,a,266,128,0.125,0.8392857142857143,13,138,138,20.0,0.5652173913043478,2.6535834602065447,7.780755035640232,122,2.6944166076327054,7.780755035640232
bi13.5,13.5,below the Turing sliver,nucl,2,i,1,1,0.0,0.0,0,0,0,nan,nan,0.7387080404251503,0.7387080404251503,1,0.7387080404251503,0.7387080404251503
bi13.5,13.5,below the Turing sliver,nucl,3,a,247,136,0.05357142857142857,0.8392857142857143,9,111,111,30.0,0.4774774774774775,2.667383336462839,7.140888700973283,133,2.6694723918528647,7.140888700973283
bi13.5,13.5,below the Turing sliver,nucl,3,i,1,1,0.0,0.0,0,0,0,nan,nan,0.2074403382577251,0.2074403382577251,1,0.2074403382577251,0.2074403382577251
bi13.5,13.5,below the Turing sliver,random,1,a,25,17,0.0,0.05357142857142857,10,8,8,20.0,0.625,1.6316277935833907,4.33016935143448,17,1.6316277935833907,4.33016935143448
bi13.5,13.5,below the Turing sliver,random,1,i,2,1,0.017857142857142856,0.017857142857142856,1,1,1,30.0,0.0,0.8791386281942614,0.8791386281942614,1,0.8791386281942614,0.8791386281942614
bi13.5,13.5,below the Turing sliver,random,2,a,33,26,0.0,0.05357142857142857,13,7,7,30.0,0.42857142857142855,1.467027426833281,3.751212151473182,26,1.467027426833281,3.751212151473182
bi13.5,13.5,below the Turing sliver,random,2,i,1,1,0.0,0.0,0,0,0,nan,nan,0.734298287198142,0.734298287198142,1,0.734298287198142,0.734298287198142
bi13.5,13.5,below the Turing sliver,random,3,a,35,23,0.0,0.017857142857142856,10,12,12,10.0,0.8333333333333334,1.1124565643967186,5.052216387562881,23,1.1124565643967186,5.052216387562881
bi13.5,13.5,below the Turing sliver,random,3,i,1,1,0.0,0.0,0,0,0,nan,nan,1.09410497096174,1.09410497096174,1,1.09410497096174,1.09410497096174
bi13.5,13.5,below the Turing sliver,seed144,1,a,99,95,0.0,0.07142857142857142,0,4,4,75.0,0.0,0.9507884332386944,10.066365945039188,95,0.9507884332386944,10.066365945039188
bi13.5,13.5,below the Turing sliver,seed144,1,i,16,7,0.017857142857142856,0.0,3,9,9,20.0,1.0,1.3432718705720477,3.101184471095163,7,1.3432718705720477,3.101184471095163
bi13.5,13.5,below the Turing sliver,seed144,2,a,109,103,0.0,0.0,2,6,6,20.0,0.8333333333333334,0.5930983045853191,6.73793546606991,103,0.5930983045853191,6.73793546606991
bi13.5,13.5,below the Turing sliver,seed144,2,i,20,9,0.0,0.0,6,11,11,20.0,0.9090909090909091,1.3448043524411146,2.6231468389948707,9,1.3448043524411146,2.6231468389948707
bi13.5,13.5,below the Turing sliver,seed144,3,a,97,93,0.0,0.017857142857142856,1,4,4,20.0,0.75,0.9335852669435031,8.55178843280455,93,0.9335852669435031,8.55178843280455
bi13.5,13.5,below the Turing sliver,seed144,3,i,71,14,0.75,0.625,47,57,57,20.0,0.5614035087719298,0.1687274610343057,4.742046047489537,5,0.8848367712131268,4.742046047489537
bi13.5,13.5,below the Turing sliver,seed1,0,a,1,1,0.0,0.0,0,0,0,nan,nan,9.947598300641403e-14,9.947598300641403e-14,1,9.947598300641403e-14,9.947598300641403e-14
bi13.5,13.5,below the Turing sliver,seed1,0,i,1,1,0.0,0.0,0,0,0,nan,nan,8.526512829121202e-14,8.526512829121202e-14,1,8.526512829121202e-14,8.526512829121202e-14
bi13.5,13.5,below the Turing sliver,seed36,1,a,33,33,0.0,0.0,0,0,0,nan,nan,6.672998034794351,21.637533626914877,33,6.672998034794351,21.637533626914877
bi13.5,13.5,below the Turing sliver,seed36,1,i,60,23,0.5892857142857143,0.42857142857142855,39,37,37,30.0,0.40540540540540543,2.1346241183981896,12.641405959403919,10,6.961088749140238,12.215881545650129
bi13.5,13.5,below the Turing sliver,seed36,2,a,33,33,0.0,0.0,0,0,0,nan,nan,6.970958383835761,17.219848945933045,33,6.970958383835761,17.219848945933045
bi13.5,13.5,below the Turing sliver,seed36,2,i,69,25,0.7678571428571429,0.5892857142857143,48,44,44,35.0,0.4090909090909091,6.128254606997709,12.871472157934464,9,8.401661109121536,12.871472157934464
bi13.5,13.5,below the Turing sliver,seed36,3,a,34,32,0.0,0.0,1,2,2,20.0,1.0,3.9317209975727296,22.98438704573161,32,3.9317209975727296,22.98438704573161
bi13.5,13.5,below the Turing sliver,seed36,3,i,46,25,0.25,0.17857142857142858,17,21,21,30.0,0.42857142857142855,2.526092794054475,22.696173092353508,17,3.179983387781522,22.696173092353508
bi13.5,13.5,below the Turing sliver,seed9,1,a,9,9,0.0,0.0,0,0,0,nan,nan,17.1595408855299,22.50575537177432,9,17.1595408855299,22.50575537177432
bi13.5,13.5,below the Turing sliver,seed9,1,i,11,9,0.07142857142857142,0.03571428571428571,4,2,2,135.0,0.0,14.085629525094102,17.561214603696055,5,9.774416684898476,17.561214603696055
bi13.5,13.5,below the Turing sliver,seed9,2,a,9,9,0.0,0.0,0,0,0,nan,nan,24.08457753962414,29.93624177330967,9,24.08457753962414,29.93624177330967
bi13.5,13.5,below the Turing sliver,seed9,2,i,10,9,0.03571428571428571,0.017857142857142856,2,1,1,150.0,0.0,18.872110239334383,27.132995749359303,7,17.84280512110804,27.132995749359303
bi13.5,13.5,below the Turing sliver,seed9,3,a,9,9,0.0,0.0,0,0,0,nan,nan,17.99988382159855,34.21717721959565,9,17.99988382159855,34.21717721959565
bi13.5,13.5,below the Turing sliver,seed9,3,i,9,9,0.0,0.0,0,0,0,nan,nan,19.003250830428236,32.892471231852895,9,19.003250830428236,32.892471231852895
bi14.1,14.1,inside the Turing sliver,nucl,1,a,272,134,0.03571428571428571,0.875,10,138,138,20.0,0.5144927536231884,2.453786733291456,7.482320192731587,132,2.4736223261200747,7.482320192731587
bi14.1,14.1,inside the Turing sliver,nucl,1,i,1,1,0.0,0.0,0,0,0,nan,nan,0.2939455645194435,0.2939455645194435,1,0.2939455645194435,0.2939455645194435
bi14.1,14.1,inside the Turing sliver,nucl,2,a,267,136,0.0,0.6785714285714286,4,131,131,20.0,0.6335877862595419,2.605395969629472,8.575221141804711,136,2.605395969629472,8.575221141804711
bi14.1,14.1,inside the Turing sliver,nucl,2,i,1,1,0.0,0.0,0,0,0,nan,nan,0.48306525568749975,0.48306525568749975,1,0.48306525568749975,0.48306525568749975
bi14.1,14.1,inside the Turing sliver,nucl,3,a,262,143,0.03571428571428571,0.8928571428571429,6,119,119,30.0,0.4789915966386555,2.648632998956209,6.38695646537732,141,2.6776129999542175,6.38695646537732
bi14.1,14.1,inside the Turing sliver,nucl,3,i,1,1,0.0,0.0,0,0,0,nan,nan,0.3372197930589701,0.3372197930589701,1,0.3372197930589701,0.3372197930589701
bi14.1,14.1,inside the Turing sliver,random,1,a,41,30,0.0,0.05357142857142857,13,11,11,20.0,0.7272727272727273,1.542464442482418,4.248191167391113,30,1.542464442482418,4.248191167391113
bi14.1,14.1,inside the Turing sliver,random,1,i,7,1,0.10714285714285714,0.10714285714285714,6,6,6,20.0,1.0,0.14921654848155178,0.14921654848155178,1,0.14921654848155178,0.14921654848155178
bi14.1,14.1,inside the Turing sliver,random,2,a,56,42,0.0,0.03571428571428571,17,14,14,15.0,0.7857142857142857,1.152382685165266,5.26337128361152,42,1.152382685165266,5.26337128361152
bi14.1,14.1,inside the Turing sliver,random,2,i,2,1,0.0,0.0,1,1,1,10.0,1.0,1.2258801616866568,1.2258801616866568,1,1.2258801616866568,1.2258801616866568
bi14.1,14.1,inside the Turing sliver,random,3,a,53,38,0.0,0.017857142857142856,15,15,15,10.0,0.8,1.1164699319118543,5.115384615384612,38,1.1164699319118543,5.115384615384612
bi14.1,14.1,inside the Turing sliver,random,3,i,1,1,0.0,0.0,0,0,0,nan,nan,1.3646261544474227,1.3646261544474227,1,1.3646261544474227,1.3646261544474227
bi14.1,14.1,inside the Turing sliver,seed144,1,a,107,95,0.0,0.05357142857142857,2,12,12,20.0,0.6666666666666666,0.9183865308539942,9.83580216291996,95,0.9183865308539942,9.83580216291996
bi14.1,14.1,inside the Turing sliver,seed144,1,i,18,7,0.017857142857142856,0.0,3,11,11,20.0,1.0,1.4474792437307467,2.6883179561226824,7,1.4474792437307467,2.6883179561226824
bi14.1,14.1,inside the Turing sliver,seed144,2,a,111,106,0.0,0.0,2,5,5,20.0,0.8,0.5303191639538443,7.266001999544224,106,0.5303191639538443,7.266001999544224
bi14.1,14.1,inside the Turing sliver,seed144,2,i,29,10,0.14285714285714285,0.14285714285714285,15,19,19,20.0,0.631578947368421,0.6814412304930422,2.104519810056895,7,1.131630793953297,2.104519810056895
bi14.1,14.1,inside the Turing sliver,seed144,3,a,97,97,0.0,0.0,0,0,0,nan,nan,0.7637626158259745,8.283994652301947,97,0.7637626158259745,8.283994652301947
bi14.1,14.1,inside the Turing sliver,seed144,3,i,68,21,0.7321428571428571,0.48214285714285715,44,47,47,20.0,0.5957446808510638,0.2752563540910346,4.3589866607337004,7,0.9280510390862768,4.3589866607337004
bi14.1,14.1,inside the Turing sliver,seed1,0,a,1,1,0.0,0.0,0,0,0,nan,nan,1.2789769243681803e-13,1.2789769243681803e-13,1,1.2789769243681803e-13,1.2789769243681803e-13
bi14.1,14.1,inside the Turing sliver,seed1,0,i,1,1,0.0,0.0,0,0,0,nan,nan,1.9895196601282805e-13,1.9895196601282805e-13,1,1.9895196601282805e-13,1.9895196601282805e-13
bi14.1,14.1,inside the Turing sliver,seed36,1,a,35,33,0.0,0.0,1,2,2,20.0,1.0,6.624302224551094,21.662723232283835,33,6.624302224551094,21.662723232283835
bi14.1,14.1,inside the Turing sliver,seed36,1,i,60,27,0.6071428571428571,0.4107142857142857,39,33,33,30.0,0.36363636363636365,2.803081925160031,14.245516057031598,10,6.376083309271606,13.361311968907579
bi14.1,14.1,inside the Turing sliver,seed36,2,a,33,33,0.0,0.0,0,0,0,nan,nan,7.1819990849779645,18.350786593578096,33,7.1819990849779645,18.350786593578096
bi14.1,14.1,inside the Turing sliver,seed36,2,i,62,22,0.6428571428571429,0.5357142857142857,40,40,40,35.0,0.275,7.193503670253219,13.861440851646869,9,6.787878236908534,13.861440851646869
bi14.1,14.1,inside the Turing sliver,seed36,3,a,33,33,0.0,0.0,0,0,0,nan,nan,3.131158267769484,22.582842463284805,33,3.131158267769484,22.582842463284805
bi14.1,14.1,inside the Turing sliver,seed36,3,i,47,27,0.2857142857142857,0.19642857142857142,18,20,20,35.0,0.45,2.6472700942709815,22.79690919298901,18,2.7005322244296712,22.79690919298901
bi14.1,14.1,inside the Turing sliver,seed9,1,a,9,9,0.0,0.0,0,0,0,nan,nan,18.59275736040427,22.103043741990952,9,18.59275736040427,22.103043741990952
bi14.1,14.1,inside the Turing sliver,seed9,1,i,11,9,0.07142857142857142,0.03571428571428571,4,2,2,140.0,0.0,12.714072503368104,18.313929074235165,5,10.388816689356002,18.313929074235165
bi14.1,14.1,inside the Turing sliver,seed9,2,a,9,9,0.0,0.0,0,0,0,nan,nan,23.35310285737163,30.211726741471313,9,23.35310285737163,30.211726741471313
bi14.1,14.1,inside the Turing sliver,seed9,2,i,10,9,0.03571428571428571,0.017857142857142856,2,1,1,130.0,0.0,19.88698624342148,29.309498030316107,7,19.556963587886273,29.309498030316107
bi14.1,14.1,inside the Turing sliver,seed9,3,a,9,9,0.0,0.0,0,0,0,nan,nan,16.874111881239,30.974638311777674,9,16.874111881239,30.974638311777674
bi14.1,14.1,inside the Turing sliver,seed9,3,i,9,9,0.0,0.0,0,0,0,nan,nan,16.579022497465672,29.592224965496765,9,16.579022497465672,29.592224965496765
bi15,15.0,3B_big,nucl,1,a,70,66,0.0,0.0,19,4,4,20.0,1.0,3.4720350483866964,12.368150354004932,66,3.4720350483866964,12.368150354004932
bi15,15.0,3B_big,nucl,1,i,204,34,2.5535714285714284,2.5892857142857144,177,170,170,30.0,0.4470588235294118,1.5567181081897226,6.8002998885292785,9,3.5292641965248936,5.227545406846753
bi15,15.0,3B_big,nucl,2,a,65,63,0.03571428571428571,0.0,18,2,2,20.0,1.0,3.4843905891530316,13.353618262859614,62,3.506943563446871,13.353618262859614
bi15,15.0,3B_big,nucl,2,i,152,49,1.7142857142857142,1.375,127,103,103,30.0,0.4563106796116505,1.2181794231565355,5.739874007078755,14,2.32131699296591,5.739874007078755
bi15,15.0,3B_big,nucl,3,a,63,62,0.0,0.017857142857142856,17,1,1,60.0,0.0,3.9095519322974077,10.704976024030547,62,3.9095519322974077,10.704976024030547
bi15,15.0,3B_big,nucl,3,i,184,36,2.125,2.0357142857142856,153,148,148,30.0,0.46621621621621623,1.719461599238686,7.221717977170398,17,3.322732529941211,7.221717977170398
bi15,15.0,3B_big,random,1,a,79,55,0.0,0.05357142857142857,8,24,24,10.0,0.75,1.2421623025840571,4.422853163598348,55,1.2421623025840571,4.422853163598348
bi15,15.0,3B_big,random,1,i,9,1,0.14285714285714285,0.14285714285714285,8,8,8,20.0,0.75,1.488693938450043,1.488693938450043,1,1.488693938450043,1.488693938450043
bi15,15.0,3B_big,random,2,a,97,80,0.0,0.017857142857142856,8,17,17,10.0,0.8235294117647058,1.0750207318571838,4.872396537846207,80,1.0750207318571838,4.872396537846207
bi15,15.0,3B_big,random,2,i,5,1,0.05357142857142857,0.07142857142857142,4,4,4,60.0,0.5,0.882473390127276,0.882473390127276,1,0.882473390127276,0.882473390127276
bi15,15.0,3B_big,random,3,a,91,73,0.03571428571428571,0.07142857142857142,11,18,18,10.0,0.7777777777777778,1.0685971783144073,4.967314491681364,73,1.0685971783144073,4.967314491681364
bi15,15.0,3B_big,random,3,i,2,1,0.017857142857142856,0.017857142857142856,1,1,1,20.0,1.0,1.064109898564646,1.064109898564646,1,1.064109898564646,1.064109898564646
bi15,15.0,3B_big,seed144,1,a,110,101,0.0,0.05357142857142857,2,9,9,20.0,0.6666666666666666,0.9189866173108575,9.728119145771666,101,0.9189866173108575,9.728119145771666
bi15,15.0,3B_big,seed144,1,i,33,10,0.23214285714285715,0.16071428571428573,17,23,23,20.0,0.6956521739130435,0.6594647735807302,3.3079526377271478,7,1.2442518160713225,3.3079526377271478
bi15,15.0,3B_big,seed144,2,a,116,107,0.0,0.03571428571428571,3,9,9,20.0,0.7777777777777778,0.6219580829330676,9.749373081490619,107,0.6219580829330676,9.749373081490619
bi15,15.0,3B_big,seed144,2,i,31,9,0.16071428571428573,0.125,17,22,22,20.0,0.7272727272727273,0.453467700031164,3.2747894097209036,5,1.4041236279514948,3.2747894097209036
bi15,15.0,3B_big,seed144,3,a,99,95,0.0,0.03571428571428571,0,4,4,60.0,0.5,0.7753115717187455,8.176659775298534,95,0.7753115717187455,8.176659775298534
bi15,15.0,3B_big,seed144,3,i,88,30,1.0,0.6607142857142857,63,58,58,40.0,0.4482758620689655,0.2170854260514369,2.425857391838792,9,0.7928549376629176,2.425857391838792
bi15,15.0,3B_big,seed1,0,a,1,1,0.0,0.0,0,0,0,nan,nan,8.526512829121202e-14,8.526512829121202e-14,1,8.526512829121202e-14,8.526512829121202e-14
bi15,15.0,3B_big,seed1,0,i,1,1,0.0,0.0,0,0,0,nan,nan,8.526512829121202e-14,8.526512829121202e-14,1,8.526512829121202e-14,8.526512829121202e-14
bi15,15.0,3B_big,seed36,1,a,35,33,0.0,0.0,1,2,2,20.0,1.0,6.033374138121497,20.938483780261883,33,6.033374138121497,20.938483780261883
bi15,15.0,3B_big,seed36,1,i,56,27,0.5357142857142857,0.35714285714285715,34,29,29,50.0,0.41379310344827586,3.97154932619554,14.608878990303515,10,6.815391274453974,11.227573078318848
bi15,15.0,3B_big,seed36,2,a,33,33,0.0,0.0,0,0,0,nan,nan,4.50356109197177,17.942437591095935,33,4.50356109197177,17.942437591095935
bi15,15.0,3B_big,seed36,2,i,55,26,0.5,0.35714285714285715,32,29,29,60.0,0.3448275862068966,3.381418347178683,17.84115054517694,13,7.536379463079732,17.84115054517694
bi15,15.0,3B_big,seed36,3,a,33,33,0.0,0.0,0,0,0,nan,nan,2.6211358742140596,26.24839521315606,33,2.6211358742140596,26.24839521315606
bi15,15.0,3B_big,seed36,3,i,48,27,0.2857142857142857,0.19642857142857142,19,21,21,30.0,0.47619047619047616,2.168945215011839,25.178855056913363,18,2.1612535657654295,25.178855056913363
bi15,15.0,3B_big,seed9,1,a,9,9,0.0,0.0,0,0,0,nan,nan,17.945051466267454,20.508702842843487,9,17.945051466267454,20.508702842843487
bi15,15.0,3B_big,seed9,1,i,11,9,0.07142857142857142,0.03571428571428571,4,2,2,140.0,0.0,13.429080762519549,18.697867134681694,5,6.754998619903652,18.697867134681694
bi15,15.0,3B_big,seed9,2,a,9,9,0.0,0.0,0,0,0,nan,nan,16.715951213559407,29.937462023345635,9,16.715951213559407,29.937462023345635
bi15,15.0,3B_big,seed9,2,i,10,9,0.03571428571428571,0.017857142857142856,2,1,1,120.0,0.0,16.46334480794656,23.43691984125631,7,15.449885921298346,21.110365300999632
bi15,15.0,3B_big,seed9,3,a,9,9,0.0,0.0,0,0,0,nan,nan,19.153835100052515,28.55431800580313,9,19.153835100052515,28.55431800580313
bi15,15.0,3B_big,seed9,3,i,9,9,0.0,0.0,0,0,0,nan,nan,18.953635465539232,27.316635349129317,9,18.953635465539232,27.316635349129317
bi20,20.0,3L,nucl,1,a,63,61,0.017857142857142856,0.0,14,2,2,20.0,1.0,2.4507978713934957,8.91688710977306,60,2.458147997509401,8.91688710977306
bi20,20.0,3L,nucl,1,i,97,58,0.6964285714285714,0.39285714285714285,71,39,39,20.0,0.5128205128205128,1.8355841985452082,6.6722137140776985,37,1.9260278769535113,6.553217937751584
bi20,20.0,3L,nucl,2,a,64,62,0.05357142857142857,0.0,20,2,2,20.0,1.0,2.6884269280468356,7.0929281754463585,60,2.7560569088690423,7.0929281754463585
bi20,20.0,3L,nucl,2,i,150,60,1.6607142857142858,1.3214285714285714,123,90,90,25.0,0.5,1.6872482634342263,7.053783168942746,28,2.485323685710811,7.053783168942746
bi20,20.0,3L,nucl,3,a,66,65,0.017857142857142856,0.0,20,1,1,20.0,1.0,2.599712902183077,9.47971703033063,64,2.625636496200177,9.47971703033063
bi20,20.0,3L,nucl,3,i,128,61,1.1428571428571428,0.7142857142857143,98,67,67,20.0,0.5373134328358209,1.544785288155151,7.93267642795314,27,1.5879865458053068,5.502439447580118
bi20,20.0,3L,random,1,a,225,182,0.0,0.26785714285714285,0,43,43,20.0,0.5813953488372093,0.45868805899869025,6.508908082678355,182,0.45868805899869025,6.508908082678355
bi20,20.0,3L,random,1,i,271,18,4.035714285714286,4.392857142857143,265,253,253,20.0,0.5138339920948617,0.7502625597640227,2.409461914749344,5,0.8309463250066723,2.248716410372098
bi20,20.0,3L,random,2,a,221,174,0.0,0.26785714285714285,0,47,47,20.0,0.5531914893617021,0.45382325088079944,2.921986669747223,174,0.45382325088079944,2.921986669747223
bi20,20.0,3L,random,2,i,150,36,1.6428571428571428,1.7678571428571428,143,114,114,30.0,0.4824561403508772,0.36642258881624673,3.04364915799555,9,1.3419757341950844,2.258415517798735
bi20,20.0,3L,random,3,a,227,175,0.0,0.16071428571428573,1,52,52,20.0,0.6153846153846154,0.5,3.6330729073334003,175,0.5,3.6330729073334003
bi20,20.0,3L,random,3,i,280,37,3.1785714285714284,3.9642857142857144,274,243,243,30.0,0.411522633744856,0.18162078931419662,2.656842557053542,4,0.6045537881401174,2.2645921976691548
bi20,20.0,3L,seed144,1,a,119,112,0.0,0.05357142857142857,0,7,7,30.0,0.14285714285714285,0.5773502691896344,9.146529085174308,112,0.5773502691896344,9.146529085174308
bi20,20.0,3L,seed144,1,i,60,37,0.4107142857142857,0.26785714285714285,39,23,23,20.0,0.5652173913043478,0.7015576668548088,2.936094785261577,28,0.7742904982093319,2.936094785261577
bi20,20.0,3L,seed144,2,a,119,115,0.0,0.017857142857142856,0,4,4,30.0,0.0,0.423512551037658,5.930328686870967,115,0.423512551037658,5.930328686870967
bi20,20.0,3L,seed144,2,i,46,23,0.21428571428571427,0.21428571428571427,21,23,23,20.0,0.5217391304347826,0.2749117575510321,2.2856853093401552,15,0.428667024266572,2.2856853093401552
bi20,20.0,3L,seed144,3,a,113,102,0.0,0.10714285714285714,0,11,11,40.0,0.18181818181818182,0.45271038901573535,7.2289877896431545,102,0.45271038901573535,7.2289877896431545
bi20,20.0,3L,seed144,3,i,70,42,0.4107142857142857,0.26785714285714285,40,28,28,20.0,0.6428571428571429,0.43671743758604176,3.1182281927458004,34,0.47953716519533196,3.1182281927458004
bi20,20.0,3L,seed1,0,a,1,1,0.0,0.0,0,0,0,nan,nan,5.684341886080802e-14,5.684341886080802e-14,1,5.684341886080802e-14,5.684341886080802e-14
bi20,20.0,3L,seed1,0,i,1,1,0.0,0.0,0,0,0,nan,nan,8.526512829121202e-14,8.526512829121202e-14,1,8.526512829121202e-14,8.526512829121202e-14
bi20,20.0,3L,seed36,1,a,34,34,0.0,0.0,0,0,0,nan,nan,0.7386478529787024,10.726976050224769,34,0.7386478529787024,10.726976050224769
bi20,20.0,3L,seed36,1,i,40,27,0.23214285714285715,0.19642857142857142,14,13,13,50.0,0.15384615384615385,0.31261609450677413,2.806600439283242,18,0.4097573600156177,1.6462000563129906
bi20,20.0,3L,seed36,2,a,34,34,0.0,0.0,0,0,0,nan,nan,1.0286857355983932,15.123003738832363,34,1.0286857355983932,15.123003738832363
bi20,20.0,3L,seed36,2,i,44,30,0.30357142857142855,0.17857142857142858,19,14,14,50.0,0.07142857142857142,0.7247511680232783,5.055313382661401,17,0.7949600865036804,5.055313382661401
bi20,20.0,3L,seed36,3,a,34,34,0.0,0.0,0,0,0,nan,nan,0.68420002372407,6.793598204887539,34,0.68420002372407,6.793598204887539
bi20,20.0,3L,seed36,3,i,33,28,0.017857142857142856,0.03571428571428571,4,5,5,20.0,0.6,0.5636049930872988,6.885528938933434,27,0.5736766844413632,6.885528938933434
bi20,20.0,3L,seed9,1,a,9,9,0.0,0.0,0,0,0,nan,nan,0.30310889132453234,5.840566365895096,9,0.30310889132453234,5.840566365895096
bi20,20.0,3L,seed9,1,i,9,8,0.03571428571428571,0.017857142857142856,2,1,1,350.0,0.0,0.18735538640864297,0.5347553089813639,6,0.18735538640864297,0.43047699185131316
bi20,20.0,3L,seed9,2,a,9,9,0.0,0.0,0,0,0,nan,nan,5.684341886080802e-14,7.8933561126581075,9,5.684341886080802e-14,7.8933561126581075
bi20,20.0,3L,seed9,2,i,10,9,0.03571428571428571,0.017857142857142856,2,1,1,120.0,0.0,8.526512829121202e-14,6.9,7,4.263256414560601e-14,6.9
bi20,20.0,3L,seed9,3,a,9,9,0.0,0.0,0,0,0,nan,nan,1.0449282272003013,5.503581923699747,9,1.0449282272003013,5.503581923699747
bi20,20.0,3L,seed9,3,i,9,9,0.0,0.0,0,0,0,nan,nan,0.6411803909952614,4.870981249536212,9,0.6411803909952614,4.870981249536212
bi25,25.0,2L_JAPI,nucl,1,a,61,61,0.05357142857142857,0.0,14,0,0,nan,nan,1.8550801411213018,6.751543033509694,59,1.8550801411213018,6.751543033509694
bi25,25.0,2L_JAPI,nucl,1,i,100,61,0.8035714285714286,0.5357142857142857,70,39,39,30.0,0.46153846153846156,1.5624055527010592,8.612135617960776,41,1.5624055527010592,8.612135617960776
bi25,25.0,2L_JAPI,nucl,2,a,62,61,0.08928571428571429,0.0,21,1,1,10.0,1.0,2.241736894460763,6.2952024420390185,59,2.3166280580143948,6.2952024420390185
bi25,25.0,2L_JAPI,nucl,2,i,121,60,1.0714285714285714,0.6964285714285714,94,61,61,20.0,0.6065573770491803,1.4693118653702477,5.480281699217285,36,1.5835537918985083,3.952944124514642
bi25,25.0,2L_JAPI,nucl,3,a,66,66,0.05357142857142857,0.0,20,0,0,nan,nan,1.839271312115629,7.045540077682202,63,2.1101838032087454,7.045540077682202
bi25,25.0,2L_JAPI,nucl,3,i,146,66,1.4285714285714286,1.1071428571428572,111,80,80,20.0,0.6375,1.4022163747588863,5.8438328091296405,38,1.1525286112352302,5.151707783477313
bi25,25.0,2L_JAPI,random,1,a,244,191,0.0,0.375,0,53,53,20.0,0.5283018867924528,0.3247595264191645,3.495661295444503,191,0.3247595264191645,3.495661295444503
bi25,25.0,2L_JAPI,random,1,i,256,24,2.0357142857142856,3.0892857142857144,188,232,232,30.0,0.4353448275862069,0.29815119359599807,3.176702960756801,11,0.7513707216265126,3.176702960756801
bi25,25.0,2L_JAPI,random,2,a,257,186,0.0,0.5357142857142857,1,71,71,30.0,0.4647887323943662,0.39393609545742747,2.5456764818020363,186,0.39393609545742747,2.5456764818020363
bi25,25.0,2L_JAPI,random,2,i,150,31,0.8928571428571429,1.1428571428571428,111,119,119,20.0,0.6134453781512605,0.542459265840644,2.9787129985971346,17,0.6249999999999989,2.9787129985971346
bi25,25.0,2L_JAPI,random,3,a,263,190,0.017857142857142856,0.42857142857142855,1,73,73,30.0,0.4931506849315068,0.3849001794597504,2.753785273643051,190,0.3849001794597504,2.753785273643051
bi25,25.0,2L_JAPI,random,3,i,107,4,0.25,0.7678571428571429,60,103,103,20.0,0.6893203883495146,0.7813602800701521,1.4957010687564263,1,1.4384516899915307,1.4384516899915307
bi25,25.0,2L_JAPI,seed144,1,a,124,113,0.0,0.07142857142857142,0,11,11,30.0,0.45454545454545453,0.49999999999994255,6.55743852430199,113,0.49999999999994255,6.55743852430199
bi25,25.0,2L_JAPI,seed144,1,i,59,31,0.14285714285714285,0.21428571428571427,24,28,28,20.0,0.5357142857142857,0.5404509226868843,3.7045987805643623,28,0.6490342960805635,3.7045987805643623
bi25,25.0,2L_JAPI,seed144,2,a,122,117,0.0,0.017857142857142856,0,5,5,20.0,0.6,0.3917972030188534,2.8970152519105135,117,0.3917972030188534,2.8970152519105135
bi25,25.0,2L_JAPI,seed144,2,i,91,36,0.4642857142857143,0.7142857142857143,54,55,55,30.0,0.4,0.31792302913890125,1.6967691270617578,24,0.3657041590228437,1.6967691270617578
bi25,25.0,2L_JAPI,seed144,3,a,121,104,0.0,0.125,0,17,17,20.0,0.5294117647058824,0.5,5.833138966635529,104,0.5,5.833138966635529
bi25,25.0,2L_JAPI,seed144,3,i,91,50,0.44642857142857145,0.5178571428571429,48,41,41,30.0,0.4634146341463415,0.48513391168886966,5.168384091519347,45,0.49551172446109076,5.168384091519347
bi25,25.0,2L_JAPI,seed1,0,a,1,1,0.0,0.0,0,0,0,nan,nan,4.263256414560601e-14,4.263256414560601e-14,1,4.263256414560601e-14,4.263256414560601e-14
bi25,25.0,2L_JAPI,seed1,0,i,1,1,0.0,0.0,0,0,0,nan,nan,8.526512829121202e-14,8.526512829121202e-14,1,8.526512829121202e-14,8.526512829121202e-14
bi25,25.0,2L_JAPI,seed36,1,a,35,35,0.0,0.0,0,0,0,nan,nan,0.4465476031788596,3.419811290288721,35,0.4465476031788596,3.419811290288721
bi25,25.0,2L_JAPI,seed36,1,i,31,27,0.0,0.0,2,4,4,20.0,1.0,0.4320877187900594,2.51194970991387,27,0.4320877187900594,2.51194970991387
bi25,25.0,2L_JAPI,seed36,2,a,35,35,0.0,0.0,0,0,0,nan,nan,0.577350269189651,7.106953571151292,35,0.577350269189651,7.106953571151292
bi25,25.0,2L_JAPI,seed36,2,i,32,29,0.07142857142857142,0.03571428571428571,6,3,3,220.0,0.3333333333333333,0.3711952174511427,2.533902512069584,25,0.38989325462237184,2.533902512069584
bi25,25.0,2L_JAPI,seed36,3,a,34,34,0.0,0.0,0,0,0,nan,nan,0.48252652121692574,4.769696007084729,34,0.48252652121692574,4.769696007084729
bi25,25.0,2L_JAPI,seed36,3,i,31,29,0.017857142857142856,0.03571428571428571,1,2,2,60.0,0.0,0.3435472676169947,3.8760246341306788,28,0.3500660746029318,3.8760246341306788
bi25,25.0,2L_JAPI,seed9,1,a,9,9,0.0,0.0,0,0,0,nan,nan,0.49999999999999795,2.289258773946145,9,0.49999999999999795,2.289258773946145
bi25,25.0,2L_JAPI,seed9,1,i,7,7,0.0,0.0,0,0,0,nan,nan,0.26050710974477265,1.597683791813782,7,0.26050710974477265,1.597683791813782
bi25,25.0,2L_JAPI,seed9,2,a,9,9,0.0,0.0,0,0,0,nan,nan,8.526512829121202e-14,4.115565645947286,9,8.526512829121202e-14,4.115565645947286
bi25,25.0,2L_JAPI,seed9,2,i,13,9,0.08928571428571429,0.07142857142857142,5,4,4,60.0,0.0,5.684341886080802e-14,2.78083138881687,7,5.684341886080802e-14,2.78083138881687
bi25,25.0,2L_JAPI,seed9,3,a,9,9,0.0,0.0,0,0,0,nan,nan,0.39227590351500297,2.2669488510827938,9,0.39227590351500297,2.2669488510827938
bi25,25.0,2L_JAPI,seed9,3,i,9,9,0.0,0.0,0,0,0,nan,nan,0.2609077137659304,1.9427931830552545,9,0.2609077137659304,1.9427931830552545
bi30,30.0,3B_small,nucl,1,a,59,59,0.10714285714285714,0.0,18,0,0,nan,nan,1.3228756555322985,7.8252396129448085,55,1.3621981868387187,7.8252396129448085
bi30,30.0,3B_small,nucl,1,i,86,58,0.6428571428571429,0.39285714285714285,61,28,28,25.0,0.5,1.1321364070380575,5.157770290609754,41,1.0231690964840552,5.157770290609754
bi30,30.0,3B_small,nucl,2,a,61,60,0.10714285714285714,0.017857142857142856,24,1,1,60.0,0.0,1.5076955269519057,5.516677555550352,56,1.5798619943860692,5.516677555550352
bi30,30.0,3B_small,nucl,2,i,91,60,0.5714285714285714,0.30357142857142855,65,31,31,20.0,0.6451612903225806,1.3954563152932296,4.931589399866932,40,1.4028357479650202,3.561253098684287
bi30,30.0,3B_small,nucl,3,a,64,64,0.08928571428571429,0.0,22,0,0,nan,nan,1.288277138860637,5.739868683200108,61,1.2945755775257048,5.739868683200108
bi30,30.0,3B_small,nucl,3,i,111,64,0.8214285714285714,0.5357142857142857,79,47,47,20.0,0.6382978723404256,1.069441328531569,4.384449899348742,46,1.0034675624726421,4.384449899348742
bi30,30.0,3B_small,random,1,a,211,176,0.0,0.26785714285714285,0,35,35,30.0,0.4,0.3247595264191725,4.54818100049054,176,0.3247595264191725,4.54818100049054
bi30,30.0,3B_small,random,1,i,306,109,1.9285714285714286,2.4642857142857144,147,197,197,30.0,0.38578680203045684,0.3840862999302598,4.493462051598575,81,0.49058093599559904,4.493462051598575
bi30,30.0,3B_small,random,2,a,221,183,0.0,0.21428571428571427,0,38,38,20.0,0.5526315789473685,0.3499999999999716,3.8821528964108496,183,0.3499999999999716,3.8821528964108496
bi30,30.0,3B_small,random,2,i,160,29,0.5892857142857143,0.875,62,131,131,20.0,0.7557251908396947,0.8501531923387251,4.279171910040372,22,0.9458647587112378,4.279171910040372
bi30,30.0,3B_small,random,3,a,214,176,0.0,0.2857142857142857,0,38,38,25.0,0.5,0.3398717474235719,5.886317862702392,176,0.3398717474235719,5.886317862702392
bi30,30.0,3B_small,random,3,i,184,35,1.0357142857142858,1.5357142857142858,118,149,149,20.0,0.5302013422818792,0.38888888888888573,2.9878032807094357,19,0.4937885787397511,2.9878032807094357
bi30,30.0,3B_small,seed144,1,a,126,107,0.0,0.125,0,19,19,20.0,0.5263157894736842,0.5455896245428271,6.0825570280926975,107,0.5455896245428271,6.0825570280926975
bi30,30.0,3B_small,seed144,1,i,102,52,0.5535714285714286,0.5535714285714286,60,50,50,30.0,0.48,0.5002926300604448,4.802952632963564,38,0.7031960776501374,4.802952632963564
bi30,30.0,3B_small,seed144,2,a,125,111,0.0,0.05357142857142857,0,14,14,20.0,0.5714285714285714,0.2645751311064566,5.26782687642637,111,0.2645751311064566,5.26782687642637
bi30,30.0,3B_small,seed144,2,i,115,51,0.5535714285714286,0.9107142857142857,66,64,64,50.0,0.265625,0.3615483081431554,4.37384724563427,37,0.4282673084043601,4.37384724563427
bi30,30.0,3B_small,seed144,3,a,124,104,0.0,0.03571428571428571,0,20,20,20.0,0.75,0.3635157687313646,5.079062413477504,104,0.3635157687313646,5.079062413477504
bi30,30.0,3B_small,seed144,3,i,107,82,0.05357142857142857,0.08928571428571429,45,25,25,10.0,0.88,0.5285691133982469,5.117098624997383,80,0.5285691133982469,5.117098624997383
bi30,30.0,3B_small,seed1,0,a,1,1,0.0,0.0,0,0,0,nan,nan,1.4210854715202004e-14,1.4210854715202004e-14,1,1.4210854715202004e-14,1.4210854715202004e-14
bi30,30.0,3B_small,seed1,0,i,1,1,0.0,0.0,0,0,0,nan,nan,4.263256414560601e-14,4.263256414560601e-14,1,4.263256414560601e-14,4.263256414560601e-14
bi30,30.0,3B_small,seed36,1,a,35,35,0.0,0.0,0,0,0,nan,nan,0.416666666666678,3.055050463303919,35,0.416666666666678,3.055050463303919
bi30,30.0,3B_small,seed36,1,i,33,30,0.0,0.0,6,3,3,10.0,1.0,0.38152506839446526,1.4545221408276439,30,0.38152506839446526,1.4545221408276439
bi30,30.0,3B_small,seed36,2,a,35,35,0.0,0.0,0,0,0,nan,nan,0.5033222956847166,3.005734315522583,35,0.5033222956847166,3.005734315522583
bi30,30.0,3B_small,seed36,2,i,31,28,0.03571428571428571,0.017857142857142856,3,3,3,20.0,0.6666666666666666,0.49562437448240987,2.6562395449983285,26,0.5274800679211402,2.6562395449983285
bi30,30.0,3B_small,seed36,3,a,34,34,0.0,0.0,0,0,0,nan,nan,0.4583333333332986,2.0000000000000027,34,0.4583333333332986,2.0000000000000027
bi30,30.0,3B_small,seed36,3,i,34,30,0.0,0.0,2,4,4,20.0,1.0,0.3579122119171356,2.0160357139693756,30,0.3579122119171356,2.0160357139693756
bi30,30.0,3B_small,seed9,1,a,9,9,0.0,0.0,0,0,0,nan,nan,4.263256414560601e-14,1.1547005383792737,9,4.263256414560601e-14,1.1547005383792737
bi30,30.0,3B_small,seed9,1,i,9,8,0.03571428571428571,0.017857142857142856,2,1,1,100.0,0.0,0.025839195302436488,0.9601531338044619,6,4.973799150320701e-14,0.9601531338044619
bi30,30.0,3B_small,seed9,2,a,9,9,0.0,0.0,0,0,0,nan,nan,7.105427357601002e-14,2.5,9,7.105427357601002e-14,2.5
bi30,30.0,3B_small,seed9,2,i,8,8,0.0,0.0,0,0,0,nan,nan,0.1686067157810482,2.378132992327366,8,0.1686067157810482,2.378132992327366
bi30,30.0,3B_small,seed9,3,a,9,9,0.0,0.0,0,0,0,nan,nan,0.49999999999994255,1.7775768940681802,9,0.49999999999994255,1.7775768940681802
bi30,30.0,3B_small,seed9,3,i,9,9,0.0,0.0,0,0,0,nan,nan,0.33649005034763846,1.375463012212491,9,0.33649005034763846,1.375463012212491
bi50,50.0,S8D_lowri,nucl,1,a,55,54,0.35714285714285715,0.017857142857142856,34,1,1,140.0,0.0,0.593992244195584,3.214550253664319,38,0.6106342192015314,2.619372274250331
bi50,50.0,S8D_lowri,nucl,1,i,54,54,0.35714285714285715,0.0,37,0,0,nan,nan,0.5372102461877467,3.1311793811727835,38,0.533328018681024,2.9629251795876086
bi50,50.0,S8D_lowri,nucl,2,a,54,54,0.375,0.0,42,0,0,nan,nan,0.8347765206984722,5.567764362830003,38,0.8604846355210423,5.567764362830003
bi50,50.0,S8D_lowri,nucl,2,i,57,54,0.42857142857142855,0.05357142857142857,49,3,3,60.0,0.3333333333333333,0.8703049266069025,5.381077150515033,37,0.866025403784441,5.381077150515033
bi50,50.0,S8D_lowri,nucl,3,a,55,55,0.2857142857142857,0.0,35,0,0,nan,nan,0.5638273091717934,4.358898943540708,39,0.577350269189625,4.04851773711916
bi50,50.0,S8D_lowri,nucl,3,i,56,55,0.2857142857142857,0.0,35,1,1,10.0,1.0,0.5644649234329051,4.746628920730107,39,0.5717405608586349,4.614370598748198
bi50,50.0,S8D_lowri,random,1,a,8,8,0.0,0.0,0,0,0,nan,nan,0.4189656258416137,0.8082903768654762,8,0.4189656258416137,0.8082903768654762
bi50,50.0,S8D_lowri,random,1,i,8,8,0.0,0.0,0,0,0,nan,nan,0.4924824943962036,0.7376297434567638,8,0.4924824943962036,0.7376297434567638
bi50,50.0,S8D_lowri,random,2,a,11,11,0.0,0.0,0,0,0,nan,nan,0.2886751345948089,2.516611478423585,11,0.2886751345948089,2.516611478423585
bi50,50.0,S8D_lowri,random,2,i,11,11,0.0,0.0,0,0,0,nan,nan,0.28867513459483024,3.328590067028288,11,0.28867513459483024,3.328590067028288
bi50,50.0,S8D_lowri,random,3,a,14,14,0.0,0.0,0,0,0,nan,nan,0.306717330506984,5.538219479218928,14,0.306717330506984,5.538219479218928
bi50,50.0,S8D_lowri,random,3,i,14,14,0.0,0.0,0,0,0,nan,nan,0.4595846593398525,6.454057140258026,14,0.4595846593398525,6.454057140258026
bi50,50.0,S8D_lowri,seed144,1,a,113,103,0.0,0.03571428571428571,0,10,10,25.0,0.5,0.0,4.457577817604536,103,0.0,4.457577817604536
bi50,50.0,S8D_lowri,seed144,1,i,117,99,0.125,0.08928571428571429,32,18,18,10.0,0.7222222222222222,0.4230605499549702,7.790686277197982,95,0.4230605499549702,7.790686277197982
bi50,50.0,S8D_lowri,seed144,2,a,121,104,0.0,0.08928571428571429,0,17,17,20.0,0.5882352941176471,0.0,4.5324351898289725,104,0.0,4.5324351898289725
bi50,50.0,S8D_lowri,seed144,2,i,118,104,0.07142857142857142,0.05357142857142857,16,14,14,10.0,0.7857142857142857,0.3709198871656443,6.864004725408571,100,0.35999094227395206,6.864004725408571
bi50,50.0,S8D_lowri,seed144,3,a,115,102,0.0,0.03571428571428571,1,13,13,20.0,0.8461538461538461,0.221889539109422,5.678908345800277,102,0.221889539109422,5.678908345800277
bi50,50.0,S8D_lowri,seed144,3,i,106,98,0.05357142857142857,0.017857142857142856,15,8,8,10.0,0.875,0.39130434782609314,7.206862451936551,95,0.39130434782609314,7.206862451936551
bi50,50.0,S8D_lowri,seed1,0,a,1,1,0.0,0.0,0,0,0,nan,nan,0.0,0.0,1,0.0,0.0
bi50,50.0,S8D_lowri,seed1,0,i,1,1,0.0,0.0,0,0,0,nan,nan,0.0,0.0,1,0.0,0.0
bi50,50.0,S8D_lowri,seed36,1,a,36,35,0.0,0.017857142857142856,0,1,1,40.0,0.0,0.0,6.210915290840764,35,0.0,6.210915290840764
bi50,50.0,S8D_lowri,seed36,1,i,37,35,0.07142857142857142,0.03571428571428571,4,2,2,125.0,0.0,0.30256410256415545,5.327307794123903,31,0.22536017101113975,5.327307794123903
bi50,50.0,S8D_lowri,seed36,2,a,35,35,0.0,0.0,0,0,0,nan,nan,0.5000000000000041,5.063394982617879,35,0.5000000000000041,5.063394982617879
bi50,50.0,S8D_lowri,seed36,2,i,38,35,0.03571428571428571,0.017857142857142856,3,3,3,20.0,0.6666666666666666,0.20370370370369256,4.769040148742603,33,0.16301654659473286,4.769040148742603
bi50,50.0,S8D_lowri,seed36,3,a,34,34,0.0,0.0,0,0,0,nan,nan,0.0,5.766281297335398,34,0.0,5.766281297335398
bi50,50.0,S8D_lowri,seed36,3,i,37,34,0.03571428571428571,0.017857142857142856,4,3,3,30.0,0.3333333333333333,0.13793103448275235,5.641737321074083,32,0.1297392297876508,5.641737321074083
bi50,50.0,S8D_lowri,seed9,1,a,9,9,0.0,0.0,0,0,0,nan,nan,0.0,1.5282801243254713,9,0.0,1.5282801243254713
bi50,50.0,S8D_lowri,seed9,1,i,10,8,0.0,0.0,1,2,2,20.0,1.0,0.0,1.4616220978702001,8,0.0,1.4616220978702001
bi50,50.0,S8D_lowri,seed9,2,a,9,9,0.0,0.0,0,0,0,nan,nan,0.0,0.7368641326594765,9,0.0,0.7368641326594765
bi50,50.0,S8D_lowri,seed9,2,i,9,9,0.0,0.0,0,0,0,nan,nan,0.25531914893617014,0.4158636443937824,9,0.25531914893617014,0.4158636443937824
bi50,50.0,S8D_lowri,seed9,3,a,9,9,0.0,0.0,0,0,0,nan,nan,0.0,1.407291281149715,9,0.0,1.407291281149715
bi50,50.0,S8D_lowri,seed9,3,i,9,9,0.0,0.0,0,0,0,nan,nan,0.06650246305418683,1.3351693763687464,9,0.06650246305418683,1.3351693763687464
