set,b_i,anchor,condition,replicate,init_mode,n_points,spike_value,set_peak_height,nucleation_rate,spike_seed,np_seed,a_ss,i_ss,thr_a,thr_i_fixed,thr_i_halfmax_final,grid,steps,t_final,wall_engine_s,wall_save_s,wall_total_s,crit_final,crit_min_after_t10,a_cells_on,a_coverage,a_blobs_all,a_blobs_real,a_n_transient,a_largest,a_area_real_median,a_area_real_cv,a_nn_cv_border,a_csr_cv_border,a_ecc_mean,a_total,i_cells_on,i_coverage,i_blobs_all,i_blobs_real,i_n_transient,i_largest,i_area_real_median,i_area_real_cv,i_nn_cv_border,i_csr_cv_border,i_ecc_mean,i_total,a_ss_source,nucl_kick,nucl_gate,D_i
bi13.5,13.5,below the Turing sliver,nucl,1,all_off,0,2.0,10.0,0.01,,1,4.578,24.723,1.5,8.1,6.610151767730713,200,60001,600.01,421.1,1.8,427.2,0.12756557960210657,0.11708327351505368,12976,0.3244,129,123,6,262,109.0,0.3791021114270898,0.10333778676765097,0.5303388100014728,0.5638694387988944,67355.79715442006,39740,0.9935,1,1,0,39740,39740.0,0.0,nan,nan,0.5005381417986067,348224.3842177391,solver,9.156,4.578,
bi13.5,13.5,below the Turing sliver,nucl,2,all_off,0,2.0,10.0,0.01,,2,4.578,24.723,1.5,8.1,6.604403972625732,200,60001,600.01,407.2,1.2,412.3,0.13017704583149942,0.11829725575786423,12972,0.3243,135,128,7,243,102.0,0.36982157708741603,0.09969261192991088,0.5296132290274662,0.5770375544349554,67184.47612641176,39751,0.993775,1,1,0,39751,39751.0,0.0,nan,nan,0.5006114908980469,348089.7109422684,solver,9.156,4.578,
bi13.5,13.5,below the Turing sliver,nucl,3,all_off,0,2.0,10.0,0.01,,3,4.578,24.723,1.5,8.1,6.211199760437012,200,60001,600.01,406.0,1.2,411.2,0.1278382244178844,0.11952336319439827,12872,0.3218,140,136,4,237,93.0,0.35194746776293667,0.10016695592951384,0.529252165465208,0.5357429409909021,66373.79870265716,39950,0.99875,1,1,0,39950,39950.0,0.0,nan,nan,0.4998945600680849,343808.3355116844,solver,9.156,4.578,
bi13.5,13.5,below the Turing sliver,random,1,random_uniform_over0,0,2.0,10.0,0.0,,1,4.578,24.723,1.5,8.1,6.166508197784424,200,60001,600.01,428.9,2.3,436.0,0.0004947202862858871,0.0004947202862858871,13280,0.332,17,17,0,10828,102.0,3.3228850617860806,0.16979282439061674,0.48395412466552207,0.8103968827273954,63260.93455342337,37573,0.939325,1,1,0,37573,37573.0,0.0,nan,nan,0.5057961796083081,341611.99040079117,solver,0.0,nan,
bi13.5,13.5,below the Turing sliver,random,2,random_uniform_over0,0,2.0,10.0,0.0,,2,4.578,24.723,1.5,8.1,6.130462169647217,200,60001,600.01,430.4,2.6,437.4,0.0006831013388317558,0.0004736066162993335,13045,0.326125,26,26,0,6558,88.5,2.5644043001153074,0.33138479558426465,0.5013157259347066,0.6675169645510521,62062.67490171422,37025,0.925625,1,1,0,37025,37025.0,0.0,nan,nan,0.4968024509606611,335143.73604774475,solver,0.0,nan,
bi13.5,13.5,below the Turing sliver,random,3,random_uniform_over0,0,2.0,10.0,0.0,,3,4.578,24.723,1.5,8.1,6.331181526184082,200,60001,600.01,451.0,1.2,455.1,0.0007835333242672454,0.0006268153110245446,13156,0.3289,23,23,0,8357,147.0,2.998436993270964,0.24138263386997508,0.5141645322289786,0.8217366336616697,62511.49032079806,36090,0.90225,1,1,0,36090,36090.0,0.0,nan,nan,0.516354814878723,337565.8336567879,solver,0.0,nan,
bi13.5,13.5,below the Turing sliver,seed144,1,activator_random_spikes,144,10.0,10.0,0.0,1007,1,4.578,24.723,1.5,8.1,6.276252746582031,200,60001,600.01,377.0,0.9,380.7,0.00041579318164170425,2.23934148434046e-05,10576,0.2644,95,95,0,305,102.0,0.48829775094006783,0.23044952590022186,0.5182763621703769,0.5972153868899784,51471.41453820105,24194,0.60485,7,7,0,19486,532.0,2.061874846107636,nan,0.3953042437958993,0.6334720711739387,277933.6243445873,solver,0.0,nan,
bi13.5,13.5,below the Turing sliver,seed144,2,activator_random_spikes,144,10.0,10.0,0.0,2007,2,4.578,24.723,1.5,8.1,6.522582054138184,200,60001,600.01,386.3,1.1,390.3,9.504542455011305e-06,7.100572440411701e-06,10519,0.262975,103,103,0,280,95.0,0.4815441726503608,0.19231199476140232,0.5167465645032729,0.5389761543993624,51210.713248334694,22233,0.555825,9,9,0,16467,528.0,2.134475467001998,nan,0.39253455270158066,0.7258314065350304,276537.7585773468,solver,0.0,nan,
bi13.5,13.5,below the Turing sliver,seed144,3,activator_random_spikes,144,10.0,10.0,0.0,3007,3,4.578,24.723,1.5,8.1,6.598306179046631,200,60001,600.01,385.9,1.1,389.8,0.00019859285001748762,1.4753723768589314e-05,10582,0.26455,93,93,0,351,102.0,0.46310820512912776,0.23077228422939228,0.5299472654544982,0.5971986273866233,51474.500311334225,21347,0.533675,14,14,0,12045,616.0,2.017283692618179,0.696100840417219,0.4514440264375991,0.7833968021195752,277956.21819496155,solver,0.0,nan,
bi13.5,13.5,below the Turing sliver,seed1,0,activator_random_spikes,1,10.0,10.0,0.0,3232,0,4.578,24.723,1.5,8.1,7.178750038146973,200,60001,600.01,400.0,0.6,402.4,6.23048218657539e-19,5.567124813452497e-19,397,0.009925,1,1,0,397,397.0,0.0,nan,nan,0.0,1980.5541707902644,451,0.011275,1,1,0,451,451.0,0.0,nan,nan,0.0,10694.99253387202,solver,0.0,nan,
bi13.5,13.5,below the Turing sliver,seed36,1,activator_random_spikes,36,10.0,10.0,0.0,1007,1,4.578,24.723,1.5,8.1,6.879441261291504,200,60001,600.01,378.2,0.8,381.3,0.0003394619978899193,0.00029072138616876816,10445,0.261125,33,33,0,670,303.0,0.41038254121149625,0.1853773454434519,0.5159331001002257,0.8030441749675366,51112.01962554319,16608,0.4152,23,23,0,2388,607.0,0.6087508699088996,0.14769738000403038,0.5141645322289786,0.7615296936713251,276008.3182942867,solver,0.0,nan,
bi13.5,13.5,below the Turing sliver,seed36,2,activator_random_spikes,36,10.0,10.0,0.0,2007,2,4.578,24.723,1.5,8.1,6.880751132965088,200,60001,600.01,374.6,1.1,377.5,0.0003855504587281155,0.00035561218862292386,10327,0.258175,33,33,0,580,311.0,0.43395917853573296,0.21893903884536975,0.5159331001002257,0.8151832571633955,50513.26324239105,16284,0.4071,25,25,0,1475,635.0,0.45936374426364446,0.060518753294502514,0.5133429113233229,0.8099663301923465,272772.46099579334,solver,0.0,nan,
bi13.5,13.5,below the Turing sliver,seed36,3,activator_random_spikes,36,10.0,10.0,0.0,3007,3,4.578,24.723,1.5,8.1,6.807663917541504,200,60001,600.01,377.7,0.9,381.1,0.0016614976475790182,0.0009477260909580598,10152,0.2538,32,32,0,726,294.0,0.46651112333567124,0.14619851042976995,0.5142996786038184,0.7512128244504949,49819.98374612799,16177,0.404425,25,25,0,2574,534.0,0.7444224605165308,0.11157486070231719,0.5133429113233229,0.7194498358556315,269001.4420449734,solver,0.0,nan,
bi13.5,13.5,below the Turing sliver,seed9,1,activator_random_spikes,9,10.0,10.0,0.0,1007,1,4.578,24.723,1.5,8.1,7.299155235290527,200,60001,600.01,410.0,0.8,413.0,0.005457927746044368,0.005457927746044368,7489,0.187225,9,9,0,1334,786.0,0.45832215940092214,0.17761715938355896,0.39253455270158066,0.7792374020601416,37014.04757748269,10253,0.256325,9,9,0,1827,1061.0,0.4912803886800947,0.17388420742525618,0.39253455270158066,0.7705388122289425,199773.52270082384,solver,0.0,nan,
bi13.5,13.5,below the Turing sliver,seed9,2,activator_random_spikes,9,10.0,10.0,0.0,2007,2,4.578,24.723,1.5,8.1,7.0277910232543945,200,60001,600.01,405.7,0.9,408.9,0.005931961991304612,0.004341972102061114,6287,0.157175,9,9,0,1074,734.0,0.33023983384635563,0.17548022531922114,0.39253455270158066,0.7899315987997721,31168.24952322348,8924,0.2231,9,9,0,1536,1019.0,0.36838574748395286,0.17432539784318227,0.39253455270158066,0.790071128697435,168205.36020613648,solver,0.0,nan,
bi13.5,13.5,below the Turing sliver,seed9,3,activator_random_spikes,9,10.0,10.0,0.0,3007,3,4.578,24.723,1.5,8.1,7.274801731109619,200,60001,600.01,410.2,0.7,413.2,0.0061987742866403475,0.003977833545494343,5877,0.146925,9,9,0,1131,669.0,0.42788270847591847,nan,0.39253455270158066,0.7437098860070543,29139.358332044587,7939,0.198475,9,9,0,1569,924.0,0.4832936212012395,0.08337043757698986,0.39253455270158066,0.7209760581444581,157231.96954825334,solver,0.0,nan,
bi14.1,14.1,inside the Turing sliver,nucl,1,all_off,0,2.0,10.0,0.01,,1,4.35,24.535,1.5,8.459999999999999,6.4651007652282715,200,60001,600.01,372.2,1.2,376.8,0.1169848939883174,0.10867066312321877,12107,0.302675,140,134,6,165,94.5,0.33980521186153534,0.09710334551030256,0.523565045608192,0.5157492724872306,62412.63254893839,39806,0.99515,1,1,0,39806,39806.0,0.0,nan,nan,0.5012091353733139,337378.0926322937,solver,8.7,4.35,
bi14.1,14.1,inside the Turing sliver,nucl,2,all_off,0,2.0,10.0,0.01,,2,4.35,24.535,1.5,8.459999999999999,6.300362586975098,200,60001,600.01,376.2,1.2,380.8,0.12799966264535076,0.10824178378068712,12165,0.304125,145,136,9,203,92.5,0.3305208979258824,0.10339500017391307,0.529252165465208,0.5255808266715825,62494.40471968769,39862,0.99655,1,1,0,39862,39862.0,0.0,nan,nan,0.4978001856078826,337870.71820116043,solver,8.7,4.35,
bi14.1,14.1,inside the Turing sliver,nucl,3,all_off,0,2.0,10.0,0.01,,3,4.35,24.535,1.5,8.459999999999999,6.197259902954102,200,60001,600.01,373.8,1.4,379.4,0.11676326343834972,0.11115062543489962,12052,0.3013,148,143,5,163,83.0,0.3065380233193267,0.10590281778144597,0.5285811876801322,0.48906730570321927,62057.9972100686,40000,1.0,1,1,0,40000,40000.0,0.0,nan,nan,0.5000140697724819,334869.8570957184,solver,8.7,4.35,
bi14.1,14.1,inside the Turing sliver,random,1,random_uniform_over0,0,2.0,10.0,0.0,,1,4.35,24.535,1.5,8.459999999999999,5.939721584320068,200,60001,600.01,402.5,1.1,406.5,0.0005930540921652158,0.0005930540921652158,12196,0.3049,30,30,0,1671,154.0,1.2365946490207238,0.42700679136186453,0.5227783680520799,0.8183675641397576,58067.71777065394,37295,0.932375,1,1,0,37295,37295.0,0.0,nan,nan,0.5163179210912804,327508.64394950867,solver,0.0,nan,
bi14.1,14.1,inside the Turing sliver,random,2,random_uniform_over0,0,2.0,10.0,0.0,,2,4.35,24.535,1.5,8.459999999999999,6.1649956703186035,200,60001,600.01,401.0,1.1,405.5,0.0003634872554056358,0.0003634872554056358,12105,0.302625,42,42,0,1939,147.5,1.4184518210840318,0.26899653999321826,0.5225197646184975,0.7670579622618383,57449.32258362418,35420,0.8855,1,1,0,35420,35420.0,0.0,nan,nan,0.4924628081730044,324012.47033691406,solver,0.0,nan,
bi14.1,14.1,inside the Turing sliver,random,3,random_uniform_over0,0,2.0,10.0,0.0,,3,4.35,24.535,1.5,8.459999999999999,6.034031867980957,200,60001,600.01,403.5,1.2,407.6,0.0007442925442357341,0.0004682983240275574,12259,0.306475,38,38,0,2308,137.5,1.5298109915551632,0.3837182213104045,0.5216276367879807,0.8095927315933369,58148.580687510184,37057,0.926425,1,1,0,37057,37057.0,0.0,nan,nan,0.49509438016499974,327967.62181806564,solver,0.0,nan,
bi14.1,14.1,inside the Turing sliver,seed144,1,activator_random_spikes,144,10.0,10.0,0.0,1007,1,4.35,24.535,1.5,8.459999999999999,6.151646137237549,200,60001,600.01,378.1,1.1,382.6,0.00010139819040018929,4.53915721587083e-05,9927,0.248175,95,95,0,281,97.0,0.48165460344514843,0.23047039188916546,0.5182763621703769,0.6210174495248071,48265.036853734906,23957,0.598925,7,7,0,19287,534.0,2.0600875896488495,nan,0.3953042437958993,0.6523661673019302,272212.70244526863,solver,0.0,nan,
bi14.1,14.1,inside the Turing sliver,seed144,2,activator_random_spikes,144,10.0,10.0,0.0,2007,2,4.35,24.535,1.5,8.459999999999999,6.477191925048828,200,60001,600.01,370.5,1.0,374.1,2.4078625810796737e-05,2.4078625810796737e-05,9850,0.24625,106,106,0,252,83.5,0.4926953814884353,0.20018824223234039,0.5217077103892788,0.533952283058692,47887.3849778186,21347,0.533675,10,10,0,13443,894.0,1.8820855927928364,nan,0.43025706457767543,0.7464786226403106,270085.1575989723,solver,0.0,nan,
bi14.1,14.1,inside the Turing sliver,seed144,3,activator_random_spikes,144,10.0,10.0,0.0,3007,3,4.35,24.535,1.5,8.459999999999999,6.686468601226807,200,60001,600.01,375.3,1.0,379.0,6.0899018933752746e-05,4.728215649661661e-05,9852,0.2463,97,97,0,312,92.0,0.45857270050157134,0.23038760741303876,0.5221399681664215,0.5646176439195897,47880.64956440918,18885,0.472125,21,21,0,6410,540.0,1.4961130529037572,0.5609620246930729,0.5120513460159655,0.7815629087894221,270046.975925684,solver,0.0,nan,
bi14.1,14.1,inside the Turing sliver,seed1,0,activator_random_spikes,1,10.0,10.0,0.0,3232,0,4.35,24.535,1.5,8.459999999999999,6.908565044403076,200,60001,600.01,365.1,0.6,367.0,4.6429500213580165e-19,4.070000299578728e-19,331,0.008275,1,1,0,331,331.0,0.0,nan,nan,0.0,1654.7537623238422,379,0.009475,1,1,0,379,379.0,0.0,nan,nan,0.0,9332.811141497812,solver,0.0,nan,
bi14.1,14.1,inside the Turing sliver,seed36,1,activator_random_spikes,36,10.0,10.0,0.0,1007,1,4.35,24.535,1.5,8.459999999999999,6.807158946990967,200,60001,600.01,374.9,0.9,377.9,0.0005057467193887578,0.00046197041172236933,9611,0.240275,33,33,0,540,288.0,0.3922097704458603,0.1870968466425593,0.5159331001002257,0.8228346352722723,47013.25388517036,15507,0.387675,27,27,0,1489,520.0,0.4282189628074578,0.13444712536066372,0.5037447109691987,0.7472064140951887,265153.06216716766,solver,0.0,nan,
bi14.1,14.1,inside the Turing sliver,seed36,2,activator_random_spikes,36,10.0,10.0,0.0,2007,2,4.35,24.535,1.5,8.459999999999999,6.613094329833984,200,60001,600.01,376.0,1.2,379.8,0.0010288110577227991,0.0005636243917177655,9509,0.237725,33,33,0,577,288.0,0.4195020010995273,0.20718341490609812,0.5159331001002257,0.7755428660331947,46530.8432687359,16162,0.40405,22,22,0,2083,565.0,0.6300116257125646,0.1538141360921707,0.506661688955573,0.7965656873885311,262415.39602315426,solver,0.0,nan,
bi14.1,14.1,inside the Turing sliver,seed36,3,activator_random_spikes,36,10.0,10.0,0.0,3007,3,4.35,24.535,1.5,8.459999999999999,6.923060417175293,200,60001,600.01,371.4,1.0,374.5,0.0007783204763516626,0.00067667267970243,9312,0.2328,33,33,0,663,251.0,0.4933357348925398,0.19806409581399761,0.5159331001002257,0.73325633506921,45606.17699578857,14380,0.3595,27,27,0,1300,468.0,0.4926838376795544,0.09430497701984868,0.5037447109691987,0.7085684536718234,257218.18836677074,solver,0.0,nan,
bi14.1,14.1,inside the Turing sliver,seed9,1,activator_random_spikes,9,10.0,10.0,0.0,1007,1,4.35,24.535,1.5,8.459999999999999,7.042185306549072,200,60001,600.01,379.2,0.7,381.4,0.007045902257359859,0.00441564161550615,6812,0.1703,9,9,0,1358,686.0,0.4939873226136634,0.16127968272608462,0.39253455270158066,0.7743625325532792,33683.37754636328,9901,0.247525,9,9,0,1991,1031.0,0.5328856368903294,0.15724381169305088,0.39253455270158066,0.7739051553535533,189836.05745521933,solver,0.0,nan,
bi14.1,14.1,inside the Turing sliver,seed9,2,activator_random_spikes,9,10.0,10.0,0.0,2007,2,4.35,24.535,1.5,8.459999999999999,7.042168617248535,200,60001,600.01,369.6,0.6,371.9,0.004717989540197925,0.0036654052303602535,5219,0.130475,9,9,0,815,638.0,0.3627551795496388,0.004233872604363498,0.39253455270158066,0.735843328573431,25801.81086099502,7367,0.184175,9,9,0,1213,927.0,0.42334678990998953,0.00255435435319939,0.39253455270158066,0.7050996441488127,145419.2747756911,solver,0.0,nan,
bi14.1,14.1,inside the Turing sliver,seed9,3,activator_random_spikes,9,10.0,10.0,0.0,3007,3,4.35,24.535,1.5,8.459999999999999,7.07483434677124,200,60001,600.01,374.5,0.7,377.1,0.005799923281390766,0.0023505162310086068,6076,0.1519,9,9,0,1024,712.0,0.376557477252302,nan,0.39253455270158066,0.7913711462609295,29984.310403439253,8715,0.217875,9,9,0,1506,986.0,0.4145929726323368,nan,0.39253455270158066,0.8224991602817459,169005.72851221077,solver,0.0,nan,
bi15,15.0,3B_big,nucl,1,all_off,0,2.0,10.0,0.01,,1,2.0,2.0,1.5,9.0,6.709854602813721,200,60001,600.01,381.7,1.3,386.1,0.04186375878113876,0.03664010024915233,10092,0.2523,69,66,3,271,156.0,0.36633038745730423,0.15655098750532984,0.5200748340201856,0.684984950003187,50172.905333524905,19898,0.49745,34,34,0,2986,400.0,0.996897938273209,0.09490261730864397,0.5106559912230495,0.7098102496272983,293551.93318223953,fallback (= spike_value),4.0,2.0,
bi15,15.0,3B_big,nucl,2,all_off,0,2.0,10.0,0.01,,2,2.0,2.0,1.5,9.0,7.006760597229004,200,60001,600.01,386.4,1.4,390.7,0.042537618772846564,0.03743397009070593,10152,0.2538,67,63,4,360,162.0,0.39024644871672115,0.11696241823444965,0.5306370714613056,0.735514856700936,50437.01736301279,17892,0.4473,49,49,0,1546,310.0,0.6712636291383056,0.10045712013757069,0.5319866402503549,0.659035851599169,294916.6365008354,fallback (= spike_value),4.0,2.0,
bi15,15.0,3B_big,nucl,3,all_off,0,2.0,10.0,0.01,,3,2.0,2.0,1.5,9.0,6.841357231140137,200,60001,600.01,390.7,1.3,394.4,0.039097766118054766,0.036995004542315774,10149,0.253725,65,62,3,291,169.0,0.3782412440518992,0.10384407099715698,0.523126615194925,0.7577852380790473,50349.307959566235,19123,0.478075,36,36,0,3234,357.5,1.103409488156634,0.16985259410891285,0.5140931766491685,0.7038277638287321,294675.4015314579,fallback (= spike_value),4.0,2.0,
bi15,15.0,3B_big,random,1,random_uniform_over0,0,2.0,10.0,0.0,,1,2.0,2.0,1.5,9.0,5.982254981994629,200,60001,600.01,423.3,1.6,427.6,0.0005238032224269018,0.00032221691090538476,10960,0.274,55,55,0,1087,101.0,1.1709167897435595,0.35622252493240364,0.5219709934318447,0.7828075822507644,52071.21711811737,34573,0.864325,1,1,0,34573,34573.0,0.0,nan,nan,0.5004130747739935,312425.9187102318,fallback (= spike_value),0.0,nan,
bi15,15.0,3B_big,random,2,random_uniform_over0,0,2.0,10.0,0.0,,2,2.0,2.0,1.5,9.0,5.944247722625732,200,60001,600.01,423.8,1.1,427.4,0.0007129687061892886,0.0003665357340753566,10727,0.268175,80,80,0,579,110.0,0.9500563233456794,0.23620654341127414,0.5206395219370628,0.7437375418686154,50854.68771281977,34593,0.864825,1,1,0,34593,34593.0,0.0,nan,nan,0.49664698224422305,305143.60106897354,fallback (= spike_value),0.0,nan,
bi15,15.0,3B_big,random,3,random_uniform_over0,0,2.0,10.0,0.0,,3,2.0,2.0,1.5,9.0,5.899270057678223,200,60001,600.01,422.5,1.3,426.7,0.0005338633469899076,0.0003130846104794228,10849,0.271225,73,73,0,865,76.0,1.2016477398451144,0.2530349524097136,0.5193434458389864,0.7239767937057489,51511.691164377684,35695,0.892375,1,1,0,35695,35695.0,0.0,nan,nan,0.5127539481950203,309076.8040647507,fallback (= spike_value),0.0,nan,
bi15,15.0,3B_big,seed144,1,activator_random_spikes,144,10.0,10.0,0.0,1007,1,10.0,10.0,1.5,9.0,6.184545993804932,200,60001,600.01,391.8,1.2,395.5,3.2214005748122024e-05,2.7417274097712353e-05,8980,0.2245,101,101,0,213,84.0,0.4889838872984363,0.22771878332729373,0.5428575952971234,0.5606402832181036,43589.89037214275,21605,0.540125,10,10,0,7411,540.0,1.2661515180394944,nan,0.43025706457767543,0.6936431194682829,261540.00420856476,fallback (= spike_value),0.0,nan,
bi15,15.0,3B_big,seed144,2,activator_random_spikes,144,10.0,10.0,0.0,2007,2,10.0,10.0,1.5,9.0,6.093371391296387,200,60001,600.01,390.3,1.1,393.9,1.9935152930184653e-06,1.9935152930184653e-06,8885,0.222125,107,107,0,213,76.0,0.45667624844515603,0.19197571191869334,0.5198573549498061,0.5077959774537847,43203.095754011025,22270,0.55675,9,9,0,14610,1142.0,1.8586820081951572,nan,0.39253455270158066,0.7416939929948874,259218.6299519539,fallback (= spike_value),0.0,nan,
bi15,15.0,3B_big,seed144,3,activator_random_spikes,144,10.0,10.0,0.0,3007,3,10.0,10.0,1.5,9.0,6.618969917297363,200,60001,600.01,392.0,1.1,396.1,9.384548931313917e-06,9.384548931313917e-06,8896,0.2224,95,95,0,256,87.0,0.4132594419188941,0.23915191569279387,0.5182763621703769,0.5501526076898762,43231.054194401586,17329,0.433225,30,30,0,3938,314.5,1.2874491943443338,0.3776554840059134,0.5227783680520799,0.6883031635302346,259386.53680491447,fallback (= spike_value),0.0,nan,
bi15,15.0,3B_big,seed1,0,activator_random_spikes,1,10.0,10.0,0.0,3232,0,10.0,10.0,1.5,9.0,6.675707817077637,200,60001,600.01,368.8,0.7,371.1,5.527583171422519e-19,4.778969655757436e-19,271,0.006775,1,1,0,271,271.0,0.0,nan,nan,0.0,1356.0968489253717,325,0.008125,1,1,0,325,325.0,0.0,nan,nan,0.0,8136.581046251524,fallback (= spike_value),0.0,nan,
bi15,15.0,3B_big,seed36,1,activator_random_spikes,36,10.0,10.0,0.0,1007,1,10.0,10.0,1.5,9.0,6.777407646179199,200,60001,600.01,389.2,0.8,392.6,0.0004495559605461138,0.0004482297604030045,8495,0.212375,33,33,0,522,238.0,0.4119182290929564,0.19144420951181984,0.5159331001002257,0.8208160944033113,41485.76667269891,13839,0.345975,27,27,0,859,487.0,0.3387187019899379,0.13917890183521017,0.5037447109691987,0.7658935775528297,248913.33406364918,fallback (= spike_value),0.0,nan,
bi15,15.0,3B_big,seed36,2,activator_random_spikes,36,10.0,10.0,0.0,2007,2,10.0,10.0,1.5,9.0,6.629180431365967,200,60001,600.01,384.1,0.9,387.3,0.0012294879376226263,0.0012294879376226263,8425,0.210625,33,33,0,577,232.0,0.48055231159024797,0.2074000729995907,0.5159331001002257,0.7601576038882333,41174.75644818379,14186,0.35465,26,26,0,1429,503.0,0.5121116105081179,0.17008184962883108,0.5013157259347066,0.7632409209094279,247040.79405659437,fallback (= spike_value),0.0,nan,
bi15,15.0,3B_big,seed36,3,activator_random_spikes,36,10.0,10.0,0.0,3007,3,10.0,10.0,1.5,9.0,6.674639701843262,200,60001,600.01,383.1,0.9,386.3,0.0013040114138458164,0.0013040114138458164,8135,0.203375,33,33,0,599,208.0,0.5081826720600374,0.19594264714273213,0.5159331001002257,0.7134572508697895,39840.69361462229,13234,0.33085,27,27,0,1099,407.0,0.47460971211372877,0.09439869209462629,0.5037447109691987,0.6717426155334353,239023.01360440254,fallback (= spike_value),0.0,nan,
bi15,15.0,3B_big,seed9,1,activator_random_spikes,9,10.0,10.0,0.0,1007,1,10.0,10.0,1.5,9.0,6.8133344650268555,200,60001,600.01,378.1,0.8,380.8,0.007578182147290804,0.003578871417260911,5861,0.146525,9,9,0,1107,591.0,0.473735681464744,0.15676378440680072,0.39253455270158066,0.7799667944057035,28975.96918107694,9112,0.2278,9,9,0,1731,942.0,0.5168061785347982,0.1345845569252157,0.39253455270158066,0.7670295599579113,173720.45524932072,fallback (= spike_value),0.0,nan,
bi15,15.0,3B_big,seed9,2,activator_random_spikes,9,10.0,10.0,0.0,2007,2,10.0,10.0,1.5,9.0,6.864293575286865,200,60001,600.01,375.5,0.8,378.4,0.006444331547869234,0.0025902966377290945,4663,0.116575,9,9,0,967,514.0,0.4552823820391638,0.1290515089511502,0.39253455270158066,0.7211288036749777,23115.95910409938,6935,0.173375,9,9,0,1491,820.0,0.5106911698151073,0.1177615796319796,0.39253455270158066,0.7105966973432761,138567.44419329148,fallback (= spike_value),0.0,nan,
bi15,15.0,3B_big,seed9,3,activator_random_spikes,9,10.0,10.0,0.0,3007,3,10.0,10.0,1.5,9.0,6.80805778503418,200,60001,600.01,378.6,0.9,381.7,0.004516936971846551,0.002781427684982611,4880,0.122,9,9,0,736,625.0,0.3148436872212876,nan,0.39253455270158066,0.7656774488229982,23995.251401468373,7336,0.1834,9,9,0,1120,927.0,0.3601934740365593,nan,0.39253455270158066,0.7968121781921674,143900.46468391083,fallback (= spike_value),0.0,nan,
bi20,20.0,3L,nucl,1,all_off,0,2.0,10.0,0.01,,1,2.0,2.0,1.5,12.0,6.660340309143066,200,60001,600.01,394.0,1.3,398.0,0.04311223678805757,0.03881601770542126,5916,0.1479,64,61,3,172,99.0,0.32546028790505394,0.1272922261475413,0.5219267669042985,0.6362861946332924,29839.924121261112,10104,0.2526,58,58,0,362,183.0,0.37055785282014264,0.13703886230106802,0.5269374452452692,0.5617094085333845,227264.7044018507,fallback (= spike_value),4.0,2.0,
bi20,20.0,3L,nucl,2,all_off,0,2.0,10.0,0.01,,2,2.0,2.0,1.5,12.0,6.6828532218933105,200,60001,600.01,397.5,1.3,401.3,0.0441082626808618,0.03855151324135884,5970,0.14925,66,62,4,253,105.0,0.38146082615542903,0.10812076111105827,0.523126615194925,0.6567708658753391,30106.648796553898,10193,0.254825,60,60,0,481,182.0,0.41004880476576017,0.11438434688132992,0.5195392149559372,0.5251514347149173,229324.9073508978,fallback (= spike_value),4.0,2.0,
bi20,20.0,3L,nucl,3,all_off,0,2.0,10.0,0.01,,3,2.0,2.0,1.5,12.0,6.653170585632324,200,60001,600.01,400.4,1.9,405.1,0.04278586538025347,0.03910066711947467,5974,0.14935,67,65,2,141,95.0,0.30430882590233055,0.11309225991348501,0.5230582193023904,0.6500647489517527,30109.1300476713,10591,0.264775,61,61,0,350,174.0,0.2986513497606487,0.11064938533349057,0.5219267669042985,0.5052342994523401,229522.243360281,fallback (= spike_value),4.0,2.0,
bi20,20.0,3L,random,1,random_uniform_over0,0,2.0,10.0,0.0,,1,2.0,2.0,1.5,12.0,5.595419406890869,200,60001,600.01,446.0,1.0,450.2,4.1431057884560674e-05,3.146195678526124e-05,6313,0.157825,182,182,0,130,33.0,0.5312644776452509,0.1655181787246312,0.5197786167358864,0.43620810438021895,30565.17807062852,24728,0.6182,18,18,0,21267,147.0,3.616127327616533,0.742480222063025,0.4821905628155656,0.7255777991621203,244521.8393177986,fallback (= spike_value),0.0,nan,
bi20,20.0,3L,random,2,random_uniform_over0,0,2.0,10.0,0.0,,2,2.0,2.0,1.5,12.0,5.7454328536987305,200,60001,600.01,443.6,1.0,447.8,1.183948629348103e-05,4.418550539359988e-06,6348,0.1587,174,174,0,125,34.0,0.5055801255968024,0.15661370012264447,0.5304461969803215,0.4124636782529934,30643.81693442734,21841,0.546025,36,36,0,4353,237.5,1.695360676397417,0.29840341334512066,0.5140931766491685,0.7433718865378327,245150.1531882286,fallback (= spike_value),0.0,nan,
bi20,20.0,3L,random,3,random_uniform_over0,0,2.0,10.0,0.0,,3,2.0,2.0,1.5,12.0,5.754513740539551,200,60001,600.01,450.3,1.2,454.9,1.2281101439867384e-05,1.0798859644195174e-05,6308,0.1577,175,175,0,129,33.0,0.5234945246514008,0.15466413983820337,0.5292801901291094,0.43563111671950855,30523.63543014669,21075,0.526875,37,37,0,4517,303.0,1.482041825569469,0.23928219998214084,0.5200158646020302,0.7326961969100872,244189.09970378876,fallback (= spike_value),0.0,nan,
bi20,20.0,3L,seed144,1,activator_random_spikes,144,10.0,10.0,0.0,1007,1,10.0,10.0,1.5,12.0,5.997775554656982,200,60001,600.01,401.0,0.9,403.9,1.3808773850324363e-06,1.3808773850324363e-06,5635,0.140875,112,112,0,127,48.0,0.4207757459031748,0.2447359941560056,0.5275612019549452,0.401104940779486,27228.286325920802,14375,0.359375,37,37,0,1619,323.0,0.828544528094089,0.21702128845402513,0.5200158646020302,0.7198538985088789,217826.32320928574,fallback (= spike_value),0.0,nan,
bi20,20.0,3L,seed144,2,activator_random_spikes,144,10.0,10.0,0.0,2007,2,10.0,10.0,1.5,12.0,5.661459922790527,200,60001,600.01,402.8,1.0,405.9,8.077290072261846e-13,8.077290072261846e-13,5612,0.1403,115,115,0,108,48.0,0.3841938682558579,0.20796555498447813,0.5199870075221393,0.3931001408449493,27201.873780460504,16990,0.42475,23,23,0,8802,347.0,2.400257799926123,0.2744277667602285,0.5141645322289786,0.7671738396214679,217614.99028217793,fallback (= spike_value),0.0,nan,
bi20,20.0,3L,seed144,3,activator_random_spikes,144,10.0,10.0,0.0,3007,3,10.0,10.0,1.5,12.0,5.954324245452881,200,60001,600.01,402.2,0.9,405.4,1.785619829736806e-07,1.785619829736806e-07,5570,0.13925,102,102,0,120,54.0,0.3671003461251391,0.2110901067561278,0.5310983386270992,0.47505682600197613,27027.66871259058,13714,0.34285,42,42,0,1796,190.0,1.0641242193206222,0.26749093754099235,0.5225197646184975,0.6572100045948676,216221.3554919958,fallback (= spike_value),0.0,nan,
bi20,20.0,3L,seed1,0,activator_random_spikes,1,10.0,10.0,0.0,3232,0,10.0,10.0,1.5,12.0,5.906749248504639,200,60001,600.01,379.2,0.7,381.2,2.458408957587984e-19,2.368444939750505e-19,127,0.003175,1,1,0,127,127.0,0.0,nan,nan,0.0,639.2834544235429,187,0.004675,1,1,0,187,187.0,0.0,nan,nan,0.0,5114.26754481938,fallback (= spike_value),0.0,nan,
bi20,20.0,3L,seed36,1,activator_random_spikes,36,10.0,10.0,0.0,1007,1,10.0,10.0,1.5,12.0,6.279323101043701,200,60001,600.01,384.5,0.7,387.5,0.0005590045725994626,0.0001301259953359891,3391,0.084775,34,34,0,139,104.5,0.231859500140978,0.24844116998462856,0.5106559912230495,0.42848225991058153,16570.472574498664,5753,0.143825,27,27,0,439,190.0,0.39905166404014397,0.20872079820602366,0.5037447109691987,0.5143447412964967,132545.93713042513,fallback (= spike_value),0.0,nan,
bi20,20.0,3L,seed36,2,activator_random_spikes,36,10.0,10.0,0.0,2007,2,10.0,10.0,1.5,12.0,6.383514881134033,200,60001,600.01,384.2,0.8,386.9,0.0008511839320562584,0.0002658816939829327,3420,0.0855,34,34,0,135,110.0,0.21204035487523365,0.14684891024255636,0.5106559912230495,0.5010993977997737,16719.888993966815,5609,0.140225,30,30,0,592,173.0,0.4903100417499217,0.14691884279175743,0.5227783680520799,0.48817634576571883,133731.38337162882,fallback (= spike_value),0.0,nan,
bi20,20.0,3L,seed36,3,activator_random_spikes,36,10.0,10.0,0.0,3007,3,10.0,10.0,1.5,12.0,6.050202369689941,200,60001,600.01,391.6,0.8,394.0,2.4880046335436136e-07,2.4880046335436136e-07,3348,0.0837,34,34,0,132,106.0,0.22738558800717545,0.23268267109343424,0.5106559912230495,0.4233617097312797,16410.59048875012,5909,0.147725,28,28,0,375,194.5,0.29490366822818187,0.16359405332404703,0.5065154351896584,0.47204889916922127,131284.731734653,fallback (= spike_value),0.0,nan,
bi20,20.0,3L,seed9,1,activator_random_spikes,9,10.0,10.0,0.0,1007,1,10.0,10.0,1.5,12.0,6.157890319824219,200,60001,600.01,377.5,1.2,380.3,3.5552153196528604e-05,5.294500773374813e-06,1118,0.02795,9,9,0,132,127.0,0.07331525630937881,0.2590738478789231,0.39253455270158066,0.32051921424541846,5504.685275025897,1751,0.043775,8,8,0,458,187.5,0.4446527690083947,nan,0.3995408694984004,0.3496205193568864,44037.24678720154,fallback (= spike_value),0.0,nan,
bi20,20.0,3L,seed9,2,activator_random_spikes,9,10.0,10.0,0.0,2007,2,10.0,10.0,1.5,12.0,6.489128589630127,200,60001,600.01,382.9,1.4,386.4,2.636336738511963e-05,2.3567338872422845e-06,1122,0.02805,9,9,0,139,127.0,0.15182481201134518,0.08195212666384702,0.39253455270158066,0.34911677842808875,5544.137407655076,1559,0.038975,9,9,0,220,163.0,0.20590796269820996,0.08195212666384638,0.39253455270158066,0.3081172001546645,44352.20718656923,fallback (= spike_value),0.0,nan,
bi20,20.0,3L,seed9,3,activator_random_spikes,9,10.0,10.0,0.0,3007,3,10.0,10.0,1.5,12.0,6.040070533752441,200,60001,600.01,376.5,0.8,379.2,5.7104318986293245e-05,6.553767183226038e-06,1127,0.028175,9,9,0,132,127.0,0.032383828910194604,nan,0.39253455270158066,0.2843023397122194,5565.397875685649,1829,0.045725,9,9,0,240,194.0,0.09509152350335097,nan,0.39253455270158066,0.27495772770554555,44521.33699870373,fallback (= spike_value),0.0,nan,
bi25_D10,25.0,2L_JAPI at D_i 10,nucl,1,all_off,0,2.0,10.0,0.01,,1,2.0,2.0,1.5,15.0,5.784192613227939,200,60001,600.01,358.1,1.1,361.4,0.050304790291798546,0.04619521506633038,2838,0.07095,87,84,3,44,37.0,0.2281175475111596,0.13475616130154888,0.535230008377796,0.23378323547996557,14949.043045467175,4660,0.1165,84,84,0,73,61.0,0.23456813368527932,0.13920886570633295,0.535230008377796,0.32234935539164433,134029.45272303128,fallback (= spike_value),4.0,2.0,10.0
bi25_D10,25.0,2L_JAPI at D_i 10,nucl,2,all_off,0,2.0,10.0,0.01,,2,2.0,2.0,1.5,15.0,5.813562775801988,200,60001,600.01,354.0,1.0,356.7,0.05099303474284711,0.046216439770145445,2718,0.06795,84,79,5,44,37.0,0.24482423378001564,0.12010560009173134,0.5343912058718471,0.2905150623566083,14398.452216078147,4394,0.10985,79,79,0,74,61.0,0.25101943369954693,0.12211124393996654,0.5343912058718471,0.32400677232018266,128581.57344778058,fallback (= spike_value),4.0,2.0,10.0
bi25_D10,25.0,2L_JAPI at D_i 10,nucl,3,all_off,0,2.0,10.0,0.01,,3,2.0,2.0,1.5,15.0,5.791177927704389,200,60001,600.01,354.0,1.0,356.0,0.04914490291419359,0.046203566985856745,2917,0.072925,91,89,2,44,37.0,0.26701506781859213,0.1157975077538292,0.5277571469421406,0.2933529227574011,15229.616361741922,4784,0.1196,89,89,0,73,61.0,0.2745981283197466,0.12099099844934547,0.5277571469421406,0.3194926389218256,136674.26258767437,fallback (= spike_value),4.0,2.0,10.0
bi25_D10,25.0,2L_JAPI at D_i 10,random,1,random_uniform_over0,0,2.0,10.0,0.0,,1,2.0,2.0,1.5,15.0,5.287373396975712,200,60001,600.01,412.7,1.0,416.6,9.814019854848662e-05,9.814019854848662e-05,3423,0.085575,222,222,0,27,19.0,0.36223203435660917,0.15257420142773906,0.5282495578523004,0.1791137285438793,16860.739821177336,6449,0.161225,218,218,0,100,37.0,0.566653173866659,0.15443041657905926,0.5221811922934668,0.24385800935602156,168605.65689192415,fallback (= spike_value),0.0,nan,10.0
bi25_D10,25.0,2L_JAPI at D_i 10,random,2,random_uniform_over0,0,2.0,10.0,0.0,,2,2.0,2.0,1.5,15.0,4.6924986818967485,200,60001,600.01,410.1,1.1,414.9,0.00012817427904119612,0.00012817427904119612,3419,0.085475,228,226,2,27,14.5,0.3428425491084912,0.1388101382790681,0.5275866723921658,0.1809081820221229,17003.687242086282,10476,0.2619,202,202,0,214,54.0,0.5699997396533237,0.1726581603698678,0.525537572818787,0.4629669928946012,170035.46864332308,fallback (= spike_value),0.0,nan,10.0
bi25_D10,25.0,2L_JAPI at D_i 10,random,3,random_uniform_over0,0,2.0,10.0,0.0,,3,2.0,2.0,1.5,15.0,4.696496368605718,200,60001,600.01,407.0,1.0,411.5,8.642170465150353e-05,5.776658906846331e-05,3462,0.08655,214,213,1,27,19.0,0.31756535553865683,0.1426300752913448,0.5200435673523566,0.15155889791639324,17048.58487056093,10769,0.269225,184,184,0,218,56.0,0.6701657393362314,0.1917985632427019,0.5281973713822603,0.46690002008027476,170485.97524334467,fallback (= spike_value),0.0,nan,10.0
bi25_D10,25.0,2L_JAPI at D_i 10,seed1,0,activator_random_spikes,1,10.0,10.0,0.0,3232,0,10.0,10.0,1.5,15.0,5.228877819614781,200,60001,600.01,343.5,0.5,345.1,0.0,0.0,37,0.000925,1,1,0,37,37.0,0.0,nan,nan,0.0,182.26425853057447,61,0.001525,1,1,0,61,61.0,0.0,nan,nan,0.0,1822.6425853057258,fallback (= spike_value),0.0,nan,10.0
bi25_D10,25.0,2L_JAPI at D_i 10,seed36,1,activator_random_spikes,36,10.0,10.0,0.0,1007,1,10.0,10.0,1.5,15.0,5.332507511348614,200,60001,600.01,346.8,0.7,349.0,6.260384995285e-14,6.260384995285e-14,1215,0.030375,36,36,0,37,35.0,0.11902010264006453,0.32817103886877486,0.5140931766491685,0.22557097037292348,5837.605080352323,2170,0.05425,35,35,0,106,61.0,0.14589735373968452,0.33068445536702273,0.5078798624128505,0.29507234837157087,58376.05080352097,fallback (= spike_value),0.0,nan,10.0
bi25_D10,25.0,2L_JAPI at D_i 10,seed36,2,activator_random_spikes,36,10.0,10.0,0.0,2007,2,10.0,10.0,1.5,15.0,5.663388553495311,200,60001,600.01,349.1,0.7,351.5,4.093467022631532e-07,2.1259313015791052e-07,1174,0.02935,35,35,0,37,37.0,0.12676140637247774,0.24664848081566113,0.5078798624128505,0.2386119491496283,5608.150601556768,1896,0.0474,35,35,0,64,55.0,0.12451778860835729,0.2624236137371547,0.5078798624128505,0.3149771673582636,56081.517057610065,fallback (= spike_value),0.0,nan,10.0
bi25_D10,25.0,2L_JAPI at D_i 10,seed36,3,activator_random_spikes,36,10.0,10.0,0.0,3007,3,10.0,10.0,1.5,15.0,5.3202172519115765,200,60001,600.01,350.4,0.7,352.3,8.79736473085531e-249,8.79736473085531e-249,1181,0.029525,34,34,0,37,37.0,0.1130232422875118,0.2630463098765833,0.5106559912230495,0.15741439326750387,5679.639537735557,2063,0.051575,33,33,0,110,61.0,0.14753773832961212,0.25538168660898214,0.5159331001002257,0.2505520419997621,56796.395377355904,fallback (= spike_value),0.0,nan,10.0
bi25_D5,25.0,2L_JAPI at D_i 5,nucl,1,all_off,0,2.0,10.0,0.01,,1,2.0,2.0,1.5,15.0,5.139874955733232,200,60001,600.01,363.9,1.0,367.8,0.060413614518548306,0.05361427612133009,1390,0.03475,94,91,3,19,14.0,0.19666740249426531,0.15196294251367293,0.5188726531919235,0.43782147126988313,8202.952999708948,2062,0.05155,90,90,0,31,22.0,0.24971844470956991,0.13932142383383236,0.5269379989446071,0.3122896180495314,66087.24652164926,fallback (= spike_value),4.0,2.0,5.0
bi25_D5,25.0,2L_JAPI at D_i 5,nucl,2,all_off,0,2.0,10.0,0.01,,2,2.0,2.0,1.5,15.0,5.2390014345597695,200,60001,600.01,359.7,0.9,362.3,0.059336522526601196,0.052851111149483355,1401,0.035025,96,89,7,19,15.0,0.16986213005671788,0.13587700916215428,0.5277571469421406,0.40607093314906,8239.549490421787,1966,0.04915,91,89,2,31,21.0,0.21756496322445976,0.13570076875051681,0.5277571469421406,0.3585390650032187,66644.29785586687,fallback (= spike_value),4.0,2.0,5.0
bi25_D5,25.0,2L_JAPI at D_i 5,nucl,3,all_off,0,2.0,10.0,0.01,,3,2.0,2.0,1.5,15.0,5.1332187586106794,200,60001,600.01,362.1,1.1,366.3,0.05720473217633729,0.05320409182746763,1435,0.035875,98,96,2,19,14.0,0.21956723254219787,0.11227404433583506,0.5281647578110513,0.43409289891767316,8382.61399372651,2074,0.05185,96,95,1,31,21.0,0.26496968199736937,0.11363291840330697,0.5182763621703769,0.3622461420873,67816.21925363093,fallback (= spike_value),4.0,2.0,5.0
bi25_D5,25.0,2L_JAPI at D_i 5,random,1,random_uniform_over0,0,2.0,10.0,0.0,,1,2.0,2.0,1.5,15.0,4.314232824831342,200,60001,600.01,451.8,0.7,454.2,0.000443945263248842,0.000443945263248842,866,0.02165,67,67,0,16,14.0,0.18481643594440086,0.1796550439524423,0.5238141619396102,0.4928594224620164,4162.371274303741,1671,0.041775,67,67,0,28,27.0,0.19973384994956825,0.18887788914199605,0.5238141619396102,0.07643238221624594,41622.33346296061,fallback (= spike_value),0.0,nan,5.0
bi25_D5,25.0,2L_JAPI at D_i 5,random,2,random_uniform_over0,0,2.0,10.0,0.0,,2,2.0,2.0,1.5,15.0,4.317356933640741,200,60001,600.01,453.6,0.8,456.0,0.00046021928886246107,0.00046021928886246107,1022,0.02555,80,80,0,17,14.0,0.17030692765693362,0.20066621754020378,0.5206395219370628,0.3975880038892893,5009.4197423294045,2025,0.050625,80,80,0,28,27.0,0.1800655011478558,0.20884674958647376,0.5206395219370628,0.08746123040869687,50092.75437198303,fallback (= spike_value),0.0,nan,5.0
bi25_D5,25.0,2L_JAPI at D_i 5,random,3,random_uniform_over0,0,2.0,10.0,0.0,,3,2.0,2.0,1.5,15.0,4.323988071986568,200,60001,600.01,452.9,1.1,456.1,0.00041334638221261424,0.0003825945146943917,967,0.024175,75,74,1,18,14.0,0.18928070824074497,0.21730170161965476,0.528246926016061,0.4965235512470093,4606.283157976322,1838,0.04595,75,75,0,28,27.0,0.2195762230953916,0.22286209920422345,0.5287687030855769,0.15965625564196478,46061.59668825781,fallback (= spike_value),0.0,nan,5.0
bi25_D5,25.0,2L_JAPI at D_i 5,seed1,0,activator_random_spikes,1,10.0,10.0,0.0,3232,0,10.0,10.0,1.5,15.0,4.904199786206639,200,60001,600.01,348.9,0.6,351.0,0.0,0.0,19,0.000475,1,1,0,19,19.0,0.0,nan,nan,0.0,82.48114107242613,31,0.000775,1,1,0,31,31.0,0.0,nan,nan,0.0,824.8114107242575,fallback (= spike_value),0.0,nan,5.0
bi25_D5,25.0,2L_JAPI at D_i 5,seed36,1,activator_random_spikes,36,10.0,10.0,0.0,1007,1,10.0,10.0,1.5,15.0,4.903419725036305,200,60001,600.01,361.5,0.7,363.7,0.00016503266098584233,0.0001623005643542528,548,0.0137,36,36,0,19,14.0,0.14572448006905672,0.2647417619957215,0.5140931766491685,0.44795473658872415,2536.4148248033116,833,0.020825,36,36,0,31,21.0,0.18685889706227388,0.27003235811858933,0.5140931766491685,0.18115054338839917,25363.73661256629,fallback (= spike_value),0.0,nan,5.0
bi25_D5,25.0,2L_JAPI at D_i 5,seed36,2,activator_random_spikes,36,10.0,10.0,0.0,2007,2,10.0,10.0,1.5,15.0,4.903556777268309,200,60001,600.01,359.6,0.9,362.7,0.0002566298986494114,0.00023812995749872577,527,0.013175,35,34,1,19,14.0,0.15782971810202673,0.1913271413384205,0.5106559912230495,0.4196831268106662,2451.8447048396793,815,0.020375,35,34,1,31,21.0,0.19943341155569164,0.19322001574025716,0.5106559912230495,0.1951161273184836,24518.42809042216,fallback (= spike_value),0.0,nan,5.0
bi25_D5,25.0,2L_JAPI at D_i 5,seed36,3,activator_random_spikes,36,10.0,10.0,0.0,3007,3,10.0,10.0,1.5,15.0,4.90363154740593,200,60001,600.01,358.9,0.8,361.4,0.0001595160481370405,0.00014194280560098486,551,0.013775,34,34,0,19,16.0,0.18715083915189948,0.21559612921450724,0.5106559912230495,0.27696913249351923,2498.5123375897033,862,0.02155,34,34,0,31,22.0,0.23382967462124266,0.21861016185773005,0.5106559912230495,0.08431232065959382,24985.07204522599,fallback (= spike_value),0.0,nan,5.0
bi25,25.0,2L_JAPI,nucl,1,all_off,0,2.0,10.0,0.01,,1,2.0,2.0,1.5,15.0,6.360438823699951,200,60001,600.01,388.1,1.2,391.5,0.04478020029095804,0.04014867101513933,3875,0.096875,64,61,3,89,68.0,0.29497982888839697,0.14641937805926494,0.5219267669042985,0.49177899315280926,19946.592112149414,6922,0.17305,61,61,0,152,123.0,0.28201597514742593,0.16335562062771894,0.5219267669042985,0.4142536358544489,184450.44969511032,fallback (= spike_value),4.0,2.0,
bi25,25.0,2L_JAPI,nucl,2,all_off,0,2.0,10.0,0.01,,2,2.0,2.0,1.5,15.0,6.232921600341797,200,60001,600.01,388.2,1.0,391.5,0.04514433459990645,0.04067186265331245,3866,0.09665,66,61,5,91,70.0,0.311409572908328,0.10882335316756263,0.5219267669042985,0.5566771525170098,19904.91330786624,7163,0.179075,60,60,0,165,131.0,0.2887533551295378,0.11931177005844554,0.5195392149559372,0.4362215122494233,184068.90219664574,fallback (= spike_value),4.0,2.0,
bi25,25.0,2L_JAPI,nucl,3,all_off,0,2.0,10.0,0.01,,3,2.0,2.0,1.5,15.0,6.146620750427246,200,60001,600.01,389.3,1.3,393.1,0.04537702657429728,0.040061309700449355,4024,0.1006,68,66,2,90,65.0,0.2806443639331609,0.09260141642134995,0.5200748340201856,0.5297658544351801,20624.46018974841,8047,0.201175,66,66,0,166,135.0,0.2670096774669867,0.10695524113128477,0.5200748340201856,0.45978583047676896,191356.9329251051,fallback (= spike_value),4.0,2.0,
bi25,25.0,2L_JAPI,random,1,random_uniform_over0,0,2.0,10.0,0.0,,1,2.0,2.0,1.5,15.0,5.050036430358887,200,60001,600.01,431.7,1.1,436.3,8.168539497900518e-10,8.168539497900518e-10,4451,0.111275,191,191,0,51,24.0,0.3731408183533765,0.1661513181576536,0.5227201991921817,0.3260970159060162,21707.219370650775,23268,0.5817,24,24,0,17996,111.0,3.7506873871197417,0.3112730972549688,0.5026326996635645,0.6894832380062205,217072.19398403168,fallback (= spike_value),0.0,nan,
bi25,25.0,2L_JAPI,random,2,random_uniform_over0,0,2.0,10.0,0.0,,2,2.0,2.0,1.5,15.0,5.077781677246094,200,60001,600.01,433.8,1.1,438.0,1.1160399412851887e-08,1.1160399412851887e-08,4406,0.11015,186,186,0,52,22.0,0.36112575456886364,0.14780310676439087,0.5270201605117307,0.2614055795045713,21573.830035638995,21934,0.54835,31,31,0,9896,135.0,2.643450202097323,0.38432022557311557,0.5243862073799598,0.6637762231166526,215738.3003256321,fallback (= spike_value),0.0,nan,
bi25,25.0,2L_JAPI,random,3,random_uniform_over0,0,2.0,10.0,0.0,,3,2.0,2.0,1.5,15.0,4.751025199890137,200,60001,600.01,444.0,1.1,448.3,1.4126388776897143e-05,3.5846018457439255e-06,4386,0.10965,190,190,0,44,19.0,0.3754456263724344,0.1595848883028291,0.5243767789632231,0.25638983120534203,21513.703312243997,28825,0.720625,4,4,0,28280,241.5,1.9496369731428405,nan,0.36672624319361635,0.6087384270630409,215136.92607545853,fallback (= spike_value),0.0,nan,
bi25,25.0,2L_JAPI,seed144,1,activator_random_spikes,144,10.0,10.0,0.0,1007,1,10.0,10.0,1.5,15.0,5.248753547668457,200,60001,600.01,386.1,0.9,389.1,1.7247796972146964e-05,5.34040065204825e-06,3907,0.097675,113,113,0,65,36.0,0.37018240985335515,0.22036901690073374,0.5212336184314065,0.3510379827937919,18876.63931075977,14307,0.357675,31,31,0,1442,299.0,0.8501022496405855,0.1506713465391962,0.5243862073799598,0.6546892686056252,188766.9029995203,fallback (= spike_value),0.0,nan,
bi25,25.0,2L_JAPI,seed144,2,activator_random_spikes,144,10.0,10.0,0.0,2007,2,10.0,10.0,1.5,15.0,5.352450370788574,200,60001,600.01,383.4,0.9,386.4,2.5214497238585244e-12,2.5214497238585244e-12,3952,0.0988,117,117,0,61,33.0,0.34127206403779414,0.2115358912319386,0.5266529513356694,0.31278858723152325,19141.377146951407,13553,0.338825,36,36,0,2483,255.0,1.2539333889254571,0.26343569360413516,0.5140931766491685,0.7535143348897226,191413.77153015137,fallback (= spike_value),0.0,nan,
bi25,25.0,2L_JAPI,seed144,3,activator_random_spikes,144,10.0,10.0,0.0,3007,3,10.0,10.0,1.5,15.0,5.497542381286621,200,60001,600.01,381.3,0.9,384.4,3.351222919962492e-11,3.351222919962492e-11,3909,0.097725,104,104,0,75,37.0,0.30028676012045585,0.23538825057969132,0.5233459444834316,0.35602203449107167,18937.304796349345,11602,0.29005,50,50,0,978,142.5,0.81611697142668,0.20577778274840744,0.51563673953436,0.6638692836998912,189373.04786384106,fallback (= spike_value),0.0,nan,
bi25,25.0,2L_JAPI,seed1,0,activator_random_spikes,1,10.0,10.0,0.0,3232,0,10.0,10.0,1.5,15.0,5.906027317047119,200,60001,600.01,375.7,1.0,377.9,1.6808635029796582e-19,1.4451618086516865e-19,91,0.002275,1,1,0,91,91.0,0.0,nan,nan,0.0,442.8746544756299,151,0.003775,1,1,0,151,151.0,0.0,nan,nan,0.0,4428.746512391928,fallback (= spike_value),0.0,nan,
bi25,25.0,2L_JAPI,seed36,1,activator_random_spikes,36,10.0,10.0,0.0,1007,1,10.0,10.0,1.5,15.0,5.768101215362549,200,60001,600.01,368.5,0.8,371.1,8.565141223878364e-12,8.565141223878364e-12,2175,0.054375,35,35,0,85,61.0,0.2210605121522825,0.3167591341528463,0.5078798624128505,0.4067759851020169,10556.961332843608,4433,0.110825,27,27,0,280,139.0,0.35408680230696127,0.25579888150682545,0.5037447109691987,0.5365394967619718,105569.61330128275,fallback (= spike_value),0.0,nan,
bi25,25.0,2L_JAPI,seed36,2,activator_random_spikes,36,10.0,10.0,0.0,2007,2,10.0,10.0,1.5,15.0,6.012594699859619,200,60001,600.01,371.7,0.7,374.0,1.8076673364615647e-09,1.8076673364615647e-09,2138,0.05345,35,35,0,91,64.0,0.2202550331432524,0.2365870828665135,0.5078798624128505,0.3922532141118019,10376.16313269386,3909,0.097725,29,29,0,296,120.0,0.41412167538292705,0.22926832649780904,0.5112355553271656,0.4686929052053344,103761.6313352026,fallback (= spike_value),0.0,nan,
bi25,25.0,2L_JAPI,seed36,3,activator_random_spikes,36,10.0,10.0,0.0,3007,3,10.0,10.0,1.5,15.0,5.965171813964844,200,60001,600.01,369.5,0.7,371.8,4.530880878816923e-18,4.265815131687667e-18,2173,0.054325,34,34,0,91,66.5,0.21368149348583604,0.25569810113366614,0.5106559912230495,0.3357202678816324,10604.839473298514,3896,0.0974,29,29,0,246,121.0,0.2917004156548721,0.21393746298548694,0.5112355553271656,0.43494313956882635,106048.39462964702,fallback (= spike_value),0.0,nan,
bi25,25.0,2L_JAPI,seed9,1,activator_random_spikes,9,10.0,10.0,0.0,1007,1,10.0,10.0,1.5,15.0,5.921232223510742,200,60001,600.01,371.1,0.8,373.4,1.3947664637831147e-18,1.2817160280007601e-18,701,0.017525,9,9,0,91,75.0,0.15169961661711356,0.36887774145784985,0.39253455270158066,0.2743089466577832,3412.1952455153432,1245,0.031125,7,7,0,286,151.0,0.37466529061010867,nan,0.3953042437958993,0.3035290979855886,34121.95243703492,fallback (= spike_value),0.0,nan,
bi25,25.0,2L_JAPI,seed9,2,activator_random_spikes,9,10.0,10.0,0.0,2007,2,10.0,10.0,1.5,15.0,5.94501256942749,200,60001,600.01,371.3,1.0,374.0,2.222735311919528e-16,2.222735311919528e-16,708,0.0177,9,9,0,91,91.0,0.22462623364922404,0.08195212666384792,0.39253455270158066,0.28713138592344783,3435.7229714827276,1209,0.030225,9,9,0,151,151.0,0.22613002748015934,0.08195212666384594,0.39253455270158066,0.28741120865172126,34357.229737931135,fallback (= spike_value),0.0,nan,
bi25,25.0,2L_JAPI,seed9,3,activator_random_spikes,9,10.0,10.0,0.0,3007,3,10.0,10.0,1.5,15.0,5.9296770095825195,200,60001,600.01,370.0,0.7,372.1,1.3647345219971728e-10,1.3647345219971728e-10,725,0.018125,9,9,0,91,79.0,0.12887512967501324,nan,0.39253455270158066,0.28395986386279665,3527.7945306057336,1259,0.031475,9,9,0,151,138.0,0.08208714380706403,nan,0.39253455270158066,0.2560358968439434,35277.94526686678,fallback (= spike_value),0.0,nan,
bi30,30.0,3B_small,nucl,1,all_off,0,2.0,10.0,0.01,,1,2.0,2.0,1.5,18.0,6.033455848693848,200,60001,600.01,394.9,1.1,398.3,0.046257606577751895,0.04161843199316478,2754,0.06885,62,59,3,64,51.0,0.2618181164252429,0.1513514455971408,0.5208896564985712,0.4715809344287962,14567.808316932242,5356,0.1339,58,58,0,198,101.0,0.3018550471357677,0.1569357871922735,0.5269374452452692,0.42040846176792634,156236.32120847702,fallback (= spike_value),4.0,2.0,
bi30,30.0,3B_small,nucl,2,all_off,0,2.0,10.0,0.01,,2,2.0,2.0,1.5,18.0,6.044376373291016,200,60001,600.01,391.1,1.2,394.0,0.046488967514212054,0.04127835970811332,2788,0.0697,65,60,5,61,52.0,0.2621648301584035,0.11731918284281838,0.5195392149559372,0.4516503228822503,14730.11168941412,5313,0.132825,60,60,0,115,98.0,0.2653057319097927,0.1325436293489634,0.5195392149559372,0.4346423308691476,158266.00970363617,fallback (= spike_value),4.0,2.0,
bi30,30.0,3B_small,nucl,3,all_off,0,2.0,10.0,0.01,,3,2.0,2.0,1.5,18.0,5.819069862365723,200,60001,600.01,392.7,1.1,395.2,0.04498297569834604,0.040382696888181295,2821,0.070525,65,64,1,64,48.0,0.31122790670092126,0.11597920119926271,0.515033447331241,0.45850178210274445,14864.481702456515,6028,0.1507,64,64,0,128,106.5,0.3119858574269339,0.13449064226888496,0.515033447331241,0.4422080648326031,159902.32080084085,fallback (= spike_value),4.0,2.0,
bi30,30.0,3B_small,random,1,random_uniform_over0,0,2.0,10.0,0.0,,1,2.0,2.0,1.5,18.0,4.987749099731445,200,60001,600.01,473.4,1.1,477.2,4.320563559787937e-05,3.4333079432488166e-05,3205,0.080125,177,176,1,37,19.0,0.40905850088081186,0.18626758240529598,0.5230304553750176,0.20446943582650826,15923.160637751138,13012,0.3253,109,109,0,732,100.0,0.9783666792199402,0.24613895084799264,0.5269450979172464,0.608316137978453,191078.17736887932,fallback (= spike_value),0.0,nan,
bi30,30.0,3B_small,random,2,random_uniform_over0,0,2.0,10.0,0.0,,2,2.0,2.0,1.5,18.0,4.55682373046875,200,60001,600.01,468.3,1.1,472.5,9.575552243339457e-05,3.242741448863789e-05,3231,0.080775,183,183,0,33,19.0,0.4025012000883901,0.17201076827227785,0.5236604235033329,0.16486310127424622,16063.750715081569,21591,0.539775,29,29,0,6960,235.0,2.0150578080086583,0.25151009003952096,0.5112355553271656,0.6949666162426419,192765.48128962517,fallback (= spike_value),0.0,nan,
bi30,30.0,3B_small,random,3,random_uniform_over0,0,2.0,10.0,0.0,,3,2.0,2.0,1.5,18.0,4.585062503814697,200,60001,600.01,466.6,1.0,470.3,7.448116856328354e-05,1.775540356272394e-05,3262,0.08155,176,176,0,33,19.0,0.3895807209212215,0.1566720070880229,0.5230304553750176,0.16956426340427033,16148.170696857549,20963,0.524075,35,35,0,7374,147.0,2.2431623488800243,0.27050996405877614,0.5078798624128505,0.6614056175586834,193776.0989215374,fallback (= spike_value),0.0,nan,
bi30,30.0,3B_small,seed144,1,activator_random_spikes,144,10.0,10.0,0.0,1007,1,10.0,10.0,1.5,18.0,5.049994945526123,200,60001,600.01,418.4,1.0,422.0,1.5964881194460948e-05,1.203527425910784e-06,2895,0.072375,107,107,0,48,27.0,0.3196757240299194,0.20530115500233181,0.5198573549498061,0.2250138320309824,14048.353804969996,11011,0.275275,52,52,0,911,153.5,0.8432612553405674,0.2664952876904634,0.5171429860459384,0.661241381849353,168580.07567888498,fallback (= spike_value),0.0,nan,
bi30,30.0,3B_small,seed144,2,activator_random_spikes,144,10.0,10.0,0.0,2007,2,10.0,10.0,1.5,18.0,4.985870838165283,200,60001,600.01,413.7,0.9,417.1,0.00022402399636638882,6.111360646046348e-05,2980,0.0745,111,111,0,44,27.0,0.2903631307055335,0.18443772831879268,0.5213354187810231,0.2747260732202961,14431.179649316247,11851,0.296275,51,51,0,1868,153.0,1.1685164115816868,0.23474192831691149,0.5211877332747886,0.7006449980574015,173169.98378801346,fallback (= spike_value),0.0,nan,
bi30,30.0,3B_small,seed144,3,activator_random_spikes,144,10.0,10.0,0.0,3007,3,10.0,10.0,1.5,18.0,5.586035251617432,200,60001,600.01,411.1,1.0,414.3,6.947018630951611e-05,5.196495746249601e-06,2912,0.0728,104,104,0,61,28.0,0.3125408631892271,0.26446873342786986,0.5233459444834316,0.27806519805207425,14089.172321649294,7125,0.178125,83,82,1,274,76.5,0.5350351498005296,0.2274201875049619,0.52402740607983,0.4780241732274551,169067.85096108913,fallback (= spike_value),0.0,nan,
bi30,30.0,3B_small,seed1,0,activator_random_spikes,1,10.0,10.0,0.0,3232,0,10.0,10.0,1.5,18.0,5.471761703491211,200,60001,600.01,385.8,0.7,388.0,5.891812288590654e-20,4.096528603863124e-20,61,0.001525,1,1,0,61,61.0,0.0,nan,nan,0.0,296.5428014438264,109,0.002725,1,1,0,109,109.0,0.0,nan,nan,0.0,3558.513574237853,fallback (= spike_value),0.0,nan,
bi30,30.0,3B_small,seed36,1,activator_random_spikes,36,10.0,10.0,0.0,1007,1,10.0,10.0,1.5,18.0,5.557882308959961,200,60001,600.01,392.8,1.0,395.5,3.565420528262031e-18,3.1476557471599165e-18,1586,0.03965,35,35,0,61,44.0,0.22433551368346277,0.3213517271630016,0.5078798624128505,0.26199088150528793,7643.855131327479,3435,0.085875,30,30,0,206,105.0,0.304428798532171,0.2730517197439951,0.5227783680520799,0.4538642664618318,91726.26158129796,fallback (= spike_value),0.0,nan,
bi30,30.0,3B_small,seed36,2,activator_random_spikes,36,10.0,10.0,0.0,2007,2,10.0,10.0,1.5,18.0,5.550639629364014,200,60001,600.01,393.3,0.8,395.6,1.1299522470649825e-14,1.1299522470649825e-14,1512,0.0378,35,35,0,61,44.0,0.2116207585208507,0.2539033930126487,0.5078798624128505,0.31840387426256833,7310.566002362094,3319,0.082975,28,28,0,244,96.5,0.46815198849015266,0.23671970622958147,0.5065154351896584,0.5046797994368729,87726.79206179455,fallback (= spike_value),0.0,nan,
bi30,30.0,3B_small,seed36,3,activator_random_spikes,36,10.0,10.0,0.0,3007,3,10.0,10.0,1.5,18.0,5.766444683074951,200,60001,600.01,396.0,0.9,398.8,5.259419114845175e-12,5.259419114845175e-12,1584,0.0396,34,34,0,61,44.0,0.21896857569136302,0.2776479646465822,0.5106559912230495,0.28652115803692163,7650.074575290229,3041,0.076025,30,30,0,176,95.0,0.27933563498405806,0.21027902291003445,0.5227783680520799,0.35066476443426,91800.8947993922,fallback (= spike_value),0.0,nan,
bi30,30.0,3B_small,seed9,1,activator_random_spikes,9,10.0,10.0,0.0,1007,1,10.0,10.0,1.5,18.0,5.583693504333496,200,60001,600.01,388.7,0.8,391.2,1.0272924504320449e-16,9.82553870761112e-17,489,0.012225,9,9,0,61,61.0,0.15232771801147404,0.4225213769034913,0.39253455270158066,0.05531309809579787,2361.6629333428973,978,0.02445,8,8,0,216,109.0,0.3149246312909093,0.4363089866278377,0.3995408694984004,0.26244388371607175,28339.95524297266,fallback (= spike_value),0.0,nan,
bi30,30.0,3B_small,seed9,2,activator_random_spikes,9,10.0,10.0,0.0,2007,2,10.0,10.0,1.5,18.0,5.499825477600098,200,60001,600.01,389.9,1.1,392.2,1.226865560099294e-18,1.1208133081580876e-18,474,0.01185,9,9,0,61,61.0,0.21376576422527283,0.08195212666384756,0.39253455270158066,0.2696862730353941,2288.2125612952364,938,0.02345,8,8,0,213,113.0,0.3744279390598573,0.08920109894265256,0.3995408694984004,0.3947080472421245,27458.55068838341,fallback (= spike_value),0.0,nan,
bi30,30.0,3B_small,seed9,3,activator_random_spikes,9,10.0,10.0,0.0,3007,3,10.0,10.0,1.5,18.0,5.4887590408325195,200,60001,600.01,389.9,0.8,392.1,1.2541955863622223e-18,1.1823661759955208e-18,496,0.0124,9,9,0,61,52.0,0.10519673667898843,nan,0.39253455270158066,0.15769503754990546,2407.403100853801,965,0.024125,9,9,0,116,109.0,0.07340343390539436,nan,0.39253455270158066,0.27400573743866785,28888.837317569567,fallback (= spike_value),0.0,nan,
bi50,50.0,S8D_lowri,nucl,1,all_off,0,2.0,10.0,0.01,,1,2.0,2.0,1.5,30.0,4.7355146408081055,200,60001,600.01,392.1,1.1,395.7,0.05436346440666732,0.04668750212282864,995,0.024875,57,54,3,24,19.0,0.17735406935282683,0.16528674501809085,0.5262584670299414,0.18545098482437186,6434.398282358745,2863,0.071575,54,54,0,67,55.5,0.21208193924789545,0.17880824570119372,0.5262584670299414,0.3036918146552177,96498.55997866392,fallback (= spike_value),4.0,2.0,
bi50,50.0,S8D_lowri,nucl,2,all_off,0,2.0,10.0,0.01,,2,2.0,2.0,1.5,30.0,4.843944549560547,200,60001,600.01,399.2,1.1,402.3,0.05170884880707847,0.04830417490514411,986,0.02465,59,54,5,24,19.0,0.17820867832109694,0.15665661273355103,0.5262584670299414,0.2027822672807796,6362.182009223714,2607,0.065175,54,54,0,64,52.0,0.22440838324196638,0.16369791958780613,0.5262584670299414,0.34518593279879184,95487.06498336792,fallback (= spike_value),4.0,2.0,
bi50,50.0,S8D_lowri,nucl,3,all_off,0,2.0,10.0,0.01,,3,2.0,2.0,1.5,30.0,4.849341869354248,200,60001,600.01,393.0,1.3,396.5,0.05110967109589365,0.04733129280110346,1003,0.025075,57,55,2,26,19.0,0.2363039596241816,0.1614919905822691,0.5219709934318447,0.21344499866038127,6473.803588473821,2533,0.063325,55,55,0,69,49.0,0.30722762718433455,0.16901951172508872,0.5219709934318447,0.32216973394424253,97084.37908607721,fallback (= spike_value),4.0,2.0,
bi50,50.0,S8D_lowri,random,1,random_uniform_over0,0,2.0,10.0,0.0,,1,2.0,2.0,1.5,30.0,4.613588333129883,200,60001,600.01,508.7,0.8,511.4,5.8846834740181045e-19,5.169028725014735e-19,162,0.00405,8,8,0,24,19.0,0.11429877774969771,0.2197030893323416,0.3995408694984004,0.14509525002245202,802.7095193780876,429,0.010725,8,8,0,64,52.0,0.1610152168329881,0.22563191404645092,0.3995408694984004,0.3899500045016854,16054.190341530717,fallback (= spike_value),0.0,nan,
bi50,50.0,S8D_lowri,random,2,random_uniform_over0,0,2.0,10.0,0.0,,2,2.0,2.0,1.5,30.0,4.622339725494385,200,60001,600.01,512.4,0.6,514.6,7.56632170112459e-19,7.411660261219533e-19,224,0.0056,11,11,0,24,19.0,0.11468957659522437,0.2589134169688904,0.421535908887942,0.15828572729670978,1102.9014621230963,582,0.01455,11,11,0,64,51.0,0.15958305577862192,0.2645195606343255,0.421535908887942,0.2638162272085789,22058.029292440857,fallback (= spike_value),0.0,nan,
bi50,50.0,S8D_lowri,random,3,random_uniform_over0,0,2.0,10.0,0.0,,3,2.0,2.0,1.5,30.0,4.615546703338623,200,60001,600.01,510.8,0.9,513.5,2.4236414549658953e-05,2.625205383240121e-06,273,0.006825,14,14,0,24,19.0,0.10595957411095301,0.28531333950930815,0.4514440264375991,0.12779727456676976,1364.4753045383206,703,0.017575,14,14,0,64,47.0,0.16144357346031277,0.291317693209138,0.4514440264375991,0.27521737634297005,27289.10838343302,fallback (= spike_value),0.0,nan,
bi50,50.0,S8D_lowri,seed144,1,activator_random_spikes,144,10.0,10.0,0.0,1007,1,10.0,10.0,1.5,30.0,4.328867435455322,200,60001,600.01,401.6,0.9,404.7,0.0002521413316811966,0.00024554572383278425,1100,0.0275,103,103,0,19,7.0,0.42893815825500403,0.278454876706658,0.5167465645032729,0.17557753524408468,5601.098884983512,3628,0.0907,99,99,0,78,23.0,0.5233003712250238,0.2628889011065878,0.527546789044838,0.2875373724421233,112021.44247049093,fallback (= spike_value),0.0,nan,
bi50,50.0,S8D_lowri,seed144,2,activator_random_spikes,144,10.0,10.0,0.0,2007,2,10.0,10.0,1.5,30.0,4.331124782562256,200,60001,600.01,399.3,1.3,402.6,0.000404762445120687,0.0003315555739426855,1113,0.027825,106,104,2,19,7.0,0.3853976160566157,0.23348112466255116,0.5233459444834316,0.2101851205494761,5726.58783274135,3633,0.090825,104,104,0,82,24.5,0.4750140895605346,0.22765774520704993,0.5233459444834316,0.2709528546773091,114531.57602825761,fallback (= spike_value),0.0,nan,
bi50,50.0,S8D_lowri,seed144,3,activator_random_spikes,144,10.0,10.0,0.0,3007,3,10.0,10.0,1.5,30.0,4.3238115310668945,200,60001,600.01,402.5,1.0,405.4,0.00039739406041087685,0.0002390826870915808,1077,0.026925,102,102,0,19,7.0,0.3981628908499649,0.29560888523435697,0.5310983386270992,0.24887015420791178,5556.239269643845,3536,0.0884,98,98,0,73,32.5,0.46759703502313293,0.25723414043664694,0.517264855156152,0.30230494469657765,111120.97796028852,fallback (= spike_value),0.0,nan,
bi50,50.0,S8D_lowri,seed1,0,activator_random_spikes,1,10.0,10.0,0.0,3232,0,10.0,10.0,1.5,30.0,4.255666255950928,200,60001,600.01,380.5,0.7,382.5,1.0073423962342043e-19,9.972830329526123e-20,19,0.000475,1,1,0,19,19.0,0.0,nan,nan,0.0,100.15211532408756,55,0.001375,1,1,0,55,55.0,0.0,nan,nan,0.0,2003.0423181222372,fallback (= spike_value),0.0,nan,
bi50,50.0,S8D_lowri,seed36,1,activator_random_spikes,36,10.0,10.0,0.0,1007,1,10.0,10.0,1.5,30.0,4.3254570960998535,200,60001,600.01,385.7,0.8,388.2,0.00011271876210608516,0.00011271876210608516,622,0.01555,35,35,0,19,19.0,0.12364796974323958,0.2584590619419435,0.5078798624128505,0.14350500497931964,3030.915369361501,2058,0.05145,35,35,0,76,60.0,0.13728683521908266,0.2730972217728128,0.5078798624128505,0.27299611061247503,60616.27082195133,fallback (= spike_value),0.0,nan,
bi50,50.0,S8D_lowri,seed36,2,activator_random_spikes,36,10.0,10.0,0.0,2007,2,10.0,10.0,1.5,30.0,4.592698574066162,200,60001,600.01,388.1,0.8,390.3,0.0001005991562004032,7.46663224694877e-05,615,0.015375,35,35,0,19,19.0,0.1675131018352005,0.24359242881715637,0.5078798624128505,0.09179150538547665,2961.212250651567,1867,0.046675,35,35,0,69,56.0,0.20740983357559076,0.2688122350175083,0.5078798624128505,0.33058355560024516,59223.59027356282,fallback (= spike_value),0.0,nan,
bi50,50.0,S8D_lowri,seed36,3,activator_random_spikes,36,10.0,10.0,0.0,3007,3,10.0,10.0,1.5,30.0,4.323848724365234,200,60001,600.01,380.8,0.7,383.1,0.00012198987122017009,8.79229584410762e-05,613,0.015325,34,34,0,19,19.0,0.13823157180343387,0.2256001014209536,0.5106559912230495,0.09234521855584621,2996.4501066457933,2003,0.050075,34,34,0,79,59.5,0.17191087579003062,0.23870486371105998,0.5106559912230495,0.2969339484052429,59925.45183964609,fallback (= spike_value),0.0,nan,
bi50,50.0,S8D_lowri,seed9,1,activator_random_spikes,9,10.0,10.0,0.0,1007,1,10.0,10.0,1.5,30.0,4.31756067276001,200,60001,600.01,386.2,0.9,388.3,6.786255178680215e-19,6.64658283380977e-19,171,0.004275,9,9,0,19,19.0,0.0,0.45129359346049897,0.39253455270158066,0.0,854.3511259803975,561,0.014025,8,8,0,146,55.0,0.44832798421700176,0.3752036201310238,0.3995408694984004,0.1883548697345338,17087.022491509728,fallback (= spike_value),0.0,nan,
bi50,50.0,S8D_lowri,seed9,2,activator_random_spikes,9,10.0,10.0,0.0,2007,2,10.0,10.0,1.5,30.0,4.590646743774414,200,60001,600.01,387.3,0.8,389.7,7.249197647870263e-19,6.11627752839048e-19,164,0.0041,9,9,0,19,19.0,0.12804878048780488,0.08195212666384738,0.39253455270158066,0.09038769075776351,814.6794640595796,461,0.011525,9,9,0,69,47.0,0.2593257116508192,0.09307145597175,0.39253455270158066,0.3947687749729797,16293.589302086766,fallback (= spike_value),0.0,nan,
bi50,50.0,S8D_lowri,seed9,3,activator_random_spikes,9,10.0,10.0,0.0,3007,3,10.0,10.0,1.5,30.0,4.301669597625732,200,60001,600.01,385.9,0.8,388.3,1.0355264077319993e-18,8.513651819663272e-19,171,0.004275,9,9,0,19,19.0,0.0,nan,0.39253455270158066,0.0,864.7674751927875,539,0.013475,9,9,0,79,58.0,0.12999596342256028,nan,0.39253455270158066,0.1640661710562361,17295.34949595225,fallback (= spike_value),0.0,nan,
