panel,n_a,n_i,D_i,b_a,b_i,closed_form,alpha,G,outcome,sigma,rising,area,blobs,coverage,t_div,dev_start,dev_mid,dev_end,t_relax,t_probe,wall_s
n3_3_D10,3,3,10.0,2.5,1.0,Turing,1.593985500300438,0.7198794238461756,spreading,nan,,559,1,0.08520042676421277,nan,,,,150.0,300.0,18.9
n3_3_D10,3,3,10.0,2.5,1.47,no activated state,nan,nan,stable,0.00016248916244121004,1.0,151,1,0.02301478433165676,nan,9.784420195587732e-05,0.0020116844379208716,0.0020693392767240416,150.0,300.0,52.6
n3_3_D10,3,3,10.0,2.5,2.15,no activated state,nan,nan,stable,9.004505681718266e-06,1.0,43,1,0.006553878981862521,nan,3.944745790375391e-06,4.7929480609905655e-05,4.8023427296087745e-05,150.0,300.0,51.5
n3_3_D10,3,3,10.0,2.5,3.16,no activated state,nan,nan,dies,nan,,0,0,0.0,nan,,,,150.0,300.0,4.4
n3_3_D10,3,3,10.0,2.5,4.64,no activated state,nan,nan,dies,nan,,0,0,0.0,nan,,,,150.0,300.0,2.2
n3_3_D10,3,3,10.0,2.5,6.81,no activated state,nan,nan,dies,nan,,0,0,0.0,nan,,,,150.0,300.0,1.1
n3_3_D10,3,3,10.0,2.5,10.0,no activated state,nan,nan,dies,nan,,0,0,0.0,nan,,,,150.0,300.0,1.4
n3_3_D10,3,3,10.0,2.5,14.7,no activated state,nan,nan,dies,nan,,0,0,0.0,nan,,,,150.0,300.0,1.3
n3_3_D10,3,3,10.0,2.5,21.5,no activated state,nan,nan,dies,nan,,0,0,0.0,nan,,,,150.0,300.0,1.3
n3_3_D10,3,3,10.0,2.5,31.6,no activated state,nan,nan,dies,nan,,0,0,0.0,nan,,,,150.0,300.0,1.2
n3_3_D10,3,3,10.0,2.5,46.4,no activated state,nan,nan,dies,nan,,0,0,0.0,nan,,,,150.0,300.0,1.3
n3_3_D10,3,3,10.0,2.5,68.1,no activated state,nan,nan,dies,nan,,0,0,0.0,nan,,,,150.0,300.0,1.1
n3_3_D10,3,3,10.0,2.5,100.0,no activated state,nan,nan,dies,nan,,0,0,0.0,nan,,,,150.0,300.0,1.5
n3_3_D10,3,3,10.0,3,1.0,linearly stable,0.8530788590442017,0.6361247825054218,spreading,nan,,3419,1,0.5211095869532083,nan,,,,150.0,300.0,14.6
n3_3_D10,3,3,10.0,3,1.47,Turing,1.8324811500971447,1.098859401377768,spreading,nan,,1860,1,0.283493369913123,nan,,,,150.0,300.0,18.8
n3_3_D10,3,3,10.0,3,2.15,no activated state,nan,nan,spreading,nan,,510,1,0.07773205304069501,nan,,,,150.0,300.0,15.6
n3_3_D10,3,3,10.0,3,3.16,no activated state,nan,nan,unstable,0.03053002422748804,1.0,85,1,0.01295534217344917,nan,7.160246929651641e-07,0.0003111134661345332,0.02570780067373124,150.0,300.0,42.9
n3_3_D10,3,3,10.0,3,4.64,no activated state,nan,nan,stable,-0.0020461611555994425,0.0,37,1,0.005639384240207285,nan,3.4586809446042846e-07,2.1209806476528383e-07,1.5668024786798708e-07,150.0,300.0,42.4
n3_3_D10,3,3,10.0,3,6.81,no activated state,nan,nan,stable,-0.004409638724879215,0.0,13,1,0.0019814052735863436,nan,3.2343739938075045e-07,7.590938963163758e-08,3.9521817312817525e-08,150.0,300.0,43.6
n3_3_D10,3,3,10.0,3,10.0,no activated state,nan,nan,dies,nan,,0,0,0.0,nan,,,,150.0,300.0,2.0
n3_3_D10,3,3,10.0,3,14.7,no activated state,nan,nan,dies,nan,,0,0,0.0,nan,,,,150.0,300.0,1.0
n3_3_D10,3,3,10.0,3,21.5,no activated state,nan,nan,dies,nan,,0,0,0.0,nan,,,,150.0,300.0,0.9
n3_3_D10,3,3,10.0,3,31.6,no activated state,nan,nan,dies,nan,,0,0,0.0,nan,,,,150.0,300.0,0.9
n3_3_D10,3,3,10.0,3,46.4,no activated state,nan,nan,dies,nan,,0,0,0.0,nan,,,,150.0,300.0,1.0
n3_3_D10,3,3,10.0,3,68.1,no activated state,nan,nan,dies,nan,,0,0,0.0,nan,,,,150.0,300.0,1.0
n3_3_D10,3,3,10.0,3,100.0,no activated state,nan,nan,dies,nan,,0,0,0.0,nan,,,,150.0,300.0,0.9
n3_3_D10,3,3,10.0,4,1.0,linearly stable,0.38831127014623645,0.32646109123172046,spreading,nan,,3877,1,0.590916018899558,nan,,,,150.0,300.0,4.7
n3_3_D10,3,3,10.0,4,1.47,linearly stable,0.9226150699784814,0.8248576262583429,spreading,nan,,3287,1,0.5009907026367931,nan,,,,150.0,300.0,5.4
n3_3_D10,3,3,10.0,4,2.15,Turing,1.7907507569521552,1.5022465557344526,divides,nan,,3217,2,0.4903215973174821,150.0,,,,150.0,300.0,13.6
n3_3_D10,3,3,10.0,4,3.16,no activated state,nan,nan,spreading,nan,,882,1,0.13443072702331962,nan,,,,150.0,300.0,13.7
n3_3_D10,3,3,10.0,4,4.64,no activated state,nan,nan,spreading,nan,,288,1,0.0438957475994513,nan,,,,150.0,300.0,14.1
n3_3_D10,3,3,10.0,4,6.81,no activated state,nan,nan,divides,nan,,56,2,0.005639384240207285,190.0,,,,150.0,300.0,32.3
n3_3_D10,3,3,10.0,4,10.0,no activated state,nan,nan,stable,0.00300935139123246,1.0,19,1,0.002895900015241579,nan,3.0197834158498004e-07,4.5048487880398833e-07,7.032265378168702e-07,150.0,300.0,45.2
n3_3_D10,3,3,10.0,4,14.7,no activated state,nan,nan,stable,0.00204089407254031,1.0,7,1,0.001066910531931108,nan,5.77965474062725e-07,2.1537840093575261e-07,2.9132404039617466e-07,150.0,300.0,44.8
n3_3_D10,3,3,10.0,4,21.5,no activated state,nan,nan,dies,nan,,0,0,0.0,nan,,,,150.0,300.0,0.9
n3_3_D10,3,3,10.0,4,31.6,no activated state,nan,nan,dies,nan,,0,0,0.0,nan,,,,150.0,300.0,0.9
n3_3_D10,3,3,10.0,4,46.4,no activated state,nan,nan,dies,nan,,0,0,0.0,nan,,,,150.0,300.0,0.9
n3_3_D10,3,3,10.0,4,68.1,no activated state,nan,nan,dies,nan,,0,0,0.0,nan,,,,150.0,300.0,0.9
n3_3_D10,3,3,10.0,4,100.0,no activated state,nan,nan,dies,nan,,0,0,0.0,nan,,,,150.0,300.0,0.9
n3_3_D10,3,3,10.0,5,1.0,linearly stable,0.2064649320818449,0.17878624434676194,spreading,nan,,3359,1,0.511964639536656,nan,,,,150.0,300.0,2.9
n3_3_D10,3,3,10.0,5,1.47,linearly stable,0.5364276338290792,0.5008380341316064,spreading,nan,,3849,1,0.5866483767718336,nan,,,,150.0,300.0,3.7
n3_3_D10,3,3,10.0,5,2.15,Turing,1.2074078147437626,1.1401890149853415,spreading,nan,,3538,1,0.5392470659960372,nan,,,,150.0,300.0,5.6
n3_3_D10,3,3,10.0,5,3.16,Turing,2.093508929916296,1.8306476060794865,divides,nan,,2788,2,0.42493522328913275,150.0,,,,150.0,300.0,15.3
n3_3_D10,3,3,10.0,5,4.64,no activated state,nan,nan,spreading,nan,,744,1,0.1133973479652492,nan,,,,150.0,300.0,15.8
n3_3_D10,3,3,10.0,5,6.81,no activated state,nan,nan,spreading,nan,,258,1,0.039323273891175126,nan,,,,150.0,300.0,13.7
n3_3_D10,3,3,10.0,5,10.0,no activated state,nan,nan,divides,nan,,46,2,0.005639384240207285,160.0,,,,150.0,300.0,30.5
n3_3_D10,3,3,10.0,5,14.7,no activated state,nan,nan,stable,0.0016839356038180796,1.0,19,1,0.002895900015241579,nan,3.739730230181784e-07,4.1964430395000204e-07,5.384070644731564e-07,150.0,300.0,42.8
n3_3_D10,3,3,10.0,5,21.5,no activated state,nan,nan,stable,0.001868501496154917,1.0,7,1,0.001066910531931108,nan,6.515093045410474e-07,2.455073932754722e-07,3.2371104592508694e-07,150.0,300.0,42.9
n3_3_D10,3,3,10.0,5,31.6,no activated state,nan,nan,dies,nan,,0,0,0.0,nan,,,,150.0,300.0,0.9
n3_3_D10,3,3,10.0,5,46.4,no activated state,nan,nan,dies,nan,,0,0,0.0,nan,,,,150.0,300.0,1.0
n3_3_D10,3,3,10.0,5,68.1,no activated state,nan,nan,dies,nan,,0,0,0.0,nan,,,,150.0,300.0,0.9
n3_3_D10,3,3,10.0,5,100.0,no activated state,nan,nan,dies,nan,,0,0,0.0,nan,,,,150.0,300.0,0.9
n3_3_D10,3,3,10.0,7,1.0,linearly stable,0.07738166392370949,0.06816602533122544,spreading,nan,,4089,1,0.623228166438043,nan,,,,150.0,300.0,1.8
n3_3_D10,3,3,10.0,7,1.47,linearly stable,0.21639107078984154,0.2062320183473222,spreading,nan,,3295,1,0.5022100289590001,nan,,,,150.0,300.0,1.9
n3_3_D10,3,3,10.0,7,2.15,linearly stable,0.5754079670610351,0.5620176057226772,spreading,nan,,3719,1,0.5668343240359701,nan,,,,150.0,300.0,2.7
n3_3_D10,3,3,10.0,7,3.16,Turing,1.287313174359967,1.2604774248142538,spreading,nan,,3326,1,0.5069349184575522,nan,,,,150.0,300.0,5.0
n3_3_D10,3,3,10.0,7,4.64,Turing,2.1303464999986357,2.026264136453417,spreading,nan,,2859,1,0.4357567443987197,nan,,,,150.0,300.0,14.2
n3_3_D10,3,3,10.0,7,6.81,no activated state,nan,nan,divides,nan,,968,12,0.14753848498704467,150.0,,,,150.0,300.0,14.3
n3_3_D10,3,3,10.0,7,10.0,no activated state,nan,nan,divides,nan,,234,6,0.03566529492455418,150.0,,,,150.0,300.0,14.4
n3_3_D10,3,3,10.0,7,14.7,no activated state,nan,nan,divides,nan,,42,2,0.005639384240207285,70.0,,,,150.0,300.0,21.4
n3_3_D10,3,3,10.0,7,21.5,no activated state,nan,nan,stable,0.001833741615034534,1.0,19,1,0.002895900015241579,nan,5.21295931036605e-07,6.226742018170026e-07,8.168062142411965e-07,150.0,300.0,43.0
n3_3_D10,3,3,10.0,7,31.6,no activated state,nan,nan,stable,-0.0012840614408210292,0.0,7,1,0.001066910531931108,nan,7.450234225130954e-07,2.2784433597151107e-07,1.884078756235925e-07,150.0,300.0,43.4
n3_3_D10,3,3,10.0,7,46.4,no activated state,nan,nan,stable,0.0015949464970694464,1.0,1,1,0.00015241579027587258,nan,9.613425741245688e-07,1.5381245035350101e-07,1.9476191503133894e-07,150.0,300.0,43.1
n3_3_D10,3,3,10.0,7,68.1,no activated state,nan,nan,dies,nan,,0,0,0.0,nan,,,,150.0,300.0,1.1
n3_3_D10,3,3,10.0,7,100.0,no activated state,nan,nan,dies,nan,,0,0,0.0,nan,,,,150.0,300.0,1.0
n3_3_D10,3,3,10.0,10,1.0,linearly stable,0.026839690913769698,0.02378528247268985,uniform,nan,,6543,1,0.9972565157750343,nan,,,,150.0,300.0,1.9
n3_3_D10,3,3,10.0,10,1.47,linearly stable,0.07742995620681326,0.07426888770576048,uniform,nan,,6379,1,0.9722603261697912,nan,,,,150.0,300.0,2.0
n3_3_D10,3,3,10.0,10,2.15,linearly stable,0.2241997388884872,0.22069555136019298,spreading,nan,,5235,1,0.797896662094193,nan,,,,150.0,300.0,2.0
n3_3_D10,3,3,10.0,10,3.16,linearly stable,0.6084371222069597,0.6037164900885521,spreading,nan,,4509,1,0.6872427983539094,nan,,,,150.0,300.0,3.0
n3_3_D10,3,3,10.0,10,4.64,Turing,1.3380054532878691,1.328230727672206,spreading,nan,,3951,2,0.6021947873799726,nan,,,,150.0,300.0,5.8
n3_3_D10,3,3,10.0,10,6.81,Turing,2.160170006344509,2.121889206602395,spreading,nan,,2854,1,0.43499466544734033,nan,,,,150.0,300.0,14.4
n3_3_D10,3,3,10.0,10,10.0,Turing,2.7,2.4000000000000004,divides,nan,,1002,12,0.15272062185642432,150.0,,,,150.0,300.0,14.3
n3_3_D10,3,3,10.0,10,14.7,no activated state,nan,nan,divides,nan,,240,6,0.03657978966620942,150.0,,,,150.0,300.0,14.4
n3_3_D10,3,3,10.0,10,21.5,no activated state,nan,nan,divides,nan,,46,2,0.005029721079103796,50.0,,,,150.0,300.0,19.3
n3_3_D10,3,3,10.0,10,31.6,no activated state,nan,nan,stable,0.001618935649716956,1.0,19,1,0.002895900015241579,nan,7.426618037650689e-07,8.606405579477467e-07,1.0936403128683292e-06,150.0,300.0,44.7
n3_3_D10,3,3,10.0,10,46.4,no activated state,nan,nan,stable,-0.0016934675660804394,0.0,7,1,0.001066910531931108,nan,9.79371889332464e-07,3.0927920059496117e-07,2.407085478156771e-07,150.0,300.0,44.0
n3_3_D10,3,3,10.0,10,68.1,no activated state,nan,nan,dies,nan,,0,0,0.0,nan,,,,150.0,300.0,1.0
n3_3_D10,3,3,10.0,10,100.0,no activated state,nan,nan,dies,nan,,0,0,0.0,nan,,,,150.0,300.0,1.0
n3_3_D10,3,3,10.0,15,1.0,linearly stable,0.007985821946304705,0.0070921817553865375,spreading,nan,,5835,1,0.8893461362597165,nan,,,,150.0,300.0,1.0
n3_3_D10,3,3,10.0,15,1.47,linearly stable,0.023315918443857164,0.022413049952703913,spreading,nan,,5683,1,0.8661789361377839,nan,,,,150.0,300.0,1.0
n3_3_D10,3,3,10.0,15,2.15,linearly stable,0.06995671570449846,0.06902487449021702,spreading,nan,,5078,1,0.773967383020881,nan,,,,150.0,300.0,0.9
n3_3_D10,3,3,10.0,15,3.16,linearly stable,0.20972826101691588,0.20870072515947802,spreading,nan,,3341,1,0.5092211553116903,nan,,,,150.0,300.0,1.0
n3_3_D10,3,3,10.0,15,4.64,linearly stable,0.575473534094549,0.5741126030261595,spreading,nan,,3522,1,0.5368084133516232,nan,,,,150.0,300.0,1.8
n3_3_D10,3,3,10.0,15,6.81,Turing,1.2859119684871063,1.2831891183304271,spreading,nan,,3850,1,0.5868007925621095,nan,,,,150.0,300.0,4.7
n3_3_D10,3,3,10.0,15,10.0,Turing,2.112906402494447,2.102740379272423,spreading,nan,,2974,1,0.45328456028044506,nan,,,,150.0,300.0,14.0
n3_3_D10,3,3,10.0,15,14.7,Turing,2.6562168718030517,2.5885274399515366,divides,nan,,1216,12,0.18533760097546106,150.0,,,,150.0,300.0,14.4
n3_3_D10,3,3,10.0,15,21.5,no activated state,nan,nan,divides,nan,,282,6,0.04298125285779607,150.0,,,,150.0,300.0,14.6
n3_3_D10,3,3,10.0,15,31.6,no activated state,nan,nan,divides,nan,,44,2,0.005029721079103796,20.0,,,,150.0,300.0,16.3
n3_3_D10,3,3,10.0,15,46.4,no activated state,nan,nan,stable,0.0015029473073239305,1.0,19,1,0.002895900015241579,nan,1.1323440069170162e-06,1.3323636460666333e-06,1.6642533823261828e-06,150.0,300.0,43.6
n3_3_D10,3,3,10.0,15,68.1,no activated state,nan,nan,stable,-0.0020004777347658294,0.0,7,1,0.001066910531931108,nan,1.3944672269391131e-06,4.6504172076086517e-07,3.458550715959158e-07,150.0,300.0,44.3
n3_3_D10,3,3,10.0,15,100.0,no activated state,nan,nan,stable,0.0025295651860627877,1.0,1,1,0.00015241579027587258,nan,1.3773971006033555e-06,4.989686388538818e-07,7.255189622145156e-07,150.0,300.0,44.2
n3_3_D10,3,3,10.0,20,1.0,linearly stable,0.0033724720697776434,0.0029966275279302225,uniform,nan,,6561,1,1.0,nan,,,,150.0,300.0,1.0
n3_3_D10,3,3,10.0,20,1.47,linearly stable,0.009875679840667506,0.009498198675845483,uniform,nan,,6561,1,1.0,nan,,,,150.0,300.0,0.9
n3_3_D10,3,3,10.0,20,2.15,linearly stable,0.029900550513145774,0.029517962116293917,uniform,nan,,6561,1,1.0,nan,,,,150.0,300.0,0.9
n3_3_D10,3,3,10.0,20,3.16,linearly stable,0.09215473717315292,0.09175559171448867,uniform,nan,,6343,1,0.9667733577198597,nan,,,,150.0,300.0,1.0
n3_3_D10,3,3,10.0,20,4.64,linearly stable,0.27288531628053825,0.27243151368697416,spreading,nan,,3765,1,0.5738454503886603,nan,,,,150.0,300.0,1.1
n3_3_D10,3,3,10.0,20,6.81,linearly stable,0.7205486917838215,0.7198991409599068,spreading,nan,,4689,1,0.7146776406035665,nan,,,,150.0,300.0,2.8
n3_3_D10,3,3,10.0,20,10.0,Turing,1.5007507513153193,1.4992492486846807,spreading,nan,,3549,2,0.5409236396890718,nan,,,,150.0,300.0,5.8
n3_3_D10,3,3,10.0,20,14.7,Turing,2.283272233678921,2.2767022344575336,spreading,nan,,2625,1,0.40009144947416553,nan,,,,150.0,300.0,13.7
n3_3_D10,3,3,10.0,20,21.5,Turing,2.72996767932895,2.683682464949148,divides,nan,,776,12,0.11827465325407713,150.0,,,,150.0,300.0,14.4
n3_3_D10,3,3,10.0,20,31.6,uniform ON,2.92765514188274,2.2828055360816517,divides,nan,,246,6,0.037494284407864654,150.0,,,,150.0,300.0,14.6
n3_3_D10,3,3,10.0,20,46.4,no activated state,nan,nan,divides,nan,,38,2,0.00472488949855205,100.0,,,,150.0,300.0,24.1
n3_3_D10,3,3,10.0,20,68.1,no activated state,nan,nan,stable,0.0008964769563580415,1.0,13,1,0.0019814052735863436,nan,1.473067476014812e-06,1.4220406722059589e-06,1.623797686404587e-06,150.0,300.0,41.6
n3_3_D10,3,3,10.0,20,100.0,no activated state,nan,nan,stable,-0.0010780441518016695,0.0,7,1,0.001066910531931108,nan,1.9142024560213243e-06,6.240708893825731e-07,5.320332089371555e-07,150.0,300.0,43.2
n4_4_D10,4,4,10.0,2.5,1.0,Turing,1.4391608344073759,1.0489197222267388,spreading,nan,,994,1,0.15150129553421735,nan,,,,150.0,300.0,14.5
n4_4_D10,4,4,10.0,2.5,1.47,no activated state,nan,nan,spreading,nan,,306,1,0.04663923182441701,nan,,,,150.0,300.0,14.3
n4_4_D10,4,4,10.0,2.5,2.15,no activated state,nan,nan,stable,1.7097562170768556e-07,1.0,85,1,0.01295534217344917,nan,1.2377150366876147e-06,7.662917020686886e-06,7.663292036529075e-06,150.0,300.0,44.1
n4_4_D10,4,4,10.0,2.5,3.16,no activated state,nan,nan,unstable,0.0054447462493732125,1.0,31,1,0.00472488949855205,nan,7.372830022976139e-07,1.4626746110371836e-05,3.52230295715309e-05,150.0,300.0,44.6
n4_4_D10,4,4,10.0,2.5,4.64,no activated state,nan,nan,dies,nan,,0,0,0.0,nan,,,,150.0,300.0,2.0
n4_4_D10,4,4,10.0,2.5,6.81,no activated state,nan,nan,dies,nan,,0,0,0.0,nan,,,,150.0,300.0,1.0
n4_4_D10,4,4,10.0,2.5,10.0,no activated state,nan,nan,dies,nan,,0,0,0.0,nan,,,,150.0,300.0,1.0
n4_4_D10,4,4,10.0,2.5,14.7,no activated state,nan,nan,dies,nan,,0,0,0.0,nan,,,,150.0,300.0,0.9
n4_4_D10,4,4,10.0,2.5,21.5,no activated state,nan,nan,dies,nan,,0,0,0.0,nan,,,,150.0,300.0,1.0
n4_4_D10,4,4,10.0,2.5,31.6,no activated state,nan,nan,dies,nan,,0,0,0.0,nan,,,,150.0,300.0,0.9
n4_4_D10,4,4,10.0,2.5,46.4,no activated state,nan,nan,dies,nan,,0,0,0.0,nan,,,,150.0,300.0,1.0
n4_4_D10,4,4,10.0,2.5,68.1,no activated state,nan,nan,dies,nan,,0,0,0.0,nan,,,,150.0,300.0,0.9
n4_4_D10,4,4,10.0,2.5,100.0,no activated state,nan,nan,dies,nan,,0,0,0.0,nan,,,,150.0,300.0,1.0
n4_4_D10,4,4,10.0,3,1.0,linearly stable,0.7356663513898987,0.6448066466390323,spreading,nan,,3789,1,0.5775034293552812,nan,,,,150.0,300.0,10.0
n4_4_D10,4,4,10.0,3,1.47,Turing,2.202148960034852,1.658280555686741,spreading,nan,,2216,1,0.33775339125133363,nan,,,,150.0,300.0,15.5
n4_4_D10,4,4,10.0,3,2.15,no activated state,nan,nan,spreading,nan,,612,1,0.09327846364883402,nan,,,,150.0,300.0,14.2
n4_4_D10,4,4,10.0,3,3.16,no activated state,nan,nan,divides,nan,,116,2,0.013869836915104405,180.0,,,,150.0,300.0,31.8
n4_4_D10,4,4,10.0,3,4.64,no activated state,nan,nan,stable,-0.0071867789905349765,0.0,37,1,0.005639384240207285,nan,4.215873408037648e-07,1.157392395838526e-07,3.994964925801002e-08,150.0,300.0,42.2
n4_4_D10,4,4,10.0,3,6.81,no activated state,nan,nan,stable,-0.013698835646478575,0.0,19,1,0.002895900015241579,nan,2.5797551652869655e-07,2.444453459345317e-08,3.212000785295727e-09,150.0,300.0,41.0
n4_4_D10,4,4,10.0,3,10.0,no activated state,nan,nan,dies,nan,,0,0,0.0,nan,,,,150.0,300.0,1.8
n4_4_D10,4,4,10.0,3,14.7,no activated state,nan,nan,dies,nan,,0,0,0.0,nan,,,,150.0,300.0,1.0
n4_4_D10,4,4,10.0,3,21.5,no activated state,nan,nan,dies,nan,,0,0,0.0,nan,,,,150.0,300.0,0.9
n4_4_D10,4,4,10.0,3,31.6,no activated state,nan,nan,dies,nan,,0,0,0.0,nan,,,,150.0,300.0,1.0
n4_4_D10,4,4,10.0,3,46.4,no activated state,nan,nan,dies,nan,,0,0,0.0,nan,,,,150.0,300.0,0.9
n4_4_D10,4,4,10.0,3,68.1,no activated state,nan,nan,dies,nan,,0,0,0.0,nan,,,,150.0,300.0,1.0
n4_4_D10,4,4,10.0,3,100.0,no activated state,nan,nan,dies,nan,,0,0,0.0,nan,,,,150.0,300.0,1.0
n4_4_D10,4,4,10.0,4,1.0,linearly stable,0.2531871964412038,0.23417580022242476,spreading,nan,,4397,1,0.6701722298430117,nan,,,,150.0,300.0,4.6
n4_4_D10,4,4,10.0,4,1.47,linearly stable,0.9304125808320265,0.8958377565701023,spreading,nan,,3727,1,0.5680536503581771,nan,,,,150.0,300.0,5.9
n4_4_D10,4,4,10.0,4,2.15,Turing,2.3898543898676534,2.1502997742445604,spreading,nan,,3218,1,0.49047401310775796,nan,,,,150.0,300.0,13.9
n4_4_D10,4,4,10.0,4,3.16,no activated state,nan,nan,spreading,nan,,984,1,0.14997713763145862,nan,,,,150.0,300.0,14.6
n4_4_D10,4,4,10.0,4,4.64,no activated state,nan,nan,spreading,nan,,282,1,0.04298125285779607,nan,,,,150.0,300.0,13.8
n4_4_D10,4,4,10.0,4,6.81,no activated state,nan,nan,divides,nan,,48,2,0.005639384240207285,170.0,,,,150.0,300.0,29.5
n4_4_D10,4,4,10.0,4,10.0,no activated state,nan,nan,stable,0.0007589031042503799,1.0,19,1,0.002895900015241579,nan,3.144974545779613e-07,3.2737628149492783e-07,3.6628942198427483e-07,150.0,300.0,44.0
n4_4_D10,4,4,10.0,4,14.7,no activated state,nan,nan,unstable,0.019006144262529102,1.0,7,1,0.001066910531931108,nan,6.497967811643336e-07,3.004767986048737e-06,5.0028813862377146e-05,150.0,300.0,48.9
n4_4_D10,4,4,10.0,4,21.5,no activated state,nan,nan,dies,nan,,0,0,0.0,nan,,,,150.0,300.0,0.9
n4_4_D10,4,4,10.0,4,31.6,no activated state,nan,nan,dies,nan,,0,0,0.0,nan,,,,150.0,300.0,0.9
n4_4_D10,4,4,10.0,4,46.4,no activated state,nan,nan,dies,nan,,0,0,0.0,nan,,,,150.0,300.0,1.0
n4_4_D10,4,4,10.0,4,68.1,no activated state,nan,nan,dies,nan,,0,0,0.0,nan,,,,150.0,300.0,1.0
n4_4_D10,4,4,10.0,4,100.0,no activated state,nan,nan,dies,nan,,0,0,0.0,nan,,,,150.0,300.0,1.0
n4_4_D10,4,4,10.0,5,1.0,linearly stable,0.10661103079765111,0.09967075761158013,spreading,nan,,3693,1,0.5628715134887975,nan,,,,150.0,300.0,2.9
n4_4_D10,4,4,10.0,5,1.47,linearly stable,0.43517671568872585,0.42613510235440477,spreading,nan,,4257,1,0.6488340192043895,nan,,,,150.0,300.0,4.0
n4_4_D10,4,4,10.0,5,2.15,Turing,1.4299612547533642,1.4058321651660712,spreading,nan,,3765,1,0.5738454503886603,nan,,,,150.0,300.0,6.6
n4_4_D10,4,4,10.0,5,3.16,uniform ON,2.984011082239979,2.59344633966462,spreading,nan,,2654,1,0.40451150739216585,nan,,,,150.0,300.0,17.6
n4_4_D10,4,4,10.0,5,4.64,no activated state,nan,nan,spreading,nan,,642,1,0.0978509373571102,nan,,,,150.0,300.0,17.8
n4_4_D10,4,4,10.0,5,6.81,no activated state,nan,nan,spreading,nan,,180,1,0.027434842249657063,nan,,,,150.0,300.0,19.4
n4_4_D10,4,4,10.0,5,10.0,no activated state,nan,nan,unstable,0.01168639032784079,1.0,31,1,0.00472488949855205,nan,6.528547169344397e-07,2.646683771450341e-06,1.4992269508058668e-05,150.0,300.0,56.1
n4_4_D10,4,4,10.0,5,14.7,no activated state,nan,nan,stable,-0.009158593509470167,0.0,19,1,0.002895900015241579,nan,4.3895987172996195e-07,8.216732509058267e-08,2.1160388730108496e-08,150.0,300.0,57.8
n4_4_D10,4,4,10.0,5,21.5,no activated state,nan,nan,unstable,0.017450050734916255,1.0,7,1,0.001066910531931108,nan,7.861162532971581e-07,2.4932142304049756e-06,3.297482917359509e-05,150.0,300.0,56.3
n4_4_D10,4,4,10.0,5,31.6,no activated state,nan,nan,dies,nan,,0,0,0.0,nan,,,,150.0,300.0,1.4
n4_4_D10,4,4,10.0,5,46.4,no activated state,nan,nan,dies,nan,,0,0,0.0,nan,,,,150.0,300.0,1.3
n4_4_D10,4,4,10.0,5,68.1,no activated state,nan,nan,dies,nan,,0,0,0.0,nan,,,,150.0,300.0,1.4
n4_4_D10,4,4,10.0,5,100.0,no activated state,nan,nan,dies,nan,,0,0,0.0,nan,,,,150.0,300.0,1.4
n4_4_D10,4,4,10.0,7,1.0,linearly stable,0.028169513008260427,0.02646784164592579,spreading,nan,,4311,1,0.6570644718792867,nan,,,,150.0,300.0,2.7
n4_4_D10,4,4,10.0,7,1.47,linearly stable,0.12248535752598633,0.12065646802927815,spreading,nan,,3605,1,0.5494589239445207,nan,,,,150.0,300.0,2.6
n4_4_D10,4,4,10.0,7,2.15,linearly stable,0.5007492239826212,0.498260810174885,spreading,nan,,3875,1,0.5906111873190063,nan,,,,150.0,300.0,4.2
n4_4_D10,4,4,10.0,7,3.16,Turing,1.6014767073379828,1.593749617097576,spreading,nan,,3296,2,0.502362444749276,nan,,,,150.0,300.0,8.0
n4_4_D10,4,4,10.0,7,4.64,uniform ON,3.0523783886041125,2.9270807358459607,spreading,nan,,2581,1,0.3933851547020271,nan,,,,150.0,300.0,16.9
n4_4_D10,4,4,10.0,7,6.81,no activated state,nan,nan,spreading,nan,,626,1,0.09541228471269624,nan,,,,150.0,300.0,17.9
n4_4_D10,4,4,10.0,7,10.0,no activated state,nan,nan,spreading,nan,,144,1,0.02194787379972565,nan,,,,150.0,300.0,18.9
n4_4_D10,4,4,10.0,7,14.7,no activated state,nan,nan,unstable,0.014228155725796618,1.0,31,1,0.00472488949855205,nan,8.730300818205331e-07,6.311658529466327e-06,5.209890737946121e-05,150.0,300.0,59.3
n4_4_D10,4,4,10.0,7,21.5,no activated state,nan,nan,stable,-0.008310681136344159,0.0,19,1,0.002895900015241579,nan,6.189656833092311e-07,1.2785477247185942e-07,3.733650938737258e-08,150.0,300.0,54.7
n4_4_D10,4,4,10.0,7,31.6,no activated state,nan,nan,unstable,0.013937216708046513,1.0,7,1,0.001066910531931108,nan,9.61144362279343e-07,2.0313591972994315e-06,1.5975002719190645e-05,150.0,300.0,65.7
n4_4_D10,4,4,10.0,7,46.4,no activated state,nan,nan,dies,nan,,0,0,0.0,nan,,,,150.0,300.0,2.4
n4_4_D10,4,4,10.0,7,68.1,no activated state,nan,nan,dies,nan,,0,0,0.0,nan,,,,150.0,300.0,1.3
n4_4_D10,4,4,10.0,7,100.0,no activated state,nan,nan,dies,nan,,0,0,0.0,nan,,,,150.0,300.0,1.1
n4_4_D10,4,4,10.0,10,1.0,linearly stable,0.006791178405713527,0.006389134114550857,uniform,nan,,6555,1,0.9990855052583447,nan,,,,150.0,300.0,2.3
n4_4_D10,4,4,10.0,10,1.47,linearly stable,0.030069233775505744,0.029660075662976012,uniform,nan,,6449,1,0.9829294314891023,nan,,,,150.0,300.0,2.1
n4_4_D10,4,4,10.0,10,2.15,linearly stable,0.13265927447638637,0.1322166833976086,spreading,nan,,5501,1,0.838439262307575,nan,,,,150.0,300.0,2.4
n4_4_D10,4,4,10.0,10,3.16,linearly stable,0.5508928472606356,0.5502689401932908,spreading,nan,,4383,1,0.6680384087791496,nan,,,,150.0,300.0,2.7
n4_4_D10,4,4,10.0,10,4.64,Turing,1.7045265736079354,1.7024100498061454,spreading,nan,,3308,1,0.5041914342325865,nan,,,,150.0,300.0,7.0
n4_4_D10,4,4,10.0,10,6.81,uniform ON,3.1074467280884726,3.071443824603452,spreading,nan,,2506,1,0.38195397043133666,nan,,,,150.0,300.0,17.9
n4_4_D10,4,4,10.0,10,10.0,no activated state,nan,nan,spreading,nan,,558,1,0.0850480109739369,nan,,,,150.0,300.0,26.8
n4_4_D10,4,4,10.0,10,14.7,no activated state,nan,nan,divides,nan,,88,2,0.013412589544276788,150.0,,,,150.0,300.0,24.2
n4_4_D10,4,4,10.0,10,21.5,no activated state,nan,nan,unstable,0.012934126186041502,1.0,31,1,0.00472488949855205,nan,1.2054173285197122e-06,6.528222812380554e-06,4.447796554092219e-05,150.0,300.0,61.3
n4_4_D10,4,4,10.0,10,31.6,no activated state,nan,nan,stable,-0.008463541635496579,0.0,13,1,0.0019814052735863436,nan,9.066785458727736e-07,1.7358577180614925e-07,4.955420218637676e-08,150.0,300.0,55.4
n4_4_D10,4,4,10.0,10,46.4,no activated state,nan,nan,unstable,0.012400134970130337,1.0,7,1,0.001066910531931108,nan,1.3151387162536457e-06,2.2446495565206032e-06,1.4061064130295265e-05,150.0,300.0,57.1
n4_4_D10,4,4,10.0,10,68.1,no activated state,nan,nan,stable,-0.015270338676548647,0.0,1,1,0.00015241579027587258,nan,1.1409455828939951e-06,1.495315965575068e-08,1.5543708029252863e-09,150.0,300.0,54.1
n4_4_D10,4,4,10.0,10,100.0,no activated state,nan,nan,dies,nan,,0,0,0.0,nan,,,,150.0,300.0,1.0
n4_4_D10,4,4,10.0,15,1.0,linearly stable,0.0013428650955100707,0.0012637731191796908,spreading,nan,,5805,1,0.8847736625514403,nan,,,,150.0,300.0,1.2
n4_4_D10,4,4,10.0,15,1.47,linearly stable,0.005973707694709063,0.005894340291560405,spreading,nan,,5753,1,0.8768480414570949,nan,,,,150.0,300.0,1.2
n4_4_D10,4,4,10.0,15,2.15,linearly stable,0.02691163812427222,0.0268310093129266,spreading,nan,,5361,1,0.8171010516689529,nan,,,,150.0,300.0,1.1
n4_4_D10,4,4,10.0,15,3.16,linearly stable,0.1222888438184726,0.12220211796933778,spreading,nan,,3571,1,0.5442767870751409,nan,,,,150.0,300.0,1.2
n4_4_D10,4,4,10.0,15,4.64,linearly stable,0.5112136286778659,0.5110945451210721,spreading,nan,,3299,1,0.5028196921201037,nan,,,,150.0,300.0,2.4
n4_4_D10,4,4,10.0,15,6.81,Turing,1.6189033374828927,1.618528758116923,spreading,nan,,3674,1,0.5599756134735558,nan,,,,150.0,300.0,7.7
n4_4_D10,4,4,10.0,15,10.0,uniform ON,3.039949227045967,3.034234541681882,spreading,nan,,2616,1,0.39871970736168266,nan,,,,150.0,300.0,19.3
n4_4_D10,4,4,10.0,15,14.7,uniform ON,3.773935594275089,3.3362337591996702,spreading,nan,,698,1,0.10638622161255906,nan,,,,150.0,300.0,17.2
n4_4_D10,4,4,10.0,15,21.5,no activated state,nan,nan,spreading,nan,,156,1,0.02377686328303612,nan,,,,150.0,300.0,18.6
n4_4_D10,4,4,10.0,15,31.6,no activated state,nan,nan,unstable,0.01882553212774727,1.0,31,1,0.00472488949855205,nan,1.8992721839777223e-06,4.00236114151097e-05,0.0006525243142910009,150.0,300.0,56.6
n4_4_D10,4,4,10.0,15,46.4,no activated state,nan,nan,stable,-0.007572905386806247,0.0,19,1,0.002895900015241579,nan,1.3103353163118409e-06,3.066748544617873e-07,9.99073601421963e-08,150.0,300.0,53.2
n4_4_D10,4,4,10.0,15,68.1,no activated state,nan,nan,unstable,0.011462495904253097,1.0,7,1,0.001066910531931108,nan,1.937703279673558e-06,3.0575243766634825e-06,1.6671821023483574e-05,150.0,300.0,56.2
n4_4_D10,4,4,10.0,15,100.0,no activated state,nan,nan,stable,-0.0019181979161264336,0.0,1,1,0.00015241579027587258,nan,1.5350303543914621e-06,1.865026951278281e-07,1.4040430352093144e-07,150.0,300.0,58.0
n4_4_D10,4,4,10.0,20,1.0,linearly stable,0.00042496547324866185,0.00039995750345267527,uniform,nan,,6561,1,1.0,nan,,,,150.0,300.0,1.0
n4_4_D10,4,4,10.0,20,1.47,linearly stable,0.0018919475887915205,0.0018669120811905025,uniform,nan,,6561,1,1.0,nan,,,,150.0,300.0,1.2
n4_4_D10,4,4,10.0,20,2.15,linearly stable,0.008553886052407034,0.00852872497863134,uniform,nan,,6561,1,1.0,nan,,,,150.0,300.0,1.2
n4_4_D10,4,4,10.0,20,3.16,linearly stable,0.03951660992445705,0.039490854103704856,uniform,nan,,6443,1,0.982014936747447,nan,,,,150.0,300.0,1.1
n4_4_D10,4,4,10.0,20,4.64,linearly stable,0.1772233875283158,0.17719474685513448,spreading,nan,,3789,1,0.5775034293552812,nan,,,,150.0,300.0,1.4
n4_4_D10,4,4,10.0,20,6.81,linearly stable,0.7080570589355983,0.7080122088696893,spreading,nan,,4278,1,0.6520347508001829,nan,,,,150.0,300.0,3.7
n4_4_D10,4,4,10.0,20,10.0,Turing,2.000100015003751,1.9998999849962489,spreading,nan,,3492,1,0.532235939643347,nan,,,,150.0,300.0,10.2
n4_4_D10,4,4,10.0,20,14.7,uniform ON,3.2952753584113736,3.29070382802935,divides,nan,,2154,12,0.32830361225422955,150.0,,,,150.0,300.0,18.0
n4_4_D10,4,4,10.0,20,21.5,uniform ON,3.8379916421571334,3.461714598759693,spreading,nan,,426,1,0.06492912665752172,nan,,,,150.0,300.0,18.1
n4_4_D10,4,4,10.0,20,31.6,no activated state,nan,nan,divides,nan,,72,2,0.0074683737235177565,20.0,,,,150.0,300.0,20.8
n4_4_D10,4,4,10.0,20,46.4,no activated state,nan,nan,stable,0.003888803758943562,1.0,19,1,0.002895900015241579,nan,2.0585520060133863e-06,3.374402683790373e-06,5.998732553958877e-06,150.0,300.0,57.4
n4_4_D10,4,4,10.0,20,68.1,no activated state,nan,nan,stable,-0.007650326802357714,0.0,13,1,0.0019814052735863436,nan,2.020001079386751e-06,3.626820345018287e-07,1.1679634376590958e-07,150.0,300.0,57.3
n4_4_D10,4,4,10.0,20,100.0,no activated state,nan,nan,unstable,0.011429745292018456,1.0,7,1,0.001066910531931108,nan,2.5789333185064486e-06,3.421053097252358e-06,1.856392402234802e-05,150.0,300.0,58.1
n10_4_D10,10,4,10.0,2.5,1.0,linearly stable,0.017994696513417008,0.006771593912524692,spreading,nan,,2431,1,0.37052278616064627,nan,,,,150.0,300.0,19.1
n10_4_D10,10,4,10.0,2.5,1.47,linearly stable,0.08279638648371002,0.032666535442909136,spreading,nan,,1003,1,0.1528730376467002,nan,,,,150.0,300.0,17.9
n10_4_D10,10,4,10.0,2.5,2.15,linearly stable,0.453777431338821,0.1808739190390104,spreading,nan,,217,1,0.03307422648986435,nan,,,,150.0,300.0,18.9
n10_4_D10,10,4,10.0,2.5,3.16,no activated state,nan,nan,stable,-6.605545131556015e-17,0.0,61,1,0.009297363206828228,nan,3.2141980038050704e-07,8.722946910825745e-16,8.722946910825745e-16,150.0,300.0,56.1
n10_4_D10,10,4,10.0,2.5,4.64,no activated state,nan,nan,stable,-8.13540179234046e-17,0.0,19,1,0.002895900015241579,nan,1.6543575646164266e-07,6.110024586106392e-16,6.110024586106392e-16,150.0,300.0,57.0
n10_4_D10,10,4,10.0,2.5,6.81,no activated state,nan,nan,dies,nan,,0,0,0.0,nan,,,,150.0,300.0,3.7
n10_4_D10,10,4,10.0,2.5,10.0,no activated state,nan,nan,dies,nan,,0,0,0.0,nan,,,,150.0,300.0,1.3
n10_4_D10,10,4,10.0,2.5,14.7,no activated state,nan,nan,dies,nan,,0,0,0.0,nan,,,,150.0,300.0,1.1
n10_4_D10,10,4,10.0,2.5,21.5,no activated state,nan,nan,dies,nan,,0,0,0.0,nan,,,,150.0,300.0,1.4
n10_4_D10,10,4,10.0,2.5,31.6,no activated state,nan,nan,dies,nan,,0,0,0.0,nan,,,,150.0,300.0,1.2
n10_4_D10,10,4,10.0,2.5,46.4,no activated state,nan,nan,dies,nan,,0,0,0.0,nan,,,,150.0,300.0,1.7
n10_4_D10,10,4,10.0,2.5,68.1,no activated state,nan,nan,dies,nan,,0,0,0.0,nan,,,,150.0,300.0,1.0
n10_4_D10,10,4,10.0,2.5,100.0,no activated state,nan,nan,dies,nan,,0,0,0.0,nan,,,,150.0,300.0,0.9
n10_4_D10,10,4,10.0,3,1.0,linearly stable,0.0028833147406504,0.0010854095062585814,spreading,nan,,3825,1,0.5829903978052127,nan,,,,150.0,300.0,9.6
n10_4_D10,10,4,10.0,3,1.47,linearly stable,0.0129058056610043,0.005093789992351511,spreading,nan,,3337,1,0.5086114921505868,nan,,,,150.0,300.0,10.7
n10_4_D10,10,4,10.0,3,2.15,linearly stable,0.05984029107809152,0.023864616243253832,spreading,nan,,3135,1,0.47782350251486055,nan,,,,150.0,300.0,17.6
n10_4_D10,10,4,10.0,3,3.16,linearly stable,0.31774858656856364,0.1270088488023349,stable,-7.69079860773072e-17,0.0,331,1,0.05044962658131382,nan,1.4649167397189753e-06,8.949733652422503e-14,8.949733652422503e-14,150.0,300.0,56.9
n10_4_D10,10,4,10.0,3,4.64,no activated state,nan,nan,stable,-1.2339321193203544e-16,0.0,91,1,0.013869836915104405,nan,7.472937947943692e-07,1.7710883191476627e-15,1.7710883191475359e-15,150.0,300.0,56.0
n10_4_D10,10,4,10.0,3,6.81,no activated state,nan,nan,stable,-6.132767899513526e-17,0.0,37,1,0.005639384240207285,nan,4.259928644976935e-07,1.087111906897864e-15,1.087111906897864e-15,150.0,300.0,55.0
n10_4_D10,10,4,10.0,3,10.0,no activated state,nan,nan,stable,-6.58803245116206e-17,0.0,19,1,0.002895900015241579,nan,1.9737357313082285e-07,9.25760151746025e-16,9.25760151746025e-16,150.0,300.0,52.1
n10_4_D10,10,4,10.0,3,14.7,no activated state,nan,nan,dies,nan,,0,0,0.0,nan,,,,150.0,300.0,3.6
n10_4_D10,10,4,10.0,3,21.5,no activated state,nan,nan,dies,nan,,0,0,0.0,nan,,,,150.0,300.0,1.2
n10_4_D10,10,4,10.0,3,31.6,no activated state,nan,nan,dies,nan,,0,0,0.0,nan,,,,150.0,300.0,1.1
n10_4_D10,10,4,10.0,3,46.4,no activated state,nan,nan,dies,nan,,0,0,0.0,nan,,,,150.0,300.0,1.4
n10_4_D10,10,4,10.0,3,68.1,no activated state,nan,nan,dies,nan,,0,0,0.0,nan,,,,150.0,300.0,1.7
n10_4_D10,10,4,10.0,3,100.0,no activated state,nan,nan,dies,nan,,0,0,0.0,nan,,,,150.0,300.0,1.3
n10_4_D10,10,4,10.0,4,1.0,linearly stable,0.00016213839632683857,6.104010456186778e-05,spreading,nan,,3555,1,0.541838134430727,nan,,,,150.0,300.0,5.2
n10_4_D10,10,4,10.0,4,1.47,linearly stable,0.0007223077734397343,0.0002851059313675016,spreading,nan,,4451,1,0.6784026825179088,nan,,,,150.0,300.0,5.1
n10_4_D10,10,4,10.0,4,2.15,linearly stable,0.0032753323428236225,0.001306306976465108,spreading,nan,,4149,1,0.6323731138545954,nan,,,,150.0,300.0,6.1
n10_4_D10,10,4,10.0,4,3.16,linearly stable,0.015341795683304627,0.006132850497856884,spreading,nan,,3587,1,0.5467154397195549,nan,,,,150.0,300.0,7.8
n10_4_D10,10,4,10.0,4,4.64,linearly stable,0.07339186216762661,0.029352668698107317,spreading,nan,,3119,1,0.4753848498704466,nan,,,,150.0,300.0,14.0
n10_4_D10,10,4,10.0,4,6.81,linearly stable,0.403165508797777,0.1612606788275904,stable,-1.0867864921287903e-09,0.13513513513513514,271,1,0.04130467916476147,nan,1.860275115666334e-06,7.42725667126295e-11,7.427258106383453e-11,150.0,300.0,42.9
n10_4_D10,10,4,10.0,4,10.0,no activated state,nan,nan,stable,-4.038182064172793e-17,0.0,91,1,0.013869836915104405,nan,1.0027938109183797e-06,2.0658999685007654e-15,2.0658999685007654e-15,150.0,300.0,42.6
n10_4_D10,10,4,10.0,4,14.7,no activated state,nan,nan,stable,-3.2066370041315884e-17,0.0,37,1,0.005639384240207285,nan,7.409342009658424e-07,1.5893635675870116e-15,1.5893635675870116e-15,150.0,300.0,42.3
n10_4_D10,10,4,10.0,4,21.5,no activated state,nan,nan,stable,-9.285740281365447e-17,0.0,19,1,0.002895900015241579,nan,3.98257442649287e-07,1.4141022616167718e-15,1.4141022616167718e-15,150.0,300.0,41.0
n10_4_D10,10,4,10.0,4,31.6,no activated state,nan,nan,dies,nan,,0,0,0.0,nan,,,,150.0,300.0,3.7
n10_4_D10,10,4,10.0,4,46.4,no activated state,nan,nan,dies,nan,,0,0,0.0,nan,,,,150.0,300.0,1.0
n10_4_D10,10,4,10.0,4,68.1,no activated state,nan,nan,dies,nan,,0,0,0.0,nan,,,,150.0,300.0,1.0
n10_4_D10,10,4,10.0,4,100.0,no activated state,nan,nan,dies,nan,,0,0,0.0,nan,,,,150.0,300.0,1.0
n10_4_D10,10,4,10.0,5,1.0,linearly stable,1.7408158651255334e-05,6.553657043352172e-06,spreading,nan,,4093,1,0.6238378295991465,nan,,,,150.0,300.0,3.1
n10_4_D10,10,4,10.0,5,1.47,linearly stable,7.753194197435143e-05,3.0603148207575523e-05,spreading,nan,,3681,1,0.5610425240054869,nan,,,,150.0,300.0,2.9
n10_4_D10,10,4,10.0,5,2.15,linearly stable,0.00035117102246573495,0.00014005867950768578,spreading,nan,,4563,1,0.6954732510288066,nan,,,,150.0,300.0,4.0
n10_4_D10,10,4,10.0,5,3.16,linearly stable,0.00163604736343137,0.0006540087417666344,spreading,nan,,4327,1,0.6595031245237006,nan,,,,150.0,300.0,4.2
n10_4_D10,10,4,10.0,5,4.64,linearly stable,0.007624420645879759,0.0030493558369409455,spreading,nan,,3305,1,0.5037341868617589,nan,,,,150.0,300.0,5.6
n10_4_D10,10,4,10.0,5,6.81,linearly stable,0.03587781345972152,0.014350702317476628,spreading,nan,,3617,1,0.5512879134278311,nan,,,,150.0,300.0,9.7
n10_4_D10,10,4,10.0,5,10.0,linearly stable,0.17935923018739475,0.07174321001448665,spreading,nan,,817,1,0.1245237006553879,nan,,,,150.0,300.0,13.7
n10_4_D10,10,4,10.0,5,14.7,no activated state,nan,nan,stable,-6.887283555674072e-17,0.0,169,1,0.025758268556622468,nan,1.6497089201942537e-06,8.668465119336497e-15,8.668465119336497e-15,150.0,300.0,40.9
n10_4_D10,10,4,10.0,5,21.5,no activated state,nan,nan,stable,-1.0210607032010695e-16,0.0,61,1,0.009297363206828228,nan,9.394304626428287e-07,3.7466291504426094e-15,3.7466291504426094e-15,150.0,300.0,41.8
n10_4_D10,10,4,10.0,5,31.6,no activated state,nan,nan,stable,-0.015206603284610324,0.0,19,1,0.002895900015241579,nan,1.2522032853233853e-06,1.1914716252386712e-13,3.3126661962368615e-15,150.0,300.0,41.7
n10_4_D10,10,4,10.0,5,46.4,no activated state,nan,nan,stable,-3.233873583799441e-17,0.0,7,1,0.001066910531931108,nan,2.0870767847708757e-06,1.7972356574043818e-15,1.7972356574043818e-15,150.0,300.0,41.4
n10_4_D10,10,4,10.0,5,68.1,no activated state,nan,nan,dies,nan,,0,0,0.0,nan,,,,150.0,300.0,1.8
n10_4_D10,10,4,10.0,5,100.0,no activated state,nan,nan,dies,nan,,0,0,0.0,nan,,,,150.0,300.0,1.0
n10_4_D10,10,4,10.0,7,1.0,linearly stable,6.018228282389515e-07,2.2656859135411898e-07,spreading,nan,,4557,1,0.6945587562871514,nan,,,,150.0,300.0,1.9
n10_4_D10,10,4,10.0,7,1.47,linearly stable,2.6803029207211893e-06,1.0579606015001554e-06,spreading,nan,,4273,1,0.6512726718488036,nan,,,,150.0,300.0,2.0
n10_4_D10,10,4,10.0,7,2.15,linearly stable,1.2138486011892269e-05,4.8412337175914735e-06,spreading,nan,,3603,1,0.549154092363969,nan,,,,150.0,300.0,2.0
n10_4_D10,10,4,10.0,7,3.16,linearly stable,5.6516118061011866e-05,2.259228597121368e-05,spreading,nan,,5132,1,0.782197835695778,nan,,,,150.0,300.0,2.8
n10_4_D10,10,4,10.0,7,4.64,linearly stable,0.00026261957467355046,0.00010503366598912537,spreading,nan,,3537,1,0.5390946502057613,nan,,,,150.0,300.0,2.8
n10_4_D10,10,4,10.0,7,6.81,linearly stable,0.0012190046892412987,0.0004875876996193164,spreading,nan,,3539,1,0.539399481786313,nan,,,,150.0,300.0,3.7
n10_4_D10,10,4,10.0,7,10.0,linearly stable,0.005680363507948316,0.00227213117004687,spreading,nan,,3779,1,0.5759792714525225,nan,,,,150.0,300.0,5.7
n10_4_D10,10,4,10.0,7,14.7,linearly stable,0.026806385422304402,0.010722539662131037,spreading,nan,,3790,1,0.5776558451455571,nan,,,,150.0,300.0,9.5
n10_4_D10,10,4,10.0,7,21.5,linearly stable,0.12915839553611086,0.05166334229631818,spreading,nan,,1567,1,0.23883554336229235,nan,,,,150.0,300.0,13.7
n10_4_D10,10,4,10.0,7,31.6,linearly stable,0.9101138945568121,0.3640455243990946,stable,1.1082695820790651e-05,0.7027027027027027,169,1,0.025758268556622468,nan,3.3297659283249455e-06,2.3004550283550965e-10,2.309293017149091e-10,150.0,300.0,42.6
n10_4_D10,10,4,10.0,7,46.4,no activated state,nan,nan,stable,-4.892846521413675e-17,0.0,61,1,0.009297363206828228,nan,2.0071400992353245e-06,8.472438339833076e-15,8.472438339833076e-15,150.0,300.0,43.2
n10_4_D10,10,4,10.0,7,68.1,no activated state,nan,nan,stable,-0.040912784037382716,0.14864864864864866,37,1,0.005639384240207285,nan,5.02101954907358e-06,8.095846632927381e-10,3.2507273215749455e-12,150.0,300.0,43.8
n10_4_D10,10,4,10.0,7,100.0,no activated state,nan,nan,stable,-8.496207640721219e-05,0.0,7,1,0.001066910531931108,nan,4.590655124138713e-06,4.777552447008699e-15,4.399284089138025e-15,150.0,300.0,41.3
n10_4_D10,10,4,10.0,10,1.0,linearly stable,1.7000000296363282e-08,6.4000000544000055e-09,uniform,nan,,6561,1,1.0,nan,,,,150.0,300.0,1.9
n10_4_D10,10,4,10.0,10,1.47,linearly stable,7.57118234773202e-08,2.9884729515313685e-08,uniform,nan,,6541,1,0.9969516841944825,nan,,,,150.0,300.0,1.8
n10_4_D10,10,4,10.0,10,2.15,linearly stable,3.428801587102015e-07,1.3675206344478308e-07,uniform,nan,,6405,1,0.9762231367169639,nan,,,,150.0,300.0,1.8
n10_4_D10,10,4,10.0,10,3.16,linearly stable,1.5963965926957258e-06,6.381586364809745e-07,spreading,nan,,5855,1,0.8923944520652339,nan,,,,150.0,300.0,1.8
n10_4_D10,10,4,10.0,10,4.64,linearly stable,7.417406331367005e-06,2.9665625295075244e-06,spreading,nan,,4749,1,0.7238225880201189,nan,,,,150.0,300.0,1.9
n10_4_D10,10,4,10.0,10,6.81,linearly stable,3.441347457333599e-05,1.3764989816677375e-05,spreading,nan,,3303,1,0.5034293552812071,nan,,,,150.0,300.0,1.9
n10_4_D10,10,4,10.0,10,10.0,linearly stable,0.00016001380186314584,6.400512068747121e-05,spreading,nan,,4111,1,0.6265813138241122,nan,,,,150.0,300.0,2.8
n10_4_D10,10,4,10.0,10,14.7,linearly stable,0.0007473984703887382,0.00029895898788639264,spreading,nan,,4121,1,0.6281054717268709,nan,,,,150.0,300.0,3.7
n10_4_D10,10,4,10.0,10,21.5,linearly stable,0.0034246621415878753,0.0013698644554002708,spreading,nan,,3495,1,0.5326931870141747,nan,,,,150.0,300.0,5.1
n10_4_D10,10,4,10.0,10,31.6,linearly stable,0.01608286817971205,0.006433146866048082,spreading,nan,,3643,1,0.5552507239750039,nan,,,,150.0,300.0,7.8
n10_4_D10,10,4,10.0,10,46.4,linearly stable,0.07708974208709307,0.03083589640598415,spreading,nan,,3000,1,0.45724737082761774,nan,,,,150.0,300.0,14.4
n10_4_D10,10,4,10.0,10,68.1,linearly stable,0.4283190136025261,0.1713276048478586,stable,-8.28098947597877e-17,0.0,271,1,0.04130467916476147,nan,7.530327729368373e-06,5.654104170011768e-14,5.654104170011768e-14,150.0,300.0,41.9
n10_4_D10,10,4,10.0,10,100.0,no activated state,nan,nan,stable,-5.188206520389673e-17,0.0,91,1,0.013869836915104405,nan,5.811815238062666e-06,2.1695438867333925e-14,2.1695438867333925e-14,150.0,300.0,43.7
n10_4_D10,10,4,10.0,15,1.0,linearly stable,2.948064015129148e-10,1.1098579147768842e-10,spreading,nan,,5787,1,0.8820301783264746,nan,,,,150.0,300.0,1.0
n10_4_D10,10,4,10.0,15,1.47,linearly stable,1.3129586307059071e-09,5.182469116378864e-10,spreading,nan,,5747,1,0.8759335467154398,nan,,,,150.0,300.0,1.0
n10_4_D10,10,4,10.0,15,2.15,linearly stable,5.946065861905936e-09,2.3714895997616544e-09,spreading,nan,,5657,1,0.8622161255906112,nan,,,,150.0,300.0,1.0
n10_4_D10,10,4,10.0,15,3.16,linearly stable,2.768393736474195e-08,1.1066638405389794e-08,spreading,nan,,5249,1,0.8000304831580551,nan,,,,150.0,300.0,0.9
n10_4_D10,10,4,10.0,15,4.64,linearly stable,1.2862870435448315e-07,5.1444545368304794e-08,spreading,nan,,4167,1,0.635116598079561,nan,,,,150.0,300.0,1.2
n10_4_D10,10,4,10.0,15,6.81,linearly stable,5.967722072064419e-07,2.3870194659951346e-07,uniform,nan,,6459,1,0.984453589391861,nan,,,,150.0,300.0,1.9
n10_4_D10,10,4,10.0,15,10.0,linearly stable,2.7746659769789517e-06,1.1098594543570674e-06,spreading,nan,,5725,1,0.8725803993293705,nan,,,,150.0,300.0,1.9
n10_4_D10,10,4,10.0,15,14.7,linearly stable,1.2956274055841988e-05,5.182502685852228e-06,spreading,nan,,4295,1,0.6546258192348727,nan,,,,150.0,300.0,1.9
n10_4_D10,10,4,10.0,15,21.5,linearly stable,5.928901473217785e-05,2.3715598956022914e-05,spreading,nan,,5269,1,0.8030787989635726,nan,,,,150.0,300.0,3.6
n10_4_D10,10,4,10.0,15,31.6,linearly stable,0.0002767042541518272,0.00011068169472253684,spreading,nan,,3549,1,0.5409236396890718,nan,,,,150.0,300.0,3.3
n10_4_D10,10,4,10.0,15,46.4,linearly stable,0.0012869414648919442,0.0005147765790118961,spreading,nan,,3515,1,0.5357415028196921,nan,,,,150.0,300.0,4.3
n10_4_D10,10,4,10.0,15,68.1,linearly stable,0.005985438206718152,0.002394175275712942,spreading,nan,,3707,1,0.5650053345526597,nan,,,,150.0,300.0,5.9
n10_4_D10,10,4,10.0,15,100.0,linearly stable,0.02814016011943421,0.01125606404065839,spreading,nan,,3715,1,0.5662246608748667,nan,,,,150.0,300.0,9.3
n10_4_D10,10,4,10.0,20,1.0,linearly stable,1.6601164887219966e-11,6.250000000051879e-12,uniform,nan,,6561,1,1.0,nan,,,,150.0,300.0,0.9
n10_4_D10,10,4,10.0,20,1.47,linearly stable,7.393641254793692e-11,2.918430506357886e-11,uniform,nan,,6561,1,1.0,nan,,,,150.0,300.0,1.0
n10_4_D10,10,4,10.0,20,2.15,linearly stable,3.3484437444997184e-10,1.3354691408485874e-10,uniform,nan,,6561,1,1.0,nan,,,,150.0,300.0,1.0
n10_4_D10,10,4,10.0,20,3.16,linearly stable,1.5589785018477187e-09,6.232012964857799e-10,uniform,nan,,6561,1,1.0,nan,,,,150.0,300.0,1.0
n10_4_D10,10,4,10.0,20,4.64,linearly stable,7.243534660972273e-09,2.8970229864923446e-09,uniform,nan,,6405,1,0.9762231367169639,nan,,,,150.0,300.0,1.0
n10_4_D10,10,4,10.0,20,6.81,linearly stable,3.3606332161539854e-08,1.3442141795933052e-08,spreading,nan,,5731,1,0.8734948940710258,nan,,,,150.0,300.0,0.9
n10_4_D10,10,4,10.0,20,10.0,linearly stable,1.5625098881422161e-07,6.250000488284371e-08,spreading,nan,,4361,1,0.6646852613930804,nan,,,,150.0,300.0,1.0
n10_4_D10,10,4,10.0,20,14.7,linearly stable,7.296088699870751e-07,2.9184315709066256e-07,uniform,nan,,6413,1,0.9774424630391708,nan,,,,150.0,300.0,2.0
n10_4_D10,10,4,10.0,20,21.5,linearly stable,3.3386794007217446e-06,1.3354713699788893e-06,spreading,nan,,5615,1,0.8558146623990245,nan,,,,150.0,300.0,1.9
n10_4_D10,10,4,10.0,20,31.6,linearly stable,1.5580154747452113e-05,6.232061508090074e-06,spreading,nan,,4087,1,0.6229233348574912,nan,,,,150.0,300.0,1.6
n10_4_D10,10,4,10.0,20,46.4,linearly stable,7.2428198261143e-05,2.8971278913568776e-05,spreading,nan,,5052,1,0.7700045724737082,nan,,,,150.0,300.0,2.8
n10_4_D10,10,4,10.0,20,68.1,linearly stable,0.00033611002140498947,0.0001344440081710949,spreading,nan,,3349,1,0.5104404816338973,nan,,,,150.0,300.0,3.0
n10_4_D10,10,4,10.0,20,100.0,linearly stable,0.0015637222322806288,0.0006254888925213079,spreading,nan,,3281,1,0.500076207895138,nan,,,,150.0,300.0,3.8
n10_4_D20,10,4,20.0,2.5,1.0,linearly stable,0.017994696513417008,0.006771593912524692,spreading,nan,,2699,1,0.4113702179545801,nan,,,,150.0,300.0,15.2
n10_4_D20,10,4,20.0,2.5,1.47,linearly stable,0.08279638648371002,0.032666535442909136,spreading,nan,,1419,1,0.2162780064014632,nan,,,,150.0,300.0,14.8
n10_4_D20,10,4,20.0,2.5,2.15,linearly stable,0.453777431338821,0.1808739190390104,stable,4.4900455053821206e-13,0.5945945945945946,397,1,0.060509068739521416,nan,1.1268908840156067e-06,7.148878710061296e-11,7.14887871897155e-11,150.0,300.0,42.9
n10_4_D20,10,4,20.0,2.5,3.16,no activated state,nan,nan,stable,1.553038120290427e-08,0.7702702702702703,127,1,0.01935680536503582,nan,6.19668304153092e-07,6.430602162491664e-10,6.430629285399695e-10,150.0,300.0,44.7
n10_4_D20,10,4,20.0,2.5,4.64,no activated state,nan,nan,stable,-3.3469377949923116e-08,0.5540540540540541,61,1,0.009297363206828228,nan,3.0868646196511555e-07,7.766107276872783e-16,7.765972433255537e-16,150.0,300.0,42.3
n10_4_D20,10,4,20.0,2.5,6.81,no activated state,nan,nan,stable,3.528908739747464e-10,0.5,19,1,0.002895900015241579,nan,2.6450078377709254e-07,9.038956827904765e-16,9.038964594632719e-16,150.0,300.0,43.2
n10_4_D20,10,4,20.0,2.5,10.0,no activated state,nan,nan,dies,nan,,0,0,0.0,nan,,,,150.0,300.0,5.8
n10_4_D20,10,4,20.0,2.5,14.7,no activated state,nan,nan,dies,nan,,0,0,0.0,nan,,,,150.0,300.0,2.0
n10_4_D20,10,4,20.0,2.5,21.5,no activated state,nan,nan,dies,nan,,0,0,0.0,nan,,,,150.0,300.0,1.0
n10_4_D20,10,4,20.0,2.5,31.6,no activated state,nan,nan,dies,nan,,0,0,0.0,nan,,,,150.0,300.0,1.1
n10_4_D20,10,4,20.0,2.5,46.4,no activated state,nan,nan,dies,nan,,0,0,0.0,nan,,,,150.0,300.0,0.9
n10_4_D20,10,4,20.0,2.5,68.1,no activated state,nan,nan,dies,nan,,0,0,0.0,nan,,,,150.0,300.0,0.9
n10_4_D20,10,4,20.0,2.5,100.0,no activated state,nan,nan,dies,nan,,0,0,0.0,nan,,,,150.0,300.0,0.9
n10_4_D20,10,4,20.0,3,1.0,linearly stable,0.0028833147406504,0.0010854095062585814,spreading,nan,,3871,1,0.5900015241579027,nan,,,,150.0,300.0,8.1
n10_4_D20,10,4,20.0,3,1.47,linearly stable,0.0129058056610043,0.005093789992351511,spreading,nan,,3521,1,0.5366559975613474,nan,,,,150.0,300.0,9.2
n10_4_D20,10,4,20.0,3,2.15,linearly stable,0.05984029107809152,0.023864616243253832,spreading,nan,,3338,1,0.5087639079408627,nan,,,,150.0,300.0,13.9
n10_4_D20,10,4,20.0,3,3.16,linearly stable,0.31774858656856364,0.1270088488023349,stable,5.871397031639414e-12,0.7432432432432432,689,1,0.10501447950007621,nan,0.0003392982890995043,0.0008340478661440757,0.0008340478683553106,150.0,300.0,43.1
n10_4_D20,10,4,20.0,3,4.64,no activated state,nan,nan,stable,-1.7389294680141224e-08,0.32432432432432434,217,1,0.03307422648986435,nan,8.227686568970495e-07,1.5189859631322152e-15,1.5189121957416045e-15,150.0,300.0,42.2
n10_4_D20,10,4,20.0,3,6.81,no activated state,nan,nan,stable,-1.4924172555233237e-08,0.5135135135135135,91,1,0.013869836915104405,nan,6.168452125590931e-07,1.0485623703029257e-15,1.0485180173288218e-15,150.0,300.0,42.5
n10_4_D20,10,4,20.0,3,10.0,no activated state,nan,nan,stable,-3.5347679027448023e-08,0.6621621621621622,37,1,0.005639384240207285,nan,4.990561803933769e-07,7.587643981144188e-16,7.586889451785925e-16,150.0,300.0,40.6
n10_4_D20,10,4,20.0,3,14.7,no activated state,nan,nan,stable,-7.72888126000397e-09,0.5,19,1,0.002895900015241579,nan,2.3844245468814144e-07,9.99601245714404e-16,9.99571864347803e-16,150.0,300.0,42.1
n10_4_D20,10,4,20.0,3,21.5,no activated state,nan,nan,stable,-4.181991072432001e-09,0.6621621621621622,7,1,0.001066910531931108,nan,1.1661796398208042e-06,9.235656648335067e-16,9.235531223941087e-16,150.0,300.0,42.1
n10_4_D20,10,4,20.0,3,31.6,no activated state,nan,nan,dies,nan,,0,0,0.0,nan,,,,150.0,300.0,1.0
n10_4_D20,10,4,20.0,3,46.4,no activated state,nan,nan,dies,nan,,0,0,0.0,nan,,,,150.0,300.0,0.9
n10_4_D20,10,4,20.0,3,68.1,no activated state,nan,nan,dies,nan,,0,0,0.0,nan,,,,150.0,300.0,0.8
n10_4_D20,10,4,20.0,3,100.0,no activated state,nan,nan,dies,nan,,0,0,0.0,nan,,,,150.0,300.0,1.0
n10_4_D20,10,4,20.0,4,1.0,linearly stable,0.00016213839632683857,6.104010456186778e-05,spreading,nan,,3587,1,0.5467154397195549,nan,,,,150.0,300.0,3.8
n10_4_D20,10,4,20.0,4,1.47,linearly stable,0.0007223077734397343,0.0002851059313675016,spreading,nan,,4497,1,0.685413808870599,nan,,,,150.0,300.0,4.8
n10_4_D20,10,4,20.0,4,2.15,linearly stable,0.0032753323428236225,0.001306306976465108,spreading,nan,,3329,1,0.5073921658283799,nan,,,,150.0,300.0,5.0
n10_4_D20,10,4,20.0,4,3.16,linearly stable,0.015341795683304627,0.006132850497856884,spreading,nan,,3285,1,0.5006858710562414,nan,,,,150.0,300.0,6.2
n10_4_D20,10,4,20.0,4,4.64,linearly stable,0.07339186216762661,0.029352668698107317,spreading,nan,,3399,1,0.5180612711476908,nan,,,,150.0,300.0,12.4
n10_4_D20,10,4,20.0,4,6.81,linearly stable,0.403165508797777,0.1612606788275904,stable,2.252570494693699e-05,1.0,547,1,0.08337143728090231,nan,4.236142781418643e-06,9.128848260201805e-06,9.16986492935136e-06,150.0,300.0,42.0
n10_4_D20,10,4,20.0,4,10.0,no activated state,nan,nan,stable,-6.353203464930166e-10,0.581081081081081,217,1,0.03307422648986435,nan,1.2716222258755175e-06,9.014194311443569e-14,9.014176887533026e-14,150.0,300.0,41.7
n10_4_D20,10,4,20.0,4,14.7,no activated state,nan,nan,stable,8.592273325182082e-09,0.44594594594594594,91,1,0.013869836915104405,nan,1.055383615014411e-06,1.5127291656825138e-15,1.5127096001380506e-15,150.0,300.0,43.1
n10_4_D20,10,4,20.0,4,21.5,no activated state,nan,nan,stable,3.612701365174946e-10,0.3783783783783784,37,1,0.005639384240207285,nan,8.71085251543417e-07,9.707936048321214e-16,9.707963149244289e-16,150.0,300.0,42.2
n10_4_D20,10,4,20.0,4,31.6,no activated state,nan,nan,stable,-1.2088594907850817e-08,0.3783783783783784,19,1,0.002895900015241579,nan,3.6171483836848453e-07,9.099193172511303e-16,9.098754930755254e-16,150.0,300.0,43.3
n10_4_D20,10,4,20.0,4,46.4,no activated state,nan,nan,stable,5.3030190147297125e-09,0.33783783783783783,7,1,0.001066910531931108,nan,2.201448949623649e-06,1.1366943470193074e-15,1.136711532970525e-15,150.0,300.0,43.3
n10_4_D20,10,4,20.0,4,68.1,no activated state,nan,nan,dies,nan,,0,0,0.0,nan,,,,150.0,300.0,2.0
n10_4_D20,10,4,20.0,4,100.0,no activated state,nan,nan,dies,nan,,0,0,0.0,nan,,,,150.0,300.0,1.0
n10_4_D20,10,4,20.0,5,1.0,linearly stable,1.7408158651255334e-05,6.553657043352172e-06,spreading,nan,,4089,1,0.623228166438043,nan,,,,150.0,300.0,2.9
n10_4_D20,10,4,20.0,5,1.47,linearly stable,7.753194197435143e-05,3.0603148207575523e-05,spreading,nan,,3689,1,0.5622618503276939,nan,,,,150.0,300.0,3.0
n10_4_D20,10,4,20.0,5,2.15,linearly stable,0.00035117102246573495,0.00014005867950768578,spreading,nan,,4575,1,0.6973022405121171,nan,,,,150.0,300.0,4.4
n10_4_D20,10,4,20.0,5,3.16,linearly stable,0.00163604736343137,0.0006540087417666344,spreading,nan,,4473,1,0.6817558299039781,nan,,,,150.0,300.0,6.3
n10_4_D20,10,4,20.0,5,4.64,linearly stable,0.007624420645879759,0.0030493558369409455,spreading,nan,,3623,1,0.5522024081694864,nan,,,,150.0,300.0,6.3
n10_4_D20,10,4,20.0,5,6.81,linearly stable,0.03587781345972152,0.014350702317476628,spreading,nan,,3599,1,0.5485444292028654,nan,,,,150.0,300.0,9.4
n10_4_D20,10,4,20.0,5,10.0,linearly stable,0.17935923018739475,0.07174321001448665,spreading,nan,,1647,1,0.25102880658436216,nan,,,,150.0,300.0,13.6
n10_4_D20,10,4,20.0,5,14.7,no activated state,nan,nan,stable,3.077754525452522e-06,1.0,271,1,0.04130467916476147,nan,2.682694181426668e-06,2.8187164533249968e-08,2.821220158338381e-08,150.0,300.0,40.6
n10_4_D20,10,4,20.0,5,21.5,no activated state,nan,nan,stable,-3.4671978501319494e-08,0.527027027027027,127,1,0.01935680536503582,nan,1.3980099373883014e-06,3.6126438598524565e-15,3.612213946672767e-15,150.0,300.0,40.9
n10_4_D20,10,4,20.0,5,31.6,no activated state,nan,nan,stable,2.479838538610345e-08,0.5405405405405406,61,1,0.009297363206828228,nan,9.711972945283148e-07,2.3831122284940797e-15,2.3831965718546707e-15,150.0,300.0,41.2
n10_4_D20,10,4,20.0,5,46.4,no activated state,nan,nan,unstable,0.007623141768168855,0.24324324324324326,19,1,0.002895900015241579,nan,2.8774222994292507e-06,0.0015528891793330686,0.015600281247798407,150.0,300.0,41.4
n10_4_D20,10,4,20.0,5,68.1,no activated state,nan,nan,stable,-0.0008802178684082871,0.0,13,1,0.0019814052735863436,nan,3.1730689335434348e-06,6.381652659313178e-10,5.08070793517171e-10,150.0,300.0,42.0
n10_4_D20,10,4,20.0,5,100.0,no activated state,nan,nan,dies,nan,,0,0,0.0,nan,,,,150.0,300.0,1.8
n10_4_D20,10,4,20.0,7,1.0,linearly stable,6.018228282389515e-07,2.2656859135411898e-07,spreading,nan,,4515,1,0.6881572930955647,nan,,,,150.0,300.0,2.0
n10_4_D20,10,4,20.0,7,1.47,linearly stable,2.6803029207211893e-06,1.0579606015001554e-06,spreading,nan,,4211,1,0.6418228928516995,nan,,,,150.0,300.0,1.9
n10_4_D20,10,4,20.0,7,2.15,linearly stable,1.2138486011892269e-05,4.8412337175914735e-06,spreading,nan,,3589,1,0.5470202713001067,nan,,,,150.0,300.0,1.8
n10_4_D20,10,4,20.0,7,3.16,linearly stable,5.6516118061011866e-05,2.259228597121368e-05,spreading,nan,,5109,1,0.778692272519433,nan,,,,150.0,300.0,2.7
n10_4_D20,10,4,20.0,7,4.64,linearly stable,0.00026261957467355046,0.00010503366598912537,spreading,nan,,3665,1,0.558603871361073,nan,,,,150.0,300.0,2.6
n10_4_D20,10,4,20.0,7,6.81,linearly stable,0.0012190046892412987,0.0004875876996193164,spreading,nan,,3723,1,0.5674439871970736,nan,,,,150.0,300.0,3.8
n10_4_D20,10,4,20.0,7,10.0,linearly stable,0.005680363507948316,0.00227213117004687,spreading,nan,,4065,1,0.619570187471422,nan,,,,150.0,300.0,5.5
n10_4_D20,10,4,20.0,7,14.7,linearly stable,0.026806385422304402,0.010722539662131037,spreading,nan,,3685,1,0.5616521871665905,nan,,,,150.0,300.0,8.3
n10_4_D20,10,4,20.0,7,21.5,linearly stable,0.12915839553611086,0.05166334229631818,spreading,nan,,2369,1,0.3610730071635421,nan,,,,150.0,300.0,13.5
n10_4_D20,10,4,20.0,7,31.6,linearly stable,0.9101138945568121,0.3640455243990946,stable,9.624050371727292e-15,0.5,373,1,0.05685108977290047,nan,4.586301799940009e-06,5.9722313437826894e-09,5.972231345495996e-09,150.0,300.0,41.4
n10_4_D20,10,4,20.0,7,46.4,no activated state,nan,nan,stable,2.0104904573409032e-05,0.7432432432432432,127,1,0.01935680536503582,nan,3.6124990440707383e-06,7.342875445012729e-11,7.397364889996911e-11,150.0,300.0,41.3
n10_4_D20,10,4,20.0,7,68.1,no activated state,nan,nan,stable,-2.225238289286073e-08,0.6621621621621622,61,1,0.009297363206828228,nan,1.8198368870725668e-06,7.079160544457678e-15,7.078576222116281e-15,150.0,300.0,40.8
n10_4_D20,10,4,20.0,7,100.0,no activated state,nan,nan,stable,-1.422120785356183e-08,0.527027027027027,37,1,0.005639384240207285,nan,4.791780622546635e-06,4.6084184388316516e-15,4.608548523262406e-15,150.0,300.0,41.8
n10_4_D20,10,4,20.0,10,1.0,linearly stable,1.7000000296363282e-08,6.4000000544000055e-09,uniform,nan,,6557,1,0.9993903368388966,nan,,,,150.0,300.0,1.8
n10_4_D20,10,4,20.0,10,1.47,linearly stable,7.57118234773202e-08,2.9884729515313685e-08,uniform,nan,,6497,1,0.9902453894223442,nan,,,,150.0,300.0,1.9
n10_4_D20,10,4,20.0,10,2.15,linearly stable,3.428801587102015e-07,1.3675206344478308e-07,uniform,nan,,6283,1,0.9576284103033075,nan,,,,150.0,300.0,1.9
n10_4_D20,10,4,20.0,10,3.16,linearly stable,1.5963965926957258e-06,6.381586364809745e-07,spreading,nan,,5713,1,0.87075140984606,nan,,,,150.0,300.0,1.9
n10_4_D20,10,4,20.0,10,4.64,linearly stable,7.417406331367005e-06,2.9665625295075244e-06,spreading,nan,,4607,1,0.702179545800945,nan,,,,150.0,300.0,1.8
n10_4_D20,10,4,20.0,10,6.81,linearly stable,3.441347457333599e-05,1.3764989816677375e-05,spreading,nan,,3329,1,0.5073921658283799,nan,,,,150.0,300.0,1.9
n10_4_D20,10,4,20.0,10,10.0,linearly stable,0.00016001380186314584,6.400512068747121e-05,spreading,nan,,4279,1,0.6521871665904587,nan,,,,150.0,300.0,2.6
n10_4_D20,10,4,20.0,10,14.7,linearly stable,0.0007473984703887382,0.00029895898788639264,spreading,nan,,4327,1,0.6595031245237006,nan,,,,150.0,300.0,3.8
n10_4_D20,10,4,20.0,10,21.5,linearly stable,0.0034246621415878753,0.0013698644554002708,spreading,nan,,3747,1,0.5711019661636946,nan,,,,150.0,300.0,4.8
n10_4_D20,10,4,20.0,10,31.6,linearly stable,0.01608286817971205,0.006433146866048082,spreading,nan,,3405,1,0.5189757658893461,nan,,,,150.0,300.0,6.3
n10_4_D20,10,4,20.0,10,46.4,linearly stable,0.07708974208709307,0.03083589640598415,spreading,nan,,3327,1,0.507087334247828,nan,,,,150.0,300.0,13.0
n10_4_D20,10,4,20.0,10,68.1,linearly stable,0.4283190136025261,0.1713276048478586,stable,-8.82759622260761e-13,0.6621621621621622,547,1,0.08337143728090231,nan,1.3499939472964137e-05,1.1196346258060344e-09,1.1196346235385464e-09,150.0,300.0,43.0
n10_4_D20,10,4,20.0,10,100.0,no activated state,nan,nan,stable,3.560896898242968e-05,1.0,169,1,0.025758268556622468,nan,6.2721735525707304e-06,7.160720780642793e-08,7.226108488762731e-08,150.0,300.0,42.0
n10_4_D20,10,4,20.0,15,1.0,linearly stable,2.948064015129148e-10,1.1098579147768842e-10,spreading,nan,,5775,1,0.8802011888431641,nan,,,,150.0,300.0,1.0
n10_4_D20,10,4,20.0,15,1.47,linearly stable,1.3129586307059071e-09,5.182469116378864e-10,spreading,nan,,5709,1,0.8701417466849566,nan,,,,150.0,300.0,1.0
n10_4_D20,10,4,20.0,15,2.15,linearly stable,5.946065861905936e-09,2.3714895997616544e-09,spreading,nan,,5501,1,0.838439262307575,nan,,,,150.0,300.0,0.9
n10_4_D20,10,4,20.0,15,3.16,linearly stable,2.768393736474195e-08,1.1066638405389794e-08,spreading,nan,,4925,1,0.7506477671086724,nan,,,,150.0,300.0,1.0
n10_4_D20,10,4,20.0,15,4.64,linearly stable,1.2862870435448315e-07,5.1444545368304794e-08,spreading,nan,,3881,1,0.5915256820606615,nan,,,,150.0,300.0,0.9
n10_4_D20,10,4,20.0,15,6.81,linearly stable,5.967722072064419e-07,2.3870194659951346e-07,uniform,nan,,6335,1,0.9655540313976528,nan,,,,150.0,300.0,1.9
n10_4_D20,10,4,20.0,15,10.0,linearly stable,2.7746659769789517e-06,1.1098594543570674e-06,spreading,nan,,5593,1,0.8524615150129553,nan,,,,150.0,300.0,1.8
n10_4_D20,10,4,20.0,15,14.7,linearly stable,1.2956274055841988e-05,5.182502685852228e-06,spreading,nan,,4275,1,0.6515775034293553,nan,,,,150.0,300.0,1.9
n10_4_D20,10,4,20.0,15,21.5,linearly stable,5.928901473217785e-05,2.3715598956022914e-05,spreading,nan,,5299,1,0.8076512726718488,nan,,,,150.0,300.0,2.7
n10_4_D20,10,4,20.0,15,31.6,linearly stable,0.0002767042541518272,0.00011068169472253684,spreading,nan,,3735,1,0.5692729766803841,nan,,,,150.0,300.0,3.0
n10_4_D20,10,4,20.0,15,46.4,linearly stable,0.0012869414648919442,0.0005147765790118961,spreading,nan,,3707,1,0.5650053345526597,nan,,,,150.0,300.0,3.8
n10_4_D20,10,4,20.0,15,68.1,linearly stable,0.005985438206718152,0.002394175275712942,spreading,nan,,4009,1,0.6110349032159732,nan,,,,150.0,300.0,6.0
n10_4_D20,10,4,20.0,15,100.0,linearly stable,0.02814016011943421,0.01125606404065839,spreading,nan,,3604,1,0.5493065081542448,nan,,,,150.0,300.0,8.8
n10_4_D20,10,4,20.0,20,1.0,linearly stable,1.6601164887219966e-11,6.250000000051879e-12,uniform,nan,,6561,1,1.0,nan,,,,150.0,300.0,1.0
n10_4_D20,10,4,20.0,20,1.47,linearly stable,7.393641254793692e-11,2.918430506357886e-11,uniform,nan,,6561,1,1.0,nan,,,,150.0,300.0,1.0
n10_4_D20,10,4,20.0,20,2.15,linearly stable,3.3484437444997184e-10,1.3354691408485874e-10,uniform,nan,,6561,1,1.0,nan,,,,150.0,300.0,1.0
n10_4_D20,10,4,20.0,20,3.16,linearly stable,1.5589785018477187e-09,6.232012964857799e-10,uniform,nan,,6479,1,0.9875019051973785,nan,,,,150.0,300.0,1.0
n10_4_D20,10,4,20.0,20,4.64,linearly stable,7.243534660972273e-09,2.8970229864923446e-09,uniform,nan,,6095,1,0.9289742417314434,nan,,,,150.0,300.0,1.0
n10_4_D20,10,4,20.0,20,6.81,linearly stable,3.3606332161539854e-08,1.3442141795933052e-08,spreading,nan,,5295,1,0.8070416095107453,nan,,,,150.0,300.0,1.0
n10_4_D20,10,4,20.0,20,10.0,linearly stable,1.5625098881422161e-07,6.250000488284371e-08,spreading,nan,,3945,1,0.6012802926383173,nan,,,,150.0,300.0,0.9
n10_4_D20,10,4,20.0,20,14.7,linearly stable,7.296088699870751e-07,2.9184315709066256e-07,uniform,nan,,6289,1,0.9585429050449626,nan,,,,150.0,300.0,2.1
n10_4_D20,10,4,20.0,20,21.5,linearly stable,3.3386794007217446e-06,1.3354713699788893e-06,spreading,nan,,5477,1,0.8347812833409541,nan,,,,150.0,300.0,2.1
n10_4_D20,10,4,20.0,20,31.6,linearly stable,1.5580154747452113e-05,6.232061508090074e-06,spreading,nan,,4085,1,0.6226185032769395,nan,,,,150.0,300.0,1.8
n10_4_D20,10,4,20.0,20,46.4,linearly stable,7.2428198261143e-05,2.8971278913568776e-05,spreading,nan,,5130,1,0.7818930041152263,nan,,,,150.0,300.0,2.6
n10_4_D20,10,4,20.0,20,68.1,linearly stable,0.00033611002140498947,0.0001344440081710949,spreading,nan,,3539,1,0.539399481786313,nan,,,,150.0,300.0,2.8
n10_4_D20,10,4,20.0,20,100.0,linearly stable,0.0015637222322806288,0.0006254888925213079,spreading,nan,,3519,1,0.5363511659807956,nan,,,,150.0,300.0,3.6
