panel,n_a,n_i,D_i,b_a,b_i,sigma,fate,area_t50,t_first_change,area_end,blobs_end,change_end,t_end,trajectory
n3_3_D10,3,3,10.0,3,3.16,0.03053002422748804,divides,85,350.0,868,16,0.027126567034426192,1500.0,50:85/1 100:85/1 150:85/1 200:85/1 250:85/1 300:85/1 350:81/1 400:87/1 450:93/1 500:132/2 550:146/2 600:182/2 650:228/4 700:256/4 750:280/4 800:308/4 850:360/8 900:436/8 950:464/8 1000:500/8 1050:548/8 1100:648/8 1150:750/16 1200:796/16 1250:822/16 1300:830/16 1350:838/16 1400:870/16 1450:862/16 1500:868/16
n4_4_D10,4,4,10.0,2.5,3.16,0.0054447462493732125,one domain,31,800.0,26,1,7.651171623491968e-08,1500.0,50:31/1 100:31/1 150:31/1 200:31/1 250:31/1 300:31/1 350:31/1 400:31/1 450:31/1 500:31/1 550:31/1 600:31/1 650:31/1 700:31/1 750:31/1 800:29/1 850:27/1 900:28/1 950:26/1 1000:26/1 1050:26/1 1100:26/1 1150:26/1 1200:26/1 1250:26/1 1300:26/1 1350:26/1 1400:26/1 1450:26/1 1500:26/1
n4_4_D10,4,4,10.0,4,14.7,0.019006144262529102,one domain,7,750.0,10,1,2.5686709100042543e-09,1500.0,50:7/1 100:7/1 150:7/1 200:7/1 250:7/1 300:7/1 350:7/1 400:7/1 450:7/1 500:7/1 550:7/1 600:7/1 650:7/1 700:7/1 750:9/1 800:9/1 850:10/1 900:10/1 950:10/1 1000:10/1 1050:10/1 1100:10/1 1150:10/1 1200:10/1 1250:10/1 1300:10/1 1350:10/1 1400:10/1 1450:10/1 1500:10/1
n4_4_D10,4,4,10.0,5,10,0.01168639032784079,divides,31,850.0,128,4,0.023087241737227135,1500.0,50:31/1 100:31/1 150:31/1 200:31/1 250:31/1 300:31/1 350:31/1 400:31/1 450:31/1 500:31/1 550:31/1 600:31/1 650:31/1 700:31/1 750:31/1 800:31/1 850:33/1 900:29/1 950:33/1 1000:50/2 1050:54/2 1100:58/2 1150:62/2 1200:96/4 1250:112/4 1300:112/4 1350:116/4 1400:116/4 1450:116/4 1500:128/4
n4_4_D10,4,4,10.0,5,21.5,0.017450050734916255,one domain,7,900.0,8,1,1.6762740061084068e-08,1500.0,50:7/1 100:7/1 150:7/1 200:7/1 250:7/1 300:7/1 350:7/1 400:7/1 450:7/1 500:7/1 550:7/1 600:7/1 650:7/1 700:7/1 750:7/1 800:7/1 850:7/1 900:9/1 950:8/1 1000:8/1 1050:8/1 1100:8/1 1150:8/1 1200:8/1 1250:8/1 1300:8/1 1350:8/1 1400:8/1 1450:8/1 1500:8/1
n4_4_D10,4,4,10.0,7,14.7,0.014228155725796618,divides,31,750.0,180,8,0.0727559357699035,1500.0,50:31/1 100:31/1 150:31/1 200:31/1 250:31/1 300:31/1 350:31/1 400:31/1 450:31/1 500:31/1 550:31/1 600:31/1 650:31/1 700:31/1 750:29/1 800:35/1 850:54/2 900:58/2 950:52/2 1000:72/4 1050:100/4 1100:108/4 1150:108/4 1200:112/4 1250:112/4 1300:120/4 1350:152/8 1400:176/8 1450:196/8 1500:180/8
n4_4_D10,4,4,10.0,7,31.6,0.013937216708046513,one domain,7,1100.0,8,1,1.7646967533997754e-06,1500.0,50:7/1 100:7/1 150:7/1 200:7/1 250:7/1 300:7/1 350:7/1 400:7/1 450:7/1 500:7/1 550:7/1 600:7/1 650:7/1 700:7/1 750:7/1 800:7/1 850:7/1 900:7/1 950:7/1 1000:7/1 1050:7/1 1100:8/1 1150:8/1 1200:8/1 1250:8/1 1300:8/1 1350:8/1 1400:8/1 1450:8/1 1500:8/1
n4_4_D10,4,4,10.0,10,21.5,0.012934126186041502,divides,31,750.0,156,8,0.2654838282258388,1500.0,50:31/1 100:31/1 150:31/1 200:31/1 250:31/1 300:31/1 350:31/1 400:31/1 450:31/1 500:31/1 550:31/1 600:31/1 650:31/1 700:31/1 750:27/1 800:29/1 850:29/1 900:38/2 950:46/2 1000:50/2 1050:50/2 1100:64/4 1150:100/4 1200:100/4 1250:104/4 1300:104/4 1350:108/4 1400:108/4 1450:112/4 1500:156/8
n4_4_D10,4,4,10.0,10,46.4,0.012400134970130337,one domain,7,1200.0,8,1,1.634927292631127e-05,1500.0,50:7/1 100:7/1 150:7/1 200:7/1 250:7/1 300:7/1 350:7/1 400:7/1 450:7/1 500:7/1 550:7/1 600:7/1 650:7/1 700:7/1 750:7/1 800:7/1 850:7/1 900:7/1 950:7/1 1000:7/1 1050:7/1 1100:7/1 1150:7/1 1200:6/1 1250:6/1 1300:8/1 1350:8/1 1400:8/1 1450:8/1 1500:8/1
n4_4_D10,4,4,10.0,15,31.6,0.01882553212774727,divides,31,550.0,278,12,0.20808717135499794,1500.0,50:31/1 100:31/1 150:31/1 200:31/1 250:31/1 300:31/1 350:31/1 400:31/1 450:31/1 500:31/1 550:29/1 600:33/1 650:48/2 700:58/2 750:56/2 800:84/4 850:92/4 900:104/4 950:108/4 1000:108/4 1050:108/4 1100:152/8 1150:176/8 1200:200/8 1250:180/8 1300:196/8 1350:200/8 1400:240/12 1450:264/12 1500:278/12
n4_4_D10,4,4,10.0,15,68.1,0.011462495904253097,one domain,7,1300.0,8,1,7.891030248773752e-05,1500.0,50:7/1 100:7/1 150:7/1 200:7/1 250:7/1 300:7/1 350:7/1 400:7/1 450:7/1 500:7/1 550:7/1 600:7/1 650:7/1 700:7/1 750:7/1 800:7/1 850:7/1 900:7/1 950:7/1 1000:7/1 1050:7/1 1100:7/1 1150:7/1 1200:7/1 1250:7/1 1300:8/1 1350:8/1 1400:8/1 1450:8/1 1500:8/1
n4_4_D10,4,4,10.0,20,100,0.011429745292018456,one domain,7,1200.0,4,1,0.000102966144755695,1500.0,50:7/1 100:7/1 150:7/1 200:7/1 250:7/1 300:7/1 350:7/1 400:7/1 450:7/1 500:7/1 550:7/1 600:7/1 650:7/1 700:7/1 750:7/1 800:7/1 850:7/1 900:7/1 950:7/1 1000:7/1 1050:7/1 1100:7/1 1150:7/1 1200:6/1 1250:6/1 1300:4/1 1350:4/1 1400:4/1 1450:4/1 1500:4/1
n10_4_D10,10,4,10.0,5,31.6,-0.015206603284610324,one domain,19,nan,19,1,0.0,1500.0,50:19/1 100:19/1 150:19/1 200:19/1 250:19/1 300:19/1 350:19/1 400:19/1 450:19/1 500:19/1 550:19/1 600:19/1 650:19/1 700:19/1 750:19/1 800:19/1 850:19/1 900:19/1 950:19/1 1000:19/1 1050:19/1 1100:19/1 1150:19/1 1200:19/1 1250:19/1 1300:19/1 1350:19/1 1400:19/1 1450:19/1 1500:19/1
n10_4_D10,10,4,10.0,7,68.1,-0.040912784037382716,one domain,37,nan,37,1,0.0,1500.0,50:37/1 100:37/1 150:37/1 200:37/1 250:37/1 300:37/1 350:37/1 400:37/1 450:37/1 500:37/1 550:37/1 600:37/1 650:37/1 700:37/1 750:37/1 800:37/1 850:37/1 900:37/1 950:37/1 1000:37/1 1050:37/1 1100:37/1 1150:37/1 1200:37/1 1250:37/1 1300:37/1 1350:37/1 1400:37/1 1450:37/1 1500:37/1
n10_4_D20,10,4,20.0,5,46.4,0.007623141768168855,one domain,19,250.0,24,1,1.0105339315932567e-18,1500.0,50:19/1 100:19/1 150:19/1 200:19/1 250:23/1 300:23/1 350:24/1 400:24/1 450:24/1 500:24/1 550:24/1 600:24/1 650:24/1 700:24/1 750:24/1 800:24/1 850:24/1 900:24/1 950:24/1 1000:24/1 1050:24/1 1100:24/1 1150:24/1 1200:24/1 1250:24/1 1300:24/1 1350:24/1 1400:24/1 1450:24/1 1500:24/1
