set,condition,replicate,threshold,grid,t,cells_on,coverage,real_n,real_mean,real_sd,real_cv,real_median,real_p10,real_p90,real_max,all_n,all_mean,all_sd,all_cv,all_median,all_p10,all_p90,all_max,n_transient,areas
2L_JAPI,nucl,1,1.5,141,600,2231,0.1122176952869574,35,58.8,20.285897738547916,0.34499826085965846,62.0,30.4,80.0,88,197,11.3248730964467,23.68319908688257,2.0912551412442255,1.0,1.0,59.400000000000006,88,162,88 85 84 80 80 78 77 77 76 76 74 74 73 70 70 69 66 62 61 60 59 56 52 46 44 43 40 39 38 36 31 30 24 20 20 3 3 2 2 2 2 2 2 2 1 1 1 1 1 1 1 1 1 1 1 1 1 1 1 1 1 1 1 1 1 1 1 1 1 1 1 1 1 1 1 1 1 1 1 1 1 1 1 1 1 1 1 1 1 1 1 1 1 1 1 1 1 1 1 1 1 1 1 1 1 1 1 1 1 1 1 1 1 1 1 1 1 1 1 1 1 1 1 1 1 1 1 1 1 1 1 1 1 1 1 1 1 1 1 1 1 1 1 1 1 1 1 1 1 1 1 1 1 1 1 1 1 1 1 1 1 1 1 1 1 1 1 1 1 1 1 1 1 1 1 1 1 1 1 1 1 1 1 1 1 1 1 1 1 1 1 1 1 1 1 1 1
2L_JAPI,nucl,2,1.5,141,600,2223,0.11181530104119511,37,55.7027027027027,19.52187500225333,0.350465490093825,62.0,26.6,78.0,80,194,11.458762886597938,23.126613664813036,2.0182469864929056,1.0,1.0,57.400000000000034,80,157,80 79 78 78 78 77 76 75 73 72 71 71 70 69 67 66 65 62 62 58 56 55 52 49 45 43 42 40 35 35 35 33 27 26 22 21 18 3 2 2 2 1 1 1 1 1 1 1 1 1 1 1 1 1 1 1 1 1 1 1 1 1 1 1 1 1 1 1 1 1 1 1 1 1 1 1 1 1 1 1 1 1 1 1 1 1 1 1 1 1 1 1 1 1 1 1 1 1 1 1 1 1 1 1 1 1 1 1 1 1 1 1 1 1 1 1 1 1 1 1 1 1 1 1 1 1 1 1 1 1 1 1 1 1 1 1 1 1 1 1 1 1 1 1 1 1 1 1 1 1 1 1 1 1 1 1 1 1 1 1 1 1 1 1 1 1 1 1 1 1 1 1 1 1 1 1 1 1 1 1 1 1 1 1 1 1 1 1 1 1 1 1 1 1
2L_JAPI,nucl,3,1.5,141,600,2048,0.10301292691514512,29,63.93103448275862,23.230108287188045,0.36336199586216467,73.0,32.4,88.4,93,216,9.481481481481481,23.070158508535606,2.4331807801971146,1.0,1.0,39.5,93,187,93 91 90 88 86 85 85 84 84 83 80 79 74 73 73 71 70 65 47 46 40 40 39 38 36 33 30 26 25 3 2 2 2 2 2 1 1 1 1 1 1 1 1 1 1 1 1 1 1 1 1 1 1 1 1 1 1 1 1 1 1 1 1 1 1 1 1 1 1 1 1 1 1 1 1 1 1 1 1 1 1 1 1 1 1 1 1 1 1 1 1 1 1 1 1 1 1 1 1 1 1 1 1 1 1 1 1 1 1 1 1 1 1 1 1 1 1 1 1 1 1 1 1 1 1 1 1 1 1 1 1 1 1 1 1 1 1 1 1 1 1 1 1 1 1 1 1 1 1 1 1 1 1 1 1 1 1 1 1 1 1 1 1 1 1 1 1 1 1 1 1 1 1 1 1 1 1 1 1 1 1 1 1 1 1 1 1 1 1 1 1 1 1 1 1 1 1 1 1 1 1 1 1 1 1 1 1 1 1 1 1 1 1 1 1 1
2L_JAPI,random,1,1.5,141,600,2192,0.11025602333886625,97,22.5979381443299,9.564103671426858,0.4232290402045644,19.0,12.0,36.400000000000006,52,97,22.5979381443299,9.564103671426858,0.4232290402045644,19.0,12.0,36.400000000000006,52,0,52 44 39 39 39 37 37 37 37 37 36 36 36 33 33 33 33 33 33 30 30 30 30 30 30 30 30 30 29 29 27 27 27 27 27 27 27 24 24 24 24 20 19 19 19 19 19 19 19 19 19 19 19 19 19 19 19 19 19 19 19 19 19 19 19 19 19 19 19 19 18 18 15 15 14 14 14 14 14 14 14 13 12 12 12 12 12 12 12 12 8 7 7 7 7 7 7
2L_JAPI,random,2,1.5,141,600,2165,0.10889794275941854,94,23.03191489361702,9.918433070466532,0.43063866449138755,19.0,12.0,35.10000000000001,52,94,23.03191489361702,9.918433070466532,0.43063866449138755,19.0,12.0,35.10000000000001,52,0,52 48 44 42 39 39 37 37 36 36 33 33 33 33 33 33 30 30 30 30 30 30 30 30 30 30 30 30 30 30 30 30 29 27 27 27 27 27 27 27 24 24 24 24 23 21 19 19 19 19 19 19 19 19 19 19 19 19 19 19 19 19 19 19 19 19 19 19 19 18 17 15 14 14 14 14 14 14 12 12 12 12 12 12 12 8 7 7 7 7 7 7 7 7
2L_JAPI,random,3,1.5,141,600,2149,0.10809315426789397,98,21.928571428571427,8.385370176068003,0.3823947311561956,19.0,11.700000000000001,33.0,40,98,21.928571428571427,8.385370176068003,0.3823947311561956,19.0,11.700000000000001,33.0,40,0,40 37 37 37 36 36 36 33 33 33 33 33 30 30 30 30 30 30 30 30 30 30 30 30 30 30 30 30 27 27 27 27 27 27 27 27 27 24 24 24 24 24 24 22 22 20 19 19 19 19 19 19 19 19 19 19 19 19 19 19 19 19 19 19 19 19 19 19 19 19 19 19 19 18 14 14 14 14 14 14 12 12 12 12 12 12 12 12 11 11 11 8 7 7 7 7 7 7
2L_JAPI,seed144,1,1.5,141,600,2120,0.10663447512700569,73,28.972602739726028,10.01661481231687,0.34572713063788724,28.0,19.0,44.0,52,74,28.64864864864865,10.3307393845274,0.3606012804033149,27.5,19.0,44.0,52,1,52 52 44 44 44 44 44 44 44 44 40 40 37 37 37 37 37 37 36 36 36 36 36 33 33 33 33 33 33 30 30 30 30 30 30 30 28 27 27 27 27 27 27 27 24 24 24 24 24 24 23 22 20 19 19 19 19 19 19 19 19 19 19 19 19 19 19 19 14 14 12 11 7 5
2L_JAPI,seed144,2,1.5,141,600,2115,0.10638297872340426,76,27.82894736842105,10.660066488716646,0.3830567627151136,27.0,18.5,44.0,55,76,27.82894736842105,10.660066488716646,0.3830567627151136,27.0,18.5,44.0,55,0,55 54 51 47 44 44 44 44 44 40 40 40 37 37 37 37 37 37 33 33 33 33 33 33 33 33 30 30 30 30 30 30 30 30 30 30 27 27 27 27 27 24 24 24 24 24 24 23 19 19 19 19 19 19 19 19 19 19 19 19 19 19 19 19 19 19 19 19 18 18 14 12 12 12 7 7
2L_JAPI,seed144,3,1.5,141,600,2136,0.10743926361853026,81,26.37037037037037,9.161665302285993,0.34742270106983403,27.0,15.0,37.0,42,81,26.37037037037037,9.161665302285993,0.34742270106983403,27.0,15.0,37.0,42,0,42 40 40 40 39 37 37 37 37 37 37 37 37 37 37 37 37 37 37 37 37 37 33 33 30 30 30 30 30 30 30 30 30 30 30 30 29 27 27 27 27 27 27 27 27 24 24 24 24 24 24 19 19 19 19 19 19 19 19 19 19 19 19 19 19 19 19 19 19 18 18 18 15 15 14 12 11 7 7 7 7
2L_JAPI,seed1_L5,0,1.5,141,600,0,0.0,0,nan,nan,nan,nan,nan,nan,nan,0,nan,nan,nan,nan,nan,nan,nan,0,
2L_JAPI,seed1,0,1.5,141,600,91,0.0045772345455459985,1,91.0,0.0,0.0,91.0,91.0,91.0,91,1,91.0,0.0,0.0,91.0,91.0,91.0,91,0,91
2L_JAPI,seed36,1,1.5,141,600,1547,0.07781298727428197,31,49.903225806451616,15.676638327374649,0.3141407809622586,52.0,27.0,65.0,86,31,49.903225806451616,15.676638327374649,0.3141407809622586,52.0,27.0,65.0,86,0,86 75 70 65 65 61 61 61 60 58 56 56 52 52 52 52 51 48 48 48 47 47 44 37 37 37 30 27 24 22 18
2L_JAPI,seed36,2,1.5,141,600,1536,0.07725969518635883,31,49.54838709677419,17.13833657754338,0.3458909074894823,48.0,24.0,72.0,85,31,49.54838709677419,17.13833657754338,0.3458909074894823,48.0,24.0,72.0,85,0,85 80 75 72 65 61 61 61 61 60 59 57 56 56 51 48 48 48 44 44 44 40 37 37 35 30 30 24 24 24 19
2L_JAPI,seed36,3,1.5,141,600,1465,0.07368844625521855,31,47.25806451612903,13.933096669287089,0.2948300319098292,48.0,36.0,61.0,75,31,47.25806451612903,13.933096669287089,0.2948300319098292,48.0,36.0,61.0,75,0,75 70 69 61 60 60 58 56 56 52 52 52 51 51 51 48 48 48 44 44 40 37 37 37 37 37 37 36 30 19 12
2L_JAPI,seed9,1,1.5,141,600,633,0.03183944469594085,9,70.33333333333333,16.401219466856727,0.23319269384156485,70.0,53.0,86.2,91,9,70.33333333333333,16.401219466856727,0.23319269384156485,70.0,53.0,86.2,91,0,91 85 85 80 70 65 60 56 41
2L_JAPI,seed9,2,1.5,141,600,584,0.02937477994064685,9,64.88888888888889,17.45311178876452,0.26896918852548063,69.0,40.8,82.2,91,9,64.88888888888889,17.45311178876452,0.26896918852548063,69.0,40.8,82.2,91,0,91 80 75 72 69 64 52 41 40
2L_JAPI,seed9,3,1.5,141,600,536,0.026960414466073133,8,67.0,22.72820777297296,0.3392269816861636,72.0,37.0,91.0,91,8,67.0,22.72820777297296,0.3392269816861636,72.0,37.0,91.0,91,0,91 91 80 79 65 60 40 30
2L_JA,nucl,1,1.5,141,600,19881,1.0,1,19881.0,0.0,0.0,19881.0,19881.0,19881.0,19881,1,19881.0,0.0,0.0,19881.0,19881.0,19881.0,19881,0,19881
2L_JA,nucl,2,1.5,141,600,19881,1.0,1,19881.0,0.0,0.0,19881.0,19881.0,19881.0,19881,1,19881.0,0.0,0.0,19881.0,19881.0,19881.0,19881,0,19881
2L_JA,nucl,3,1.5,141,600,19881,1.0,1,19881.0,0.0,0.0,19881.0,19881.0,19881.0,19881,1,19881.0,0.0,0.0,19881.0,19881.0,19881.0,19881,0,19881
2L_JA,random,1,1.5,141,600,19881,1.0,1,19881.0,0.0,0.0,19881.0,19881.0,19881.0,19881,1,19881.0,0.0,0.0,19881.0,19881.0,19881.0,19881,0,19881
2L_JA,random,2,1.5,141,600,19881,1.0,1,19881.0,0.0,0.0,19881.0,19881.0,19881.0,19881,1,19881.0,0.0,0.0,19881.0,19881.0,19881.0,19881,0,19881
2L_JA,random,3,1.5,141,600,19881,1.0,1,19881.0,0.0,0.0,19881.0,19881.0,19881.0,19881,1,19881.0,0.0,0.0,19881.0,19881.0,19881.0,19881,0,19881
2L_JA,seed144,1,1.5,141,600,19881,1.0,1,19881.0,0.0,0.0,19881.0,19881.0,19881.0,19881,1,19881.0,0.0,0.0,19881.0,19881.0,19881.0,19881,0,19881
2L_JA,seed144,2,1.5,141,600,19881,1.0,1,19881.0,0.0,0.0,19881.0,19881.0,19881.0,19881,1,19881.0,0.0,0.0,19881.0,19881.0,19881.0,19881,0,19881
2L_JA,seed144,3,1.5,141,600,19881,1.0,1,19881.0,0.0,0.0,19881.0,19881.0,19881.0,19881,1,19881.0,0.0,0.0,19881.0,19881.0,19881.0,19881,0,19881
2L_JA,seed1_L5,0,1.5,141,600,0,0.0,0,nan,nan,nan,nan,nan,nan,nan,0,nan,nan,nan,nan,nan,nan,nan,0,
2L_JA,seed1,0,1.5,141,600,19881,1.0,1,19881.0,0.0,0.0,19881.0,19881.0,19881.0,19881,1,19881.0,0.0,0.0,19881.0,19881.0,19881.0,19881,0,19881
2L_JA,seed36,1,1.5,141,600,19881,1.0,1,19881.0,0.0,0.0,19881.0,19881.0,19881.0,19881,1,19881.0,0.0,0.0,19881.0,19881.0,19881.0,19881,0,19881
2L_JA,seed36,2,1.5,141,600,19881,1.0,1,19881.0,0.0,0.0,19881.0,19881.0,19881.0,19881,1,19881.0,0.0,0.0,19881.0,19881.0,19881.0,19881,0,19881
2L_JA,seed36,3,1.5,141,600,19881,1.0,1,19881.0,0.0,0.0,19881.0,19881.0,19881.0,19881,1,19881.0,0.0,0.0,19881.0,19881.0,19881.0,19881,0,19881
2L_JA,seed9,1,1.5,141,600,19881,1.0,1,19881.0,0.0,0.0,19881.0,19881.0,19881.0,19881,1,19881.0,0.0,0.0,19881.0,19881.0,19881.0,19881,0,19881
2L_JA,seed9,2,1.5,141,600,19881,1.0,1,19881.0,0.0,0.0,19881.0,19881.0,19881.0,19881,1,19881.0,0.0,0.0,19881.0,19881.0,19881.0,19881,0,19881
2L_JA,seed9,3,1.5,141,600,19881,1.0,1,19881.0,0.0,0.0,19881.0,19881.0,19881.0,19881,1,19881.0,0.0,0.0,19881.0,19881.0,19881.0,19881,0,19881
3B_big,nucl,1,1.5,141,600,5257,0.2644233187465419,39,131.33333333333334,55.00590079988709,0.4188266558367037,134.0,69.0,200.8,250,167,31.479041916167663,61.22896376630772,1.9450707530860547,1.0,1.0,142.8,250,128,250 228 221 204 200 199 197 173 170 169 166 164 160 155 155 150 144 142 136 134 125 117 113 112 109 109 98 98 90 79 79 76 75 72 71 61 51 49 21 3 3 2 2 2 1 1 1 1 1 1 1 1 1 1 1 1 1 1 1 1 1 1 1 1 1 1 1 1 1 1 1 1 1 1 1 1 1 1 1 1 1 1 1 1 1 1 1 1 1 1 1 1 1 1 1 1 1 1 1 1 1 1 1 1 1 1 1 1 1 1 1 1 1 1 1 1 1 1 1 1 1 1 1 1 1 1 1 1 1 1 1 1 1 1 1 1 1 1 1 1 1 1 1 1 1 1 1 1 1 1 1 1 1 1 1 1 1 1 1 1 1 1 1 1 1 1 1
3B_big,nucl,2,1.5,141,600,5238,0.2634676324128565,39,131.02564102564102,49.84000041157344,0.3803835647850028,131.0,73.4,195.4,217,163,32.13496932515337,60.64209059979601,1.8871059121356912,1.0,1.0,142.40000000000003,217,124,217 216 208 197 195 194 191 187 175 169 168 164 162 148 146 143 143 140 140 131 130 125 121 107 100 99 98 98 96 94 92 85 84 80 77 59 47 44 40 3 2 2 1 1 1 1 1 1 1 1 1 1 1 1 1 1 1 1 1 1 1 1 1 1 1 1 1 1 1 1 1 1 1 1 1 1 1 1 1 1 1 1 1 1 1 1 1 1 1 1 1 1 1 1 1 1 1 1 1 1 1 1 1 1 1 1 1 1 1 1 1 1 1 1 1 1 1 1 1 1 1 1 1 1 1 1 1 1 1 1 1 1 1 1 1 1 1 1 1 1 1 1 1 1 1 1 1 1 1 1 1 1 1 1 1 1 1 1 1 1 1 1 1
3B_big,nucl,3,1.5,141,600,5131,0.25808560937578595,31,161.0,77.85156817088958,0.4835501128626682,153.0,65.0,277.0,328,168,30.541666666666668,70.44825290470551,2.30662765308722,1.0,1.0,134.7000000000001,328,137,328 278 277 277 256 237 221 216 214 212 194 184 183 173 170 153 141 132 131 128 127 125 106 103 79 71 65 65 62 56 27 2 2 2 1 1 1 1 1 1 1 1 1 1 1 1 1 1 1 1 1 1 1 1 1 1 1 1 1 1 1 1 1 1 1 1 1 1 1 1 1 1 1 1 1 1 1 1 1 1 1 1 1 1 1 1 1 1 1 1 1 1 1 1 1 1 1 1 1 1 1 1 1 1 1 1 1 1 1 1 1 1 1 1 1 1 1 1 1 1 1 1 1 1 1 1 1 1 1 1 1 1 1 1 1 1 1 1 1 1 1 1 1 1 1 1 1 1 1 1 1 1 1 1 1 1 1 1 1 1 1 1 1 1 1 1 1 1
3B_big,random,1,1.5,141,600,5405,0.2718676122931442,34,158.97058823529412,169.19138979706287,1.064293663848314,90.5,23.000000000000004,397.69999999999993,761,34,158.97058823529412,169.19138979706287,1.064293663848314,90.5,23.000000000000004,397.69999999999993,761,0,761 475 458 422 341 313 254 242 219 210 183 167 153 150 115 109 99 82 78 74 66 53 48 47 44 44 40 37 32 30 20 19 13 7
3B_big,random,2,1.5,141,600,5438,0.2735274885569136,36,151.05555555555554,187.56605608911596,1.2417024676734416,70.0,19.5,426.5,723,36,151.05555555555554,187.56605608911596,1.2417024676734416,70.0,19.5,426.5,723,0,723 636 607 547 306 286 198 193 189 184 172 141 124 102 100 96 74 70 70 67 63 54 43 43 43 42 39 39 37 37 26 20 19 18 18 12
3B_big,random,3,1.5,141,600,5395,0.27136461948594137,35,154.14285714285714,175.22223584001293,1.1367522250973963,56.0,22.8,408.0,624,35,154.14285714285714,175.22223584001293,1.1367522250973963,56.0,22.8,408.0,624,0,624 596 462 416 396 393 388 276 211 183 158 148 141 120 98 83 76 56 54 52 50 48 44 37 37 36 35 30 27 26 24 22 22 18 8
3B_big,seed144,1,1.5,141,600,4620,0.23238267692771994,76,60.78947368421053,31.371458701383833,0.5160672859967903,51.5,31.5,108.0,150,76,60.78947368421053,31.371458701383833,0.5160672859967903,51.5,31.5,108.0,150,0,150 149 131 128 127 126 118 111 105 104 102 99 87 85 84 79 77 77 76 74 74 74 69 68 65 61 60 60 60 60 60 58 56 56 56 52 52 52 51 48 48 48 48 45 45 44 44 44 44 44 44 44 44 44 43 42 41 40 40 40 37 37 37 37 37 37 33 33 30 27 24 19 19 19 19 18
3B_big,seed144,2,1.5,141,600,4537,0.22820783662793623,80,56.7125,27.10093358660957,0.47786526050887496,48.0,29.700000000000003,101.10000000000001,139,80,56.7125,27.10093358660957,0.47786526050887496,48.0,29.700000000000003,101.10000000000001,139,0,139 109 108 107 107 105 104 102 101 101 98 92 90 84 84 83 79 75 75 74 74 74 73 65 64 61 61 61 60 60 60 58 56 56 56 54 51 50 48 48 48 48 48 47 47 46 45 44 44 44 44 44 44 43 40 37 37 37 37 37 37 37 37 37 36 36 34 30 30 30 30 30 27 27 27 24 19 18 12 11
3B_big,seed144,3,1.5,141,600,4586,0.23067250138323023,81,56.617283950617285,26.694366400625885,0.4714879368623412,51.0,29.0,92.0,151,81,56.617283950617285,26.694366400625885,0.4714879368623412,51.0,29.0,92.0,151,0,151 124 123 114 105 98 97 94 92 90 88 84 80 79 79 78 78 76 76 75 74 70 68 65 65 65 64 64 64 64 63 58 58 56 52 52 52 52 52 52 51 51 48 48 47 47 46 45 44 44 43 42 41 40 40 40 40 40 39 37 37 37 37 37 37 37 36 34 33 30 30 30 29 27 27 25 22 20 19 19 19
3B_big,seed1_L5,0,1.5,141,600,0,0.0,0,nan,nan,nan,nan,nan,nan,nan,0,nan,nan,nan,nan,nan,nan,nan,0,
3B_big,seed1,0,1.5,141,600,271,0.013631105075197424,1,271.0,0.0,0.0,271.0,271.0,271.0,271,1,271.0,0.0,0.0,271.0,271.0,271.0,271,0,271
3B_big,seed36,1,1.5,141,600,4339,0.21824857904531966,29,149.6206896551724,71.45998570284104,0.4776076481637221,147.0,59.2,237.79999999999998,315,29,149.6206896551724,71.45998570284104,0.4776076481637221,147.0,59.2,237.79999999999998,315,0,315 254 253 234 233 222 214 196 190 190 176 159 151 150 147 136 133 130 112 110 100 95 93 83 64 61 52 46 40
3B_big,seed36,2,1.5,141,600,4216,0.2120617675167245,27,156.14814814814815,73.50233052490644,0.4707217562078923,154.0,54.0,258.8,283,27,156.14814814814815,73.50233052490644,0.4707217562078923,154.0,54.0,258.8,283,0,283 280 260 258 248 235 224 208 198 181 164 156 155 154 136 122 118 117 109 108 107 102 92 56 51 50 44
3B_big,seed36,3,1.5,141,600,4304,0.21648810422010964,32,134.5,86.16750379161172,0.6406505858112396,111.5,53.800000000000004,209.70000000000005,393,32,134.5,86.16750379161172,0.6406505858112396,111.5,53.800000000000004,209.70000000000005,393,0,393 367 314 212 189 173 164 159 155 152 151 149 133 121 114 114 109 107 106 101 100 96 87 85 79 79 74 70 52 50 30 19
3B_big,seed9,1,1.5,141,600,3960,0.19918515165233136,9,440.0,188.40713893056176,0.428198043024004,413.0,265.0,721.8000000000001,781,9,440.0,188.40713893056176,0.428198043024004,413.0,265.0,721.8000000000001,781,0,781 707 460 441 413 343 294 268 253
3B_big,seed9,2,1.5,141,600,3625,0.18233489261103566,8,453.125,289.2598621605543,0.6383665923543267,428.5,134.1,817.3,881,8,453.125,289.2598621605543,0.6383665923543267,428.5,134.1,817.3,881,0,881 790 577 545 312 257 138 125
3B_big,seed9,3,1.5,141,600,3541,0.17810975303053167,8,442.625,215.94174975144173,0.48786613894705844,477.0,228.40000000000003,667.9,705,8,442.625,215.94174975144173,0.48786613894705844,477.0,228.40000000000003,667.9,705,0,705 652 560 545 409 314 304 52
3B_labyrinth,nucl,1,1.7999999999999998,141,600,11413,0.5740656908606206,26,435.9230769230769,467.8194457759894,1.0731697185614721,362.0,108.5,680.5,2515,100,114.13,303.3425125151269,2.6578683301071315,1.0,1.0,405.9000000000001,2515,74,2515 836 736 625 571 490 480 458 441 414 405 392 374 350 324 302 250 248 209 196 190 172 142 75 73 66 2 2 2 2 2 1 1 1 1 1 1 1 1 1 1 1 1 1 1 1 1 1 1 1 1 1 1 1 1 1 1 1 1 1 1 1 1 1 1 1 1 1 1 1 1 1 1 1 1 1 1 1 1 1 1 1 1 1 1 1 1 1 1 1 1 1 1 1 1 1 1 1 1 1
3B_labyrinth,nucl,2,1.7999999999999998,141,600,11562,0.5815602836879432,25,457.76,384.18271260777294,0.8392666738198465,333.0,124.20000000000003,838.8,1827,131,88.25954198473282,244.32977676103317,2.768310046332412,1.0,1.0,305.0,1827,106,1827 850 840 837 810 776 674 484 464 432 429 386 333 305 299 254 235 216 215 214 188 174 91 75 36 4 3 3 3 2 2 2 1 1 1 1 1 1 1 1 1 1 1 1 1 1 1 1 1 1 1 1 1 1 1 1 1 1 1 1 1 1 1 1 1 1 1 1 1 1 1 1 1 1 1 1 1 1 1 1 1 1 1 1 1 1 1 1 1 1 1 1 1 1 1 1 1 1 1 1 1 1 1 1 1 1 1 1 1 1 1 1 1 1 1 1 1 1 1 1 1 1 1 1 1 1 1 1 1 1 1
3B_labyrinth,nucl,3,1.7999999999999998,141,600,11594,0.5831698606709924,23,499.3478260869565,363.2848379960091,0.7275186133137318,415.0,116.4,867.0000000000001,1577,123,94.26016260162602,248.6975197922026,2.638415985375273,1.0,1.0,393.39999999999986,1577,100,1577 1027 884 799 747 735 687 640 637 531 431 415 403 355 335 307 246 166 155 142 110 80 76 3 2 2 2 2 2 2 2 1 1 1 1 1 1 1 1 1 1 1 1 1 1 1 1 1 1 1 1 1 1 1 1 1 1 1 1 1 1 1 1 1 1 1 1 1 1 1 1 1 1 1 1 1 1 1 1 1 1 1 1 1 1 1 1 1 1 1 1 1 1 1 1 1 1 1 1 1 1 1 1 1 1 1 1 1 1 1 1 1 1 1 1 1 1 1 1 1 1 1 1
3B_labyrinth,random,1,1.7999999999999998,141,600,11442,0.575524370001509,1,11442.0,0.0,0.0,11442.0,11442.0,11442.0,11442,1,11442.0,0.0,0.0,11442.0,11442.0,11442.0,11442,0,11442
3B_labyrinth,random,2,1.7999999999999998,141,600,11545,0.5807051959156984,1,11545.0,0.0,0.0,11545.0,11545.0,11545.0,11545,1,11545.0,0.0,0.0,11545.0,11545.0,11545.0,11545,0,11545
3B_labyrinth,random,3,1.7999999999999998,141,600,11311,0.5689351642271515,1,11311.0,0.0,0.0,11311.0,11311.0,11311.0,11311,1,11311.0,0.0,0.0,11311.0,11311.0,11311.0,11311,0,11311
3B_labyrinth,seed144,1,1.7999999999999998,141,600,9233,0.46441325889039786,47,196.4468085106383,177.1337996507821,0.9016883552027248,148.0,60.6,352.79999999999995,1097,47,196.4468085106383,177.1337996507821,0.9016883552027248,148.0,60.6,352.79999999999995,1097,0,1097 530 429 414 369 342 321 320 295 289 260 251 250 244 234 200 194 193 187 176 176 158 156 148 140 138 134 124 123 121 116 108 100 95 85 83 74 70 66 65 61 61 60 51 44 44 37
3B_labyrinth,seed144,2,1.7999999999999998,141,600,9095,0.45747195815099845,57,159.56140350877192,91.8331206871347,0.5755346761040877,138.0,76.2,294.4,450,57,159.56140350877192,91.8331206871347,0.5755346761040877,138.0,76.2,294.4,450,0,450 422 356 317 310 295 294 285 234 230 224 220 217 207 205 190 189 188 187 185 184 174 164 145 145 141 140 140 138 127 123 118 112 108 108 103 102 101 101 100 95 95 95 91 89 85 85 85 80 80 79 72 69 65 64 61 26
3B_labyrinth,seed144,3,1.7999999999999998,141,600,9113,0.45837734520396356,58,157.1206896551724,120.07644897945654,0.7642306639754723,130.0,50.1,322.4000000000001,597,58,157.1206896551724,120.07644897945654,0.7642306639754723,130.0,50.1,322.4000000000001,597,0,597 543 403 385 369 335 317 294 272 267 240 211 202 196 183 165 162 157 155 152 148 140 138 137 133 132 131 131 130 130 129 117 114 109 107 102 99 99 97 96 96 94 83 81 75 75 70 70 61 56 52 51 48 37 37 35 35 33
3B_labyrinth,seed1_L5,0,1.7999999999999998,141,600,0,0.0,0,nan,nan,nan,nan,nan,nan,nan,0,nan,nan,nan,nan,nan,nan,nan,0,
3B_labyrinth,seed1,0,1.7999999999999998,141,600,9625,0.48413057693274986,1,9625.0,0.0,0.0,9625.0,9625.0,9625.0,9625,1,9625.0,0.0,0.0,9625.0,9625.0,9625.0,9625,0,9625
3B_labyrinth,seed36,1,1.7999999999999998,141,600,9140,0.4597354257834113,25,365.6,197.26336034178607,0.5395606136263295,324.0,129.20000000000002,628.8000000000001,817,25,365.6,197.26336034178607,0.5395606136263295,324.0,129.20000000000002,628.8000000000001,817,0,817 723 650 597 578 521 463 441 437 385 373 366 324 320 271 265 265 260 249 211 181 143 120 106 74
3B_labyrinth,seed36,2,1.7999999999999998,141,600,9379,0.4717569538755596,20,468.95,275.45970667231893,0.5873967516202557,441.5,174.70000000000002,727.4,1206,20,468.95,275.45970667231893,0.5873967516202557,441.5,174.70000000000002,727.4,1206,0,1206 740 726 682 678 671 635 577 466 443 440 435 327 306 230 227 216 183 100 91
3B_labyrinth,seed36,3,1.7999999999999998,141,600,9186,0.46204919269654443,25,367.44,292.50328773081054,0.7960572820890772,325.0,148.0,570.0000000000001,1510,25,367.44,292.50328773081054,0.7960572820890772,325.0,148.0,570.0000000000001,1510,0,1510 882 590 540 398 397 394 370 356 346 343 330 325 298 295 256 251 238 222 213 159 148 148 132 45
3B_labyrinth,seed9,1,1.7999999999999998,141,600,9718,0.4888084100397364,9,1079.7777777777778,583.0316839112986,0.5399552536737691,861.0,523.6,1783.2,2268,9,1079.7777777777778,583.0316839112986,0.5399552536737691,861.0,523.6,1783.2,2268,0,2268 1662 1221 1177 861 824 722 545 438
3B_labyrinth,seed9,2,1.7999999999999998,141,600,10052,0.5056083698003119,7,1436.0,557.1869823796436,0.38801321892732843,1496.0,791.0,1981.4,2291,7,1436.0,557.1869823796436,0.38801321892732843,1496.0,791.0,1981.4,2291,0,2291 1775 1556 1496 1426 939 569
3B_labyrinth,seed9,3,1.7999999999999998,141,600,9967,0.5013329309390876,7,1423.857142857143,732.6443949992449,0.5145490884914934,1136.0,767.4000000000001,2392.8,2475,7,1423.857142857143,732.6443949992449,0.5145490884914934,1136.0,767.4000000000001,2392.8,2475,0,2475 2338 1556 1136 988 889 585
3B_small,nucl,1,1.5,141,600,1626,0.08178663045118455,34,42.55882352941177,14.52728087024774,0.341345922314045,48.0,21.5,56.0,65,202,8.049504950495049,16.641299842567108,2.067369353135643,1.0,1.0,42.60000000000002,65,168,65 61 60 56 56 55 54 54 53 52 52 52 52 52 52 51 48 48 47 46 43 39 38 30 28 27 27 27 27 25 20 19 19 12 3 3 2 2 2 2 2 2 2 1 1 1 1 1 1 1 1 1 1 1 1 1 1 1 1 1 1 1 1 1 1 1 1 1 1 1 1 1 1 1 1 1 1 1 1 1 1 1 1 1 1 1 1 1 1 1 1 1 1 1 1 1 1 1 1 1 1 1 1 1 1 1 1 1 1 1 1 1 1 1 1 1 1 1 1 1 1 1 1 1 1 1 1 1 1 1 1 1 1 1 1 1 1 1 1 1 1 1 1 1 1 1 1 1 1 1 1 1 1 1 1 1 1 1 1 1 1 1 1 1 1 1 1 1 1 1 1 1 1 1 1 1 1 1 1 1 1 1 1 1 1 1 1 1 1 1 1 1 1 1 1 1 1 1 1 1 1 1
3B_small,nucl,2,1.5,141,600,1748,0.0879231426990594,38,41.6578947368421,12.876285169737582,0.3090959168983122,45.5,23.200000000000003,56.0,58,197,8.873096446700508,17.015573210727585,1.9176589945728455,1.0,1.0,44.400000000000006,58,159,58 57 57 56 56 55 53 53 52 52 52 52 50 49 48 48 48 47 46 45 44 44 42 40 38 37 33 32 32 32 30 29 26 25 19 17 15 14 3 2 2 2 2 1 1 1 1 1 1 1 1 1 1 1 1 1 1 1 1 1 1 1 1 1 1 1 1 1 1 1 1 1 1 1 1 1 1 1 1 1 1 1 1 1 1 1 1 1 1 1 1 1 1 1 1 1 1 1 1 1 1 1 1 1 1 1 1 1 1 1 1 1 1 1 1 1 1 1 1 1 1 1 1 1 1 1 1 1 1 1 1 1 1 1 1 1 1 1 1 1 1 1 1 1 1 1 1 1 1 1 1 1 1 1 1 1 1 1 1 1 1 1 1 1 1 1 1 1 1 1 1 1 1 1 1 1 1 1 1 1 1 1 1 1 1 1 1 1 1 1 1 1 1 1 1 1 1
3B_small,nucl,3,1.5,141,600,1538,0.0773602937477994,30,44.46666666666667,15.747431828568184,0.35414014606974925,52.0,24.0,61.1,65,227,6.775330396475771,15.784716178125706,2.329733792220114,1.0,1.0,27.400000000000006,65,197,65 64 62 61 61 60 60 57 57 57 56 56 56 52 52 52 44 44 31 30 30 30 28 27 27 25 24 24 22 20 3 2 2 2 2 2 1 1 1 1 1 1 1 1 1 1 1 1 1 1 1 1 1 1 1 1 1 1 1 1 1 1 1 1 1 1 1 1 1 1 1 1 1 1 1 1 1 1 1 1 1 1 1 1 1 1 1 1 1 1 1 1 1 1 1 1 1 1 1 1 1 1 1 1 1 1 1 1 1 1 1 1 1 1 1 1 1 1 1 1 1 1 1 1 1 1 1 1 1 1 1 1 1 1 1 1 1 1 1 1 1 1 1 1 1 1 1 1 1 1 1 1 1 1 1 1 1 1 1 1 1 1 1 1 1 1 1 1 1 1 1 1 1 1 1 1 1 1 1 1 1 1 1 1 1 1 1 1 1 1 1 1 1 1 1 1 1 1 1 1 1 1 1 1 1 1 1 1 1 1 1 1 1 1 1 1 1 1 1 1 1 1 1 1 1 1 1
3B_small,random,1,1.5,141,600,1603,0.08062974699461797,86,18.58139534883721,6.637620261507742,0.3572186123214429,19.0,7.0,27.0,30,87,18.42528735632184,6.757652309940752,0.36675966997183124,19.0,7.0,27.0,30,1,30 30 30 30 27 27 27 27 27 27 27 27 27 27 27 27 27 27 24 24 24 24 24 24 24 19 19 19 19 19 19 19 19 19 19 19 19 19 19 19 19 19 19 19 19 19 19 19 19 19 19 19 19 19 19 19 19 19 19 18 14 14 14 14 14 14 14 13 13 12 12 12 12 9 9 8 7 7 7 7 7 7 7 7 7 7 5
3B_small,random,2,1.5,141,600,1581,0.0795231628187717,80,19.7625,8.22660664928288,0.41627358124138547,19.0,7.0,30.0,37,80,19.7625,8.22660664928288,0.41627358124138547,19.0,7.0,30.0,37,0,37 34 33 33 30 30 30 30 30 30 30 30 30 29 27 27 27 27 27 27 27 27 27 27 24 24 24 24 24 24 24 19 19 19 19 19 19 19 19 19 19 19 19 19 19 19 19 19 19 19 19 19 19 19 19 19 19 19 15 14 13 13 12 12 9 8 7 7 7 7 7 7 7 7 7 7 7 7 7 7
3B_small,random,3,1.5,141,600,1600,0.08047884915245712,90,17.77777777777778,7.152869743539298,0.4023489230740855,19.0,7.0,27.0,30,90,17.77777777777778,7.152869743539298,0.4023489230740855,19.0,7.0,27.0,30,0,30 30 30 30 30 30 30 27 27 27 27 27 27 27 27 27 24 24 24 24 24 24 24 24 19 19 19 19 19 19 19 19 19 19 19 19 19 19 19 19 19 19 19 19 19 19 19 19 19 19 19 19 19 19 19 19 19 19 14 14 14 14 14 14 12 12 12 12 12 12 12 12 8 8 8 7 7 7 7 7 7 7 7 7 7 7 7 7 7 7
3B_small,seed144,1,1.5,141,600,1581,0.0795231628187717,71,22.267605633802816,8.263444018219857,0.3710971064475711,19.0,11.0,30.0,40,71,22.267605633802816,8.263444018219857,0.3710971064475711,19.0,11.0,30.0,40,0,40 37 37 37 33 33 33 30 30 30 30 30 30 30 30 30 30 30 29 27 27 27 27 27 27 27 27 27 27 27 24 24 24 24 24 19 19 19 19 19 19 19 19 19 19 19 19 19 19 19 19 19 19 19 19 19 15 15 14 14 14 12 12 11 7 7 7 7 7 7 7
3B_small,seed144,2,1.5,141,600,1586,0.07977465922237312,74,21.43243243243243,7.7690659530630395,0.3624910974316929,19.0,8.500000000000004,30.0,39,74,21.43243243243243,7.7690659530630395,0.3624910974316929,19.0,8.500000000000004,30.0,39,0,39 37 37 36 33 33 30 30 30 30 30 30 30 27 27 27 27 27 27 27 27 27 24 24 24 24 24 24 24 24 24 24 24 24 24 19 19 19 19 19 19 19 19 19 19 19 19 19 19 19 19 19 19 19 19 19 19 19 18 15 14 14 14 14 12 12 7 7 7 7 7 7 7 7
3B_small,seed144,3,1.5,141,600,1600,0.08047884915245712,80,20.0,7.357077020018277,0.36785385100091383,19.0,7.0,30.0,30,80,20.0,7.357077020018277,0.36785385100091383,19.0,7.0,30.0,30,0,30 30 30 30 30 30 30 30 30 30 30 29 27 27 27 27 27 27 27 27 27 27 24 24 24 24 24 24 24 24 24 24 24 22 19 19 19 19 19 19 19 19 19 19 19 19 19 19 19 19 19 19 19 19 19 19 19 19 19 18 18 14 14 14 12 12 12 12 7 7 7 7 7 7 7 7 7 7 7 7
3B_small,seed1_L5,0,1.5,141,600,0,0.0,0,nan,nan,nan,nan,nan,nan,nan,0,nan,nan,nan,nan,nan,nan,nan,0,
3B_small,seed1,0,1.5,141,600,61,0.0030682561239374277,1,61.0,0.0,0.0,61.0,61.0,61.0,61,1,61.0,0.0,0.0,61.0,61.0,61.0,61,0,61
3B_small,seed36,1,1.5,141,600,1145,0.057592676424727124,31,36.935483870967744,11.595790856659924,0.31394717603184075,37.0,19.0,52.0,58,31,36.935483870967744,11.595790856659924,0.31394717603184075,37.0,19.0,52.0,58,0,58 56 52 52 48 48 44 44 44 44 41 40 40 37 37 37 37 37 37 37 37 37 33 30 30 19 19 19 19 19 13
3B_small,seed36,2,1.5,141,600,1118,0.056234595845279414,31,36.064516129032256,12.398751237849096,0.34379363897434884,36.0,19.0,48.0,61,31,36.064516129032256,12.398751237849096,0.34379363897434884,36.0,19.0,48.0,61,0,61 61 56 48 48 48 44 44 44 44 44 44 37 37 37 36 36 33 33 30 30 30 27 26 26 20 19 19 19 19 18
3B_small,seed36,3,1.5,141,600,1077,0.0541723253357477,31,34.74193548387097,10.066339096002027,0.2897460649731317,37.0,23.0,44.0,56,31,34.74193548387097,10.066339096002027,0.2897460649731317,37.0,23.0,44.0,56,0,56 56 51 44 44 44 44 37 37 37 37 37 37 37 37 37 37 33 33 33 30 30 30 27 27 27 24 23 19 19 13
3B_small,seed9,1,1.5,141,600,459,0.023087369850611137,9,51.0,10.700467279516348,0.20981308391208525,48.0,41.4,61.0,61,9,51.0,10.700467279516348,0.20981308391208525,48.0,41.4,61.0,61,0,61 61 61 61 48 48 44 44 31
3B_small,seed9,2,1.5,141,600,397,0.01996881444595342,9,44.111111111111114,12.604011707036419,0.2857332628799188,44.0,27.6,61.0,61,9,44.111111111111114,12.604011707036419,0.2857332628799188,44.0,27.6,61.0,61,0,61 61 52 44 44 44 37 28 26
3B_small,seed9,3,1.5,141,600,369,0.018560434585785424,8,46.125,14.740008722618082,0.31956658477220773,49.5,28.8,61.0,61,8,46.125,14.740008722618082,0.31956658477220773,49.5,28.8,61.0,61,0,61 61 56 52 47 40 33 19
3H_lowDi,nucl,1,1.5,141,600,953,0.04793521452643227,49,15.816326530612244,3.2766437947728053,0.20716844637918383,16.0,12.8,19.0,21,219,4.351598173515982,6.361411382199288,1.4618563407152612,1.0,1.0,16.0,21,170,21 19 19 19 19 19 19 19 19 19 19 19 18 18 18 18 18 18 17 17 16 16 16 16 16 16 16 16 16 16 16 16 15 15 15 14 14 14 14 14 14 14 14 13 12 8 7 7 7 3 2 2 2 2 2 2 1 1 1 1 1 1 1 1 1 1 1 1 1 1 1 1 1 1 1 1 1 1 1 1 1 1 1 1 1 1 1 1 1 1 1 1 1 1 1 1 1 1 1 1 1 1 1 1 1 1 1 1 1 1 1 1 1 1 1 1 1 1 1 1 1 1 1 1 1 1 1 1 1 1 1 1 1 1 1 1 1 1 1 1 1 1 1 1 1 1 1 1 1 1 1 1 1 1 1 1 1 1 1 1 1 1 1 1 1 1 1 1 1 1 1 1 1 1 1 1 1 1 1 1 1 1 1 1 1 1 1 1 1 1 1 1 1 1 1 1 1 1 1 1 1 1 1 1 1 1 1 1 1 1 1 1 1 1 1 1 1 1 1
3H_lowDi,nucl,2,1.5,141,600,899,0.04521905336753684,43,16.41860465116279,3.141371842724698,0.19133001308379888,17.0,14.0,19.0,20,224,4.013392857142857,6.220521448528888,1.5499408281095342,1.0,1.0,16.0,20,181,20 20 20 19 19 19 19 19 19 19 19 19 19 19 19 19 19 18 17 17 17 17 16 16 16 16 16 16 16 16 15 15 15 14 14 14 14 14 14 14 8 8 7 5 3 2 2 2 2 2 2 1 1 1 1 1 1 1 1 1 1 1 1 1 1 1 1 1 1 1 1 1 1 1 1 1 1 1 1 1 1 1 1 1 1 1 1 1 1 1 1 1 1 1 1 1 1 1 1 1 1 1 1 1 1 1 1 1 1 1 1 1 1 1 1 1 1 1 1 1 1 1 1 1 1 1 1 1 1 1 1 1 1 1 1 1 1 1 1 1 1 1 1 1 1 1 1 1 1 1 1 1 1 1 1 1 1 1 1 1 1 1 1 1 1 1 1 1 1 1 1 1 1 1 1 1 1 1 1 1 1 1 1 1 1 1 1 1 1 1 1 1 1 1 1 1 1 1 1 1 1 1 1 1 1 1 1 1 1 1 1 1 1 1 1 1 1 1 1 1 1 1 1 1
3H_lowDi,nucl,3,1.5,141,600,955,0.048035813087872845,48,15.5625,3.7068438717272274,0.2381907708740387,16.0,8.7,19.0,20,245,3.8979591836734695,5.999470256529567,1.539131112931669,1.0,1.0,16.0,20,197,20 20 20 19 19 19 19 19 19 19 19 19 19 18 18 18 17 17 17 17 17 17 16 16 16 16 16 16 16 15 15 15 14 14 14 14 14 14 14 14 14 14 9 8 7 7 7 6 3 3 2 2 2 2 2 2 2 1 1 1 1 1 1 1 1 1 1 1 1 1 1 1 1 1 1 1 1 1 1 1 1 1 1 1 1 1 1 1 1 1 1 1 1 1 1 1 1 1 1 1 1 1 1 1 1 1 1 1 1 1 1 1 1 1 1 1 1 1 1 1 1 1 1 1 1 1 1 1 1 1 1 1 1 1 1 1 1 1 1 1 1 1 1 1 1 1 1 1 1 1 1 1 1 1 1 1 1 1 1 1 1 1 1 1 1 1 1 1 1 1 1 1 1 1 1 1 1 1 1 1 1 1 1 1 1 1 1 1 1 1 1 1 1 1 1 1 1 1 1 1 1 1 1 1 1 1 1 1 1 1 1 1 1 1 1 1 1 1 1 1 1 1 1 1 1 1 1 1 1 1 1 1 1 1 1 1 1 1 1 1 1 1 1 1 1
3H_lowDi,random,1,1.5,141,600,463,0.02328856697349228,34,13.617647058823529,1.9850151649272323,0.1457678522840732,14.0,12.0,15.7,18,34,13.617647058823529,1.9850151649272323,0.1457678522840732,14.0,12.0,15.7,18,0,18 16 16 16 15 14 14 14 14 14 14 14 14 14 14 14 14 14 14 14 14 14 14 14 14 14 13 12 12 12 12 12 8 7
3H_lowDi,random,2,1.5,141,600,505,0.025401136763744277,37,13.64864864864865,1.4184540923174116,0.10392633943711728,14.0,12.0,14.0,16,37,13.64864864864865,1.4184540923174116,0.10392633943711728,14.0,12.0,14.0,16,0,16 16 14 14 14 14 14 14 14 14 14 14 14 14 14 14 14 14 14 14 14 14 14 14 14 14 14 14 14 14 14 12 12 12 12 12 7
3H_lowDi,random,3,1.5,141,600,492,0.024747246114380565,36,13.666666666666666,1.2649110640673518,0.09255446810248916,14.0,12.0,14.5,16,36,13.666666666666666,1.2649110640673518,0.09255446810248916,14.0,12.0,14.5,16,0,16 16 15 15 14 14 14 14 14 14 14 14 14 14 14 14 14 14 14 14 14 14 14 14 14 14 14 14 13 12 12 12 12 12 12 9
3H_lowDi,seed144,1,1.5,141,600,752,0.037825059101654845,81,9.283950617283951,2.81173686491657,0.30285995486468376,7.0,7.0,14.0,14,81,9.283950617283951,2.81173686491657,0.30285995486468376,7.0,7.0,14.0,14,0,14 14 14 14 14 14 14 14 14 14 14 14 14 14 13 12 12 12 12 12 12 12 12 12 12 12 10 10 10 9 9 9 9 9 9 9 8 8 8 7 7 7 7 7 7 7 7 7 7 7 7 7 7 7 7 7 7 7 7 7 7 7 7 7 7 7 7 7 7 7 7 7 7 7 7 7 7 7 7 7 7
3H_lowDi,seed144,2,1.5,141,600,740,0.03722146773301142,76,9.736842105263158,2.9771056237118696,0.30575679378662446,8.0,7.0,14.0,14,76,9.736842105263158,2.9771056237118696,0.30575679378662446,8.0,7.0,14.0,14,0,14 14 14 14 14 14 14 14 14 14 14 14 14 14 14 14 13 12 12 12 12 12 12 12 12 12 12 12 12 12 12 12 12 9 9 8 8 8 8 8 8 7 7 7 7 7 7 7 7 7 7 7 7 7 7 7 7 7 7 7 7 7 7 7 7 7 7 7 7 7 7 7 7 7 7 7
3H_lowDi,seed144,3,1.5,141,600,761,0.038277752628137415,82,9.28048780487805,2.6165399367466535,0.2819399143406381,8.0,7.0,12.0,14,82,9.28048780487805,2.6165399367466535,0.2819399143406381,8.0,7.0,12.0,14,0,14 14 14 14 14 14 14 12 12 12 12 12 12 12 12 12 12 12 12 12 12 12 12 12 12 12 12 12 12 12 12 10 9 9 9 9 9 9 8 8 8 8 7 7 7 7 7 7 7 7 7 7 7 7 7 7 7 7 7 7 7 7 7 7 7 7 7 7 7 7 7 7 7 7 7 7 7 7 7 7 7 6
3H_lowDi,seed1_L5,0,1.5,141,600,0,0.0,0,nan,nan,nan,nan,nan,nan,nan,0,nan,nan,nan,nan,nan,nan,nan,0,
3H_lowDi,seed1,0,1.5,141,600,19,0.0009556863336854283,1,19.0,0.0,0.0,19.0,19.0,19.0,19,1,19.0,0.0,0.0,19.0,19.0,19.0,19,0,19
3H_lowDi,seed36,1,1.5,141,600,444,0.02233288063980685,32,13.875,3.289769086905841,0.2371004747319525,14.0,9.3,19.0,19,32,13.875,3.289769086905841,0.2371004747319525,14.0,9.3,19.0,19,0,19 19 19 19 19 19 14 14 14 14 14 14 14 14 14 14 14 14 14 14 14 14 14 13 13 12 12 12 9 7 7 7
3H_lowDi,seed36,2,1.5,141,600,418,0.021025099341079424,32,13.0625,3.918010522141678,0.2999433892548653,14.0,7.0,19.0,19,32,13.0625,3.918010522141678,0.2999433892548653,14.0,7.0,19.0,19,0,19 19 19 19 19 16 16 14 14 14 14 14 14 14 14 14 14 14 14 14 14 14 12 9 9 8 8 7 7 7 7 7
3H_lowDi,seed36,3,1.5,141,600,422,0.021226296463960567,31,13.612903225806452,2.564857622492117,0.18841371160487114,14.0,12.0,16.0,19,31,13.612903225806452,2.564857622492117,0.18841371160487114,14.0,12.0,16.0,19,0,19 19 16 16 16 14 14 14 14 14 14 14 14 14 14 14 14 14 14 14 14 14 14 13 12 12 12 12 9 7 7
3H_lowDi,seed9,1,1.5,141,600,156,0.00784668779236457,9,17.333333333333332,2.5,0.14423076923076925,19.0,14.0,19.0,19,9,17.333333333333332,2.5,0.14423076923076925,19.0,14.0,19.0,19,0,19 19 19 19 19 19 14 14 14
3H_lowDi,seed9,2,1.5,141,600,128,0.00643830793219657,9,14.222222222222221,4.465920335658088,0.3140100236009593,14.0,7.8,19.0,19,9,14.222222222222221,4.465920335658088,0.3140100236009593,14.0,7.8,19.0,19,0,19 19 19 14 14 14 14 8 7
3H_lowDi,seed9,3,1.5,141,600,127,0.006388008651476284,8,15.875,2.799872446074234,0.17636991786294387,15.0,13.4,19.0,19,8,15.875,2.799872446074234,0.17636991786294387,15.0,13.4,19.0,19,0,19 19 19 16 14 14 14 12
3L,nucl,1,1.5,141,600,3246,0.1632714652180474,38,81.21052631578948,31.955338677375575,0.39348764411544773,80.0,44.7,127.9,147,189,17.174603174603174,35.19181769135376,2.049061473710986,1.0,1.0,80.0,147,151,147 132 130 130 127 118 112 108 106 103 99 99 98 96 95 91 88 84 80 80 79 74 74 67 64 61 61 60 54 53 52 50 48 45 44 31 30 16 3 3 2 2 2 2 2 1 1 1 1 1 1 1 1 1 1 1 1 1 1 1 1 1 1 1 1 1 1 1 1 1 1 1 1 1 1 1 1 1 1 1 1 1 1 1 1 1 1 1 1 1 1 1 1 1 1 1 1 1 1 1 1 1 1 1 1 1 1 1 1 1 1 1 1 1 1 1 1 1 1 1 1 1 1 1 1 1 1 1 1 1 1 1 1 1 1 1 1 1 1 1 1 1 1 1 1 1 1 1 1 1 1 1 1 1 1 1 1 1 1 1 1 1 1 1 1 1 1 1 1 1 1 1 1 1 1 1 1 1 1 1 1 1 1 1 1 1 1 1 1
3L,nucl,2,1.5,141,600,3244,0.16317086665660682,37,83.67567567567568,28.003029651622867,0.33466153007430427,89.0,45.0,117.8,121,181,17.92265193370166,35.692118420915016,1.991452969847601,1.0,1.0,89.0,121,144,121 120 119 119 117 116 113 109 108 108 105 104 103 101 98 95 92 89 89 88 85 80 79 70 68 64 64 62 61 58 56 56 45 45 30 30 29 3 2 2 1 1 1 1 1 1 1 1 1 1 1 1 1 1 1 1 1 1 1 1 1 1 1 1 1 1 1 1 1 1 1 1 1 1 1 1 1 1 1 1 1 1 1 1 1 1 1 1 1 1 1 1 1 1 1 1 1 1 1 1 1 1 1 1 1 1 1 1 1 1 1 1 1 1 1 1 1 1 1 1 1 1 1 1 1 1 1 1 1 1 1 1 1 1 1 1 1 1 1 1 1 1 1 1 1 1 1 1 1 1 1 1 1 1 1 1 1 1 1 1 1 1 1 1 1 1 1 1 1 1 1 1 1 1 1 1 1 1 1 1 1
3L,nucl,3,1.5,141,600,3149,0.15839243498817968,32,92.8125,37.43677465773719,0.4033591882315118,94.5,48.2,130.8,177,204,15.436274509803921,36.51615281754397,2.3656065972622957,1.0,1.0,69.50000000000009,177,172,177 146 137 131 129 127 125 124 120 120 119 118 110 109 100 95 94 91 86 84 71 66 66 61 60 57 54 50 48 39 37 19 3 2 2 2 2 2 1 1 1 1 1 1 1 1 1 1 1 1 1 1 1 1 1 1 1 1 1 1 1 1 1 1 1 1 1 1 1 1 1 1 1 1 1 1 1 1 1 1 1 1 1 1 1 1 1 1 1 1 1 1 1 1 1 1 1 1 1 1 1 1 1 1 1 1 1 1 1 1 1 1 1 1 1 1 1 1 1 1 1 1 1 1 1 1 1 1 1 1 1 1 1 1 1 1 1 1 1 1 1 1 1 1 1 1 1 1 1 1 1 1 1 1 1 1 1 1 1 1 1 1 1 1 1 1 1 1 1 1 1 1 1 1 1 1 1 1 1 1 1 1 1 1 1 1 1 1 1 1 1 1 1 1 1 1 1 1 1 1 1 1 1 1
3L,random,1,1.5,141,600,3134,0.1576379457773754,94,33.340425531914896,18.52029005990449,0.5554905123264269,30.0,13.3,60.0,92,94,33.340425531914896,18.52029005990449,0.5554905123264269,30.0,13.3,60.0,92,0,92 86 85 74 68 68 64 62 60 60 60 58 52 51 51 50 48 48 47 44 44 44 44 44 44 43 40 40 40 40 40 40 39 39 39 37 37 37 35 33 33 33 33 33 30 30 30 30 30 30 27 27 27 27 25 24 24 23 22 20 19 19 19 19 19 19 19 19 19 19 19 19 19 19 19 19 19 19 19 18 17 15 14 14 13 12 12 12 12 12 12 11 7 7
3L,random,2,1.5,141,600,3161,0.15899602635682308,95,33.27368421052632,17.009660650087376,0.5112046066935465,30.0,12.8,58.0,91,95,33.27368421052632,17.009660650087376,0.5112046066935465,30.0,12.8,58.0,91,0,91 79 73 69 68 65 60 60 58 58 58 56 54 52 52 48 45 44 44 44 44 44 44 43 40 40 40 40 39 39 39 39 37 37 37 37 37 37 37 35 35 33 33 33 33 30 30 30 30 30 30 30 30 30 29 29 27 27 27 27 24 24 24 24 24 22 19 19 19 19 19 19 19 19 19 19 19 18 18 18 18 16 15 14 14 12 12 12 12 12 12 12 11 10 8
3L,random,3,1.5,141,600,3186,0.16025350837483024,83,38.3855421686747,19.11698984194694,0.49802578684293664,35.0,19.0,57.8,115,83,38.3855421686747,19.11698984194694,0.49802578684293664,35.0,19.0,57.8,115,0,115 115 80 70 68 64 63 60 58 57 56 55 54 54 54 54 52 51 51 51 51 51 48 45 44 44 42 42 40 40 40 39 37 37 37 37 37 37 36 36 35 35 34 34 33 33 30 30 30 30 30 30 30 30 30 30 30 30 30 29 28 27 26 24 24 24 24 24 22 20 19 19 19 19 19 19 19 19 18 12 12 12 12
3L,seed144,1,1.5,141,600,2994,0.15059604647653538,79,37.835443037974684,15.211694539489653,0.4020488018132093,37.0,19.0,58.400000000000006,79,80,37.425,15.554538594444901,0.4156189337193027,37.0,19.0,58.20000000000002,79,1,79 75 75 70 68 68 61 60 58 54 52 52 51 51 51 51 51 48 48 47 44 44 44 44 44 44 44 40 40 40 39 37 37 37 37 37 37 37 37 37 37 37 37 36 36 35 35 33 33 33 30 30 30 30 30 30 27 27 27 27 25 24 24 24 24 19 19 19 19 19 19 19 19 19 19 19 19 19 11 5
3L,seed144,2,1.5,141,600,2985,0.15014335295005282,85,35.11764705882353,15.705937431055661,0.4472377492930423,33.0,19.0,59.20000000000002,78,85,35.11764705882353,15.705937431055661,0.4472377492930423,33.0,19.0,59.20000000000002,78,0,78 72 70 69 65 65 64 60 60 58 52 52 52 51 51 48 48 47 44 44 44 44 44 44 44 44 40 40 40 37 37 37 37 37 37 37 37 36 33 33 33 33 33 33 33 30 30 30 30 30 30 30 29 27 27 27 27 27 27 26 26 26 24 24 19 19 19 19 19 19 19 19 19 19 19 19 19 19 19 19 19 12 12 7 7
3L,seed144,3,1.5,141,600,3010,0.15140083496805995,86,35.0,12.513522097879463,0.3575292027965561,33.0,19.0,51.5,68,86,35.0,12.513522097879463,0.3575292027965561,33.0,19.0,51.5,68,0,68 63 60 60 60 52 52 52 52 51 51 51 48 48 48 47 47 46 44 44 44 44 44 44 44 42 42 42 40 40 39 39 39 37 37 37 37 37 37 36 36 34 33 33 33 33 30 30 30 30 30 30 30 30 30 30 30 30 29 28 27 27 27 26 24 24 24 24 24 23 22 22 19 19 19 19 19 19 19 19 19 19 19 18 14 11
3L,seed1_L5,0,1.5,141,600,0,0.0,0,nan,nan,nan,nan,nan,nan,nan,0,nan,nan,nan,nan,nan,nan,nan,0,
3L,seed1,0,1.5,141,600,127,0.006388008651476284,1,127.0,0.0,0.0,127.0,127.0,127.0,127,1,127.0,0.0,0.0,127.0,127.0,127.0,127,0,127
3L,seed36,1,1.5,141,600,2318,0.11659373270962226,31,74.7741935483871,25.91230039629745,0.34654068692201073,79.0,37.0,114.0,119,31,74.7741935483871,25.91230039629745,0.34654068692201073,79.0,37.0,114.0,119,0,119 118 114 114 106 96 96 91 84 84 84 83 83 80 80 79 78 75 70 69 65 65 61 58 52 45 40 37 35 30 27
3L,seed36,2,1.5,141,600,2320,0.11669433127106282,30,77.33333333333333,30.527922022117814,0.39475761235497175,72.5,38.8,109.20000000000002,163,30,77.33333333333333,30.527922022117814,0.39475761235497175,72.5,38.8,109.20000000000002,163,0,163 127 120 108 102 102 100 96 95 95 90 90 84 79 73 72 70 69 65 65 61 53 52 51 48 47 39 37 34 33
3L,seed36,3,1.5,141,600,2224,0.11186560032191539,32,69.5,25.462179416639916,0.3663622937646031,70.0,37.7,96.7,126,32,69.5,25.462179416639916,0.3663622937646031,70.0,37.7,96.7,126,0,126 119 108 97 94 90 89 88 88 80 79 78 74 74 73 70 70 69 65 64 60 56 56 56 52 48 46 44 37 30 25 19
3L,seed9,1,1.5,141,600,1039,0.05226095266837684,9,115.44444444444444,26.25410020887743,0.22741761489884202,120.0,93.8,134.4,164,9,115.44444444444444,26.25410020887743,0.22741761489884202,120.0,93.8,134.4,164,0,164 127 127 127 120 104 101 100 69
3L,seed9,2,1.5,141,600,956,0.04808611236859313,9,106.22222222222223,23.338689861353497,0.21971569953157058,115.0,71.0,126.2,127,9,106.22222222222223,23.338689861353497,0.21971569953157058,115.0,71.0,126.2,127,0,127 126 122 121 115 107 102 73 63
3L,seed9,3,1.5,141,600,903,0.045420250490417986,8,112.875,41.10765483111735,0.3641874182158791,125.5,62.900000000000006,152.0,166,8,112.875,41.10765483111735,0.3641874182158791,125.5,62.900000000000006,152.0,166,0,166 146 127 127 124 102 74 37
S8D_lowri,nucl,1,1.5,141,600,711,0.03576278859212313,29,18.20689655172414,4.813517501673413,0.2643788021752443,19.0,9.8,23.0,26,201,3.537313432835821,6.307126980350772,1.783027458580176,1.0,1.0,19.0,26,172,26 24 23 23 22 22 22 21 21 20 19 19 19 19 19 19 19 19 19 19 19 19 17 12 12 10 9 8 8 3 3 2 2 2 2 2 2 2 1 1 1 1 1 1 1 1 1 1 1 1 1 1 1 1 1 1 1 1 1 1 1 1 1 1 1 1 1 1 1 1 1 1 1 1 1 1 1 1 1 1 1 1 1 1 1 1 1 1 1 1 1 1 1 1 1 1 1 1 1 1 1 1 1 1 1 1 1 1 1 1 1 1 1 1 1 1 1 1 1 1 1 1 1 1 1 1 1 1 1 1 1 1 1 1 1 1 1 1 1 1 1 1 1 1 1 1 1 1 1 1 1 1 1 1 1 1 1 1 1 1 1 1 1 1 1 1 1 1 1 1 1 1 1 1 1 1 1 1 1 1 1 1 1 1 1 1 1 1 1 1 1 1 1 1 1 1 1 1 1 1 1
S8D_lowri,nucl,2,1.5,141,600,749,0.037674161259493986,29,18.93103448275862,2.8527059144753704,0.15068938346044763,19.0,15.8,21.2,24,218,3.4357798165137616,6.178452566556972,1.798267903216849,1.0,1.0,19.0,24,189,24 23 22 21 21 21 21 20 19 19 19 19 19 19 19 19 19 19 19 19 19 19 19 19 19 16 15 13 9 5 3 2 2 2 2 2 1 1 1 1 1 1 1 1 1 1 1 1 1 1 1 1 1 1 1 1 1 1 1 1 1 1 1 1 1 1 1 1 1 1 1 1 1 1 1 1 1 1 1 1 1 1 1 1 1 1 1 1 1 1 1 1 1 1 1 1 1 1 1 1 1 1 1 1 1 1 1 1 1 1 1 1 1 1 1 1 1 1 1 1 1 1 1 1 1 1 1 1 1 1 1 1 1 1 1 1 1 1 1 1 1 1 1 1 1 1 1 1 1 1 1 1 1 1 1 1 1 1 1 1 1 1 1 1 1 1 1 1 1 1 1 1 1 1 1 1 1 1 1 1 1 1 1 1 1 1 1 1 1 1 1 1 1 1 1 1 1 1 1 1 1 1 1 1 1 1 1 1 1 1 1 1 1 1 1 1 1 1
S8D_lowri,nucl,3,1.5,141,600,730,0.03671847492580856,28,18.571428571428573,4.228900316110311,0.2277100170213244,19.0,12.0,23.3,24,231,3.16017316017316,5.919413011833842,1.873129322922764,1.0,1.0,12.0,24,203,24 24 24 23 22 21 21 21 21 21 20 20 19 19 19 19 19 19 19 19 19 19 12 12 12 12 12 8 3 2 2 2 2 2 1 1 1 1 1 1 1 1 1 1 1 1 1 1 1 1 1 1 1 1 1 1 1 1 1 1 1 1 1 1 1 1 1 1 1 1 1 1 1 1 1 1 1 1 1 1 1 1 1 1 1 1 1 1 1 1 1 1 1 1 1 1 1 1 1 1 1 1 1 1 1 1 1 1 1 1 1 1 1 1 1 1 1 1 1 1 1 1 1 1 1 1 1 1 1 1 1 1 1 1 1 1 1 1 1 1 1 1 1 1 1 1 1 1 1 1 1 1 1 1 1 1 1 1 1 1 1 1 1 1 1 1 1 1 1 1 1 1 1 1 1 1 1 1 1 1 1 1 1 1 1 1 1 1 1 1 1 1 1 1 1 1 1 1 1 1 1 1 1 1 1 1 1 1 1 1 1 1 1 1 1 1 1 1 1 1 1 1 1 1 1 1 1 1 1 1 1
S8D_lowri,random,1,1.5,141,600,114,0.0057341180021125695,6,19.0,0.0,0.0,19.0,19.0,19.0,19,6,19.0,0.0,0.0,19.0,19.0,19.0,19,0,19 19 19 19 19 19
S8D_lowri,random,2,1.5,141,600,119,0.005985614405713998,6,19.833333333333332,2.041241452319315,0.10291973709173019,19.0,19.0,21.5,24,6,19.833333333333332,2.041241452319315,0.10291973709173019,19.0,19.0,21.5,24,0,24 19 19 19 19 19
S8D_lowri,random,3,1.5,141,600,67,0.0033700518082591417,3,22.333333333333332,2.886751345948129,0.1292575229529013,24.0,20.0,24.0,24,3,22.333333333333332,2.886751345948129,0.1292575229529013,24.0,20.0,24.0,24,0,24 24 19
S8D_lowri,seed144,1,1.5,141,600,570,0.02867059001056285,60,9.5,3.456754625710781,0.3638689079695559,7.0,7.0,14.0,17,60,9.5,3.456754625710781,0.3638689079695559,7.0,7.0,14.0,17,0,17 16 16 16 15 14 14 14 14 14 14 14 14 14 14 14 12 12 12 12 12 10 7 7 7 7 7 7 7 7 7 7 7 7 7 7 7 7 7 7 7 7 7 7 7 7 7 7 7 7 7 7 7 7 7 7 7 7 7 7
S8D_lowri,seed144,2,1.5,141,600,572,0.02877118857200342,61,9.37704918032787,3.3968806005227274,0.3622547493564447,7.0,7.0,14.0,19,61,9.37704918032787,3.3968806005227274,0.3622547493564447,7.0,7.0,14.0,19,0,19 16 14 14 14 14 14 14 14 14 14 14 14 14 14 14 12 12 12 12 12 8 7 7 7 7 7 7 7 7 7 7 7 7 7 7 7 7 7 7 7 7 7 7 7 7 7 7 7 7 7 7 7 7 7 7 7 7 7 7 7
S8D_lowri,seed144,3,1.5,141,600,566,0.028469392887681706,62,9.048387096774194,3.3359807924656324,0.3686823692208007,7.0,7.0,14.0,19,63,8.984126984126984,3.3480474015416495,0.3726625199595829,7.0,7.0,14.0,19,1,19 16 16 16 14 14 14 14 14 14 14 14 14 14 12 12 9 9 8 8 8 8 7 7 7 7 7 7 7 7 7 7 7 7 7 7 7 7 7 7 7 7 7 7 7 7 7 7 7 7 7 7 7 7 7 7 7 7 7 7 7 7 5
S8D_lowri,seed1_L5,0,1.5,141,600,0,0.0,0,nan,nan,nan,nan,nan,nan,nan,0,nan,nan,nan,nan,nan,nan,nan,0,
S8D_lowri,seed1,0,1.5,141,600,19,0.0009556863336854283,1,19.0,0.0,0.0,19.0,19.0,19.0,19,1,19.0,0.0,0.0,19.0,19.0,19.0,19,0,19
S8D_lowri,seed36,1,1.5,141,600,469,0.023590362657813994,31,15.129032258064516,4.716933576550702,0.3117802577250997,16.0,7.0,19.0,19,31,15.129032258064516,4.716933576550702,0.3117802577250997,16.0,7.0,19.0,19,0,19 19 19 19 19 19 19 19 19 19 19 19 19 19 19 16 16 16 15 14 14 14 14 14 9 7 7 7 7 7 7
S8D_lowri,seed36,2,1.5,141,600,404,0.020320909410995423,28,14.428571428571429,5.174213638079391,0.35860886600550235,16.0,7.0,19.0,19,28,14.428571428571429,5.174213638079391,0.35860886600550235,16.0,7.0,19.0,19,0,19 19 19 19 19 19 19 19 19 19 19 19 19 16 16 16 14 14 14 9 8 8 7 7 7 7 7 7
S8D_lowri,seed36,3,1.5,141,600,421,0.02117599718324028,31,13.580645161290322,5.32775245638901,0.3923048127032288,14.0,7.0,19.0,19,31,13.580645161290322,5.32775245638901,0.3923048127032288,14.0,7.0,19.0,19,0,19 19 19 19 19 19 19 19 19 19 19 19 16 16 16 14 14 14 14 12 8 7 7 7 7 7 7 7 7 7 6
S8D_lowri,seed9,1,1.5,141,600,171,0.008601177003168854,9,19.0,0.0,0.0,19.0,19.0,19.0,19,9,19.0,0.0,0.0,19.0,19.0,19.0,19,0,19 19 19 19 19 19 19 19 19
S8D_lowri,seed9,2,1.5,141,600,145,0.0072933957044414265,9,16.11111111111111,4.6218082079540155,0.286870854286801,19.0,8.8,19.0,19,9,16.11111111111111,4.6218082079540155,0.286870854286801,19.0,8.8,19.0,19,0,19 19 19 19 19 19 14 9 8
S8D_lowri,seed9,3,1.5,141,600,145,0.0072933957044414265,8,18.125,4.823676724538776,0.26613388825041523,19.0,15.4,20.5,24,8,18.125,4.823676724538776,0.26613388825041523,19.0,15.4,20.5,24,0,24 19 19 19 19 19 19 7
