set,condition,replicate,t_end,settle_t,settle_blobs_t,cells_drift_last100,criterion_stop_t,crit_min,crit_final,blobs_t60,blobs_t300,blobs_t600,blobs_final,cells_on_final,largest_final,coverage_final,total_activator_final
2L_JAPI,seed1,0,1000.01,30.01,10.01,0,38.01,1.4e-19,1.7e-19,1,1,1,1,91,91,0.0046,442.9
2L_JAPI,seed1_L5,0,1000.01,10.01,10.01,0,12.01,2.6e-222,2.6e-222,0,0,0,0,0,0,0.0,0.0
2L_JAPI,seed9,1,600.01,90.01,10.01,0,102.01,8.2e-16,8.2e-16,9,9,9,9,633,91,0.0318,3078.6
2L_JAPI,seed9,2,600.01,320.01,10.01,0,190.01,1.6e-18,1.7e-18,9,9,9,9,584,91,0.0294,2836.5
2L_JAPI,seed9,3,600.01,270.01,10.01,0,162.01,2.1e-18,2.3e-18,8,8,8,8,536,91,0.027,2602.6
2L_JAPI,seed36,1,600.01,500.01,10.01,0,220.01,7.4e-07,7.6e-07,31,31,31,31,1547,86,0.0778,7485.9
2L_JAPI,seed36,2,600.01,580.01,30.01,8,never,1.6e-04,1.6e-04,31,31,31,31,1536,85,0.0773,7444.1
2L_JAPI,seed36,3,600.01,270.01,80.01,0,216.01,2.1e-15,2.1e-15,32,31,31,31,1465,75,0.0737,7082.8
2L_JAPI,seed144,1,600.01,not settled,440.01,1,192.01,9.6e-06,6.5e-05,76,75,74,74,2120,52,0.1066,10274.3
2L_JAPI,seed144,2,600.01,not settled,580.01,-5,188.01,5.3e-07,2.6e-04,78,77,76,76,2115,55,0.1064,10306.2
2L_JAPI,seed144,3,600.01,480.01,190.01,0,152.01,2.5e-07,2.5e-07,83,81,81,81,2136,42,0.1074,10436.9
2L_JAPI,random,1,600.01,540.01,140.01,0,228.01,3.5e-06,4.2e-06,102,97,97,97,2192,52,0.1103,10743.2
2L_JAPI,random,2,600.01,580.01,500.01,2,208.01,2.3e-05,9.0e-05,104,95,94,94,2165,52,0.1089,10621.7
2L_JAPI,random,3,600.01,270.01,170.01,0,210.01,6.9e-13,6.9e-13,106,98,98,98,2149,40,0.1081,10611.6
2L_JAPI,nucl,1,600.01,not settled,not settled,36,never,3.9e-02,4.3e-02,207,196,197,197,2231,88,0.1122,10372.4
2L_JAPI,nucl,2,600.01,not settled,not settled,19,never,4.0e-02,4.6e-02,197,207,194,194,2223,80,0.1118,10375.0
2L_JAPI,nucl,3,600.01,not settled,not settled,29,never,3.9e-02,4.4e-02,205,205,216,216,2048,93,0.103,9518.6
2L_JA,seed1,0,1000.01,90.01,10.01,0,94.01,0.0e+00,0.0e+00,1,1,1,1,19881,19881,1.0,99405.0
2L_JA,seed1_L5,0,1000.01,10.01,10.01,0,12.01,0.0e+00,0.0e+00,0,0,0,0,0,0,0.0,0.0
2L_JA,seed9,1,600.01,50.01,40.01,0,54.01,0.0e+00,0.0e+00,1,1,1,1,19881,19881,1.0,99405.0
2L_JA,seed9,2,600.01,70.01,30.01,0,72.01,0.0e+00,0.0e+00,1,1,1,1,19881,19881,1.0,99405.0
2L_JA,seed9,3,600.01,60.01,40.01,0,64.01,0.0e+00,0.0e+00,1,1,1,1,19881,19881,1.0,99405.0
2L_JA,seed36,1,600.01,30.01,20.01,0,34.01,0.0e+00,0.0e+00,1,1,1,1,19881,19881,1.0,99405.0
2L_JA,seed36,2,600.01,40.01,20.01,0,36.01,0.0e+00,0.0e+00,1,1,1,1,19881,19881,1.0,99405.0
2L_JA,seed36,3,600.01,50.01,20.01,0,46.01,0.0e+00,0.0e+00,1,1,1,1,19881,19881,1.0,99405.0
2L_JA,seed144,1,600.01,30.01,10.01,0,26.01,0.0e+00,0.0e+00,1,1,1,1,19881,19881,1.0,99405.0
2L_JA,seed144,2,600.01,20.01,10.01,0,26.01,0.0e+00,0.0e+00,1,1,1,1,19881,19881,1.0,99405.0
2L_JA,seed144,3,600.01,20.01,10.01,0,22.01,0.0e+00,0.0e+00,1,1,1,1,19881,19881,1.0,99405.0
2L_JA,random,1,600.01,10.01,10.01,0,12.01,0.0e+00,0.0e+00,1,1,1,1,19881,19881,1.0,99405.0
2L_JA,random,2,600.01,10.01,10.01,0,12.01,0.0e+00,0.0e+00,1,1,1,1,19881,19881,1.0,99405.0
2L_JA,random,3,600.01,10.01,10.01,0,12.01,0.0e+00,0.0e+00,1,1,1,1,19881,19881,1.0,99405.0
2L_JA,nucl,1,600.01,40.01,30.01,0,38.01,0.0e+00,0.0e+00,1,1,1,1,19881,19881,1.0,99405.0
2L_JA,nucl,2,600.01,40.01,30.01,0,36.01,0.0e+00,0.0e+00,1,1,1,1,19881,19881,1.0,99405.0
2L_JA,nucl,3,600.01,40.01,40.01,0,40.01,0.0e+00,0.0e+00,1,1,1,1,19881,19881,1.0,99405.0
3B_labyrinth,seed1,0,1000.01,not settled,10.01,-13,never,1.7e-04,1.7e-04,1,1,1,1,10021,10021,0.504,59435.5
3B_labyrinth,seed1_L5,0,1000.01,10.01,10.01,0,12.01,1.6e-222,1.6e-222,0,0,0,0,0,0,0.0,0.0
3B_labyrinth,seed9,1,600.01,not settled,10.01,-5,never,5.6e-04,5.6e-04,9,9,9,9,9718,2268,0.4888,57552.5
3B_labyrinth,seed9,2,600.01,not settled,20.01,5,never,1.4e-03,3.2e-03,7,7,7,7,10052,2291,0.5056,59539.2
3B_labyrinth,seed9,3,600.01,not settled,20.01,41,never,1.9e-03,1.9e-03,7,7,7,7,9967,2475,0.5013,58969.1
3B_labyrinth,seed36,1,600.01,not settled,20.01,9,520.01,9.1e-05,1.3e-04,25,25,25,25,9140,817,0.4597,53922.9
3B_labyrinth,seed36,2,600.01,not settled,30.01,1,never,1.4e-04,1.4e-04,20,20,20,20,9379,1206,0.4718,55373.0
3B_labyrinth,seed36,3,600.01,580.01,20.01,5,594.01,7.6e-05,7.6e-05,25,25,25,25,9186,1510,0.462,54177.6
3B_labyrinth,seed144,1,600.01,not settled,470.01,12,never,6.3e-04,6.8e-04,49,48,47,47,9233,1097,0.4644,53920.9
3B_labyrinth,seed144,2,600.01,550.01,20.01,-1,412.01,3.8e-06,3.8e-06,57,57,57,57,9095,450,0.4575,52864.9
3B_labyrinth,seed144,3,600.01,not settled,120.01,1,422.01,5.3e-05,8.1e-05,59,58,58,58,9113,597,0.4584,53007.5
3B_labyrinth,random,1,600.01,not settled,10.01,1,386.01,6.8e-05,6.8e-05,1,1,1,1,11442,11442,0.5755,66634.0
3B_labyrinth,random,2,600.01,not settled,10.01,-2,510.01,4.0e-05,1.7e-04,1,1,1,1,11545,11545,0.5807,67135.3
3B_labyrinth,random,3,600.01,not settled,10.01,-3,432.01,5.1e-05,7.8e-05,1,1,1,1,11311,11311,0.5689,65875.9
3B_labyrinth,nucl,1,600.01,not settled,not settled,-18,never,1.2e-01,1.3e-01,122,117,100,100,11413,2515,0.5741,66733.5
3B_labyrinth,nucl,2,600.01,not settled,not settled,18,never,1.2e-01,1.4e-01,97,114,131,131,11562,1827,0.5816,67764.8
3B_labyrinth,nucl,3,600.01,not settled,not settled,38,never,1.2e-01,1.4e-01,116,138,123,123,11594,1577,0.5832,67695.9
3B_big,seed1,0,1000.01,50.01,10.01,0,56.01,1.4e-19,1.7e-19,1,1,1,1,271,271,0.0136,1356.1
3B_big,seed1_L5,0,1000.01,10.01,10.01,0,12.01,1.6e-222,1.6e-222,0,0,0,0,0,0,0.0,0.0
3B_big,seed9,1,600.01,not settled,10.01,60,never,2.2e-03,3.2e-03,9,9,9,9,3960,781,0.1992,19259.2
3B_big,seed9,2,600.01,not settled,20.01,232,never,4.2e-03,5.8e-03,8,8,8,8,3625,881,0.1823,17617.0
3B_big,seed9,3,600.01,not settled,10.01,247,never,5.4e-03,5.6e-03,8,8,8,8,3541,705,0.1781,17179.3
3B_big,seed36,1,600.01,not settled,10.01,7,458.01,1.2e-05,1.2e-05,29,29,29,29,4339,315,0.2182,21172.0
3B_big,seed36,2,600.01,not settled,60.01,12,never,1.8e-04,6.6e-04,27,27,27,27,4216,283,0.2121,20573.9
3B_big,seed36,3,600.01,not settled,10.01,13,never,2.9e-04,9.0e-04,32,32,32,32,4304,393,0.2165,20922.0
3B_big,seed144,1,600.01,520.01,70.01,-4,276.01,7.8e-08,7.8e-08,79,76,76,76,4620,150,0.2324,22337.9
3B_big,seed144,2,600.01,410.01,130.01,0,156.01,9.5e-11,9.5e-11,82,80,80,80,4537,139,0.2282,22027.0
3B_big,seed144,3,600.01,580.01,120.01,0,166.01,1.5e-05,2.2e-05,83,81,81,81,4586,151,0.2307,22232.0
3B_big,random,1,600.01,590.01,230.01,-6,552.01,9.9e-05,1.1e-04,37,34,34,34,5405,761,0.2719,25654.0
3B_big,random,2,600.01,not settled,40.01,-1,never,1.1e-04,1.1e-04,36,36,36,36,5438,723,0.2735,25775.5
3B_big,random,3,600.01,not settled,140.01,0,never,2.9e-04,3.3e-04,37,35,35,35,5395,624,0.2714,25619.8
3B_big,nucl,1,600.01,not settled,not settled,75,never,3.6e-02,3.9e-02,180,159,167,167,5257,250,0.2644,25042.3
3B_big,nucl,2,600.01,not settled,not settled,39,never,3.6e-02,4.0e-02,160,166,163,163,5238,217,0.2635,25044.8
3B_big,nucl,3,600.01,not settled,not settled,63,never,3.5e-02,4.0e-02,181,172,168,168,5131,328,0.2581,24563.2
3B_small,seed1,0,1000.01,20.01,10.01,0,30.01,4.1e-19,4.6e-19,1,1,1,1,61,61,0.0031,296.5
3B_small,seed1_L5,0,1000.01,10.01,10.01,0,12.01,3.1e-222,3.1e-222,0,0,0,0,0,0,0.0,0.0
3B_small,seed9,1,600.01,190.01,10.01,0,66.01,1.6e-18,1.7e-18,9,9,9,9,459,61,0.0231,2211.2
3B_small,seed9,2,600.01,100.01,10.01,0,106.01,1.7e-18,1.9e-18,9,9,9,9,397,61,0.02,1912.7
3B_small,seed9,3,600.01,210.01,10.01,0,116.01,4.9e-14,4.9e-14,8,8,8,8,369,61,0.0186,1792.5
3B_small,seed36,1,600.01,not settled,90.01,5,374.01,5.8e-06,2.7e-04,32,31,31,31,1145,58,0.0576,5522.0
3B_small,seed36,2,600.01,not settled,20.01,1,368.01,2.3e-05,2.8e-04,31,31,31,31,1118,61,0.0562,5380.6
3B_small,seed36,3,600.01,590.01,60.01,3,314.01,5.0e-06,6.2e-05,31,31,31,31,1077,56,0.0542,5185.8
3B_small,seed144,1,600.01,not settled,70.01,0,302.01,2.0e-05,7.1e-05,74,71,71,71,1581,40,0.0795,7711.6
3B_small,seed144,2,600.01,580.01,130.01,-2,288.01,1.4e-05,1.6e-05,76,74,74,74,1586,39,0.0798,7777.0
3B_small,seed144,3,600.01,420.01,130.01,0,192.01,2.2e-09,2.2e-09,85,80,80,80,1600,30,0.0805,7852.0
3B_small,random,1,600.01,280.01,120.01,0,222.01,9.8e-11,9.8e-11,91,87,87,87,1603,30,0.0806,7941.9
3B_small,random,2,600.01,240.01,90.01,0,144.01,6.2e-12,6.2e-12,88,80,80,80,1581,37,0.0795,7853.2
3B_small,random,3,600.01,580.01,430.01,5,332.01,1.2e-05,1.2e-05,96,91,90,90,1600,30,0.0805,7924.1
3B_small,nucl,1,600.01,not settled,not settled,55,never,4.1e-02,4.6e-02,210,206,202,202,1626,65,0.0818,7511.3
3B_small,nucl,2,600.01,not settled,not settled,14,never,4.0e-02,4.8e-02,200,210,197,197,1748,58,0.0879,8053.0
3B_small,nucl,3,600.01,not settled,not settled,19,never,3.9e-02,4.7e-02,209,216,227,227,1538,65,0.0774,7052.8
3H_lowDi,seed1,0,1000.01,20.01,10.01,0,32.01,0.0e+00,0.0e+00,1,1,1,1,19,19,0.001,82.5
3H_lowDi,seed1_L5,0,1000.01,10.01,10.01,0,12.01,2.6e-222,2.6e-222,0,0,0,0,0,0,0.0,0.0
3H_lowDi,seed9,1,600.01,550.01,10.01,0,98.01,4.6e-05,5.2e-05,9,9,9,9,156,19,0.0078,695.4
3H_lowDi,seed9,2,600.01,460.01,10.01,0,240.01,6.2e-05,1.2e-04,9,9,9,9,128,19,0.0064,576.6
3H_lowDi,seed9,3,600.01,590.01,10.01,2,74.01,5.1e-05,5.1e-05,8,8,8,8,127,19,0.0064,573.2
3H_lowDi,seed36,1,600.01,not settled,20.01,0,never,3.2e-04,3.8e-04,32,32,32,32,444,19,0.0223,2092.3
3H_lowDi,seed36,2,600.01,not settled,20.01,2,never,3.8e-04,4.0e-04,32,32,32,32,418,19,0.021,1937.2
3H_lowDi,seed36,3,600.01,not settled,40.01,2,never,5.2e-04,5.2e-04,31,31,31,31,422,19,0.0212,1987.8
3H_lowDi,seed144,1,600.01,not settled,40.01,8,never,4.3e-04,4.7e-04,81,81,81,81,752,14,0.0378,3855.5
3H_lowDi,seed144,2,600.01,not settled,100.01,3,never,3.4e-04,5.1e-04,77,76,76,76,740,14,0.0372,3780.2
3H_lowDi,seed144,3,600.01,not settled,80.01,-6,never,2.4e-04,2.4e-04,83,82,82,82,761,14,0.0383,3962.0
3H_lowDi,random,1,600.01,not settled,20.01,3,never,4.7e-04,4.7e-04,34,34,34,34,463,18,0.0233,2174.0
3H_lowDi,random,2,600.01,590.01,10.01,-1,never,5.6e-04,5.6e-04,37,37,37,37,505,16,0.0254,2403.0
3H_lowDi,random,3,600.01,not settled,10.01,-5,never,6.1e-04,6.1e-04,36,36,36,36,492,16,0.0247,2333.4
3H_lowDi,nucl,1,600.01,not settled,not settled,58,never,5.2e-02,5.7e-02,206,218,219,219,953,21,0.0479,4178.4
3H_lowDi,nucl,2,600.01,not settled,not settled,35,never,5.1e-02,6.5e-02,198,220,224,224,899,20,0.0452,3986.2
3H_lowDi,nucl,3,600.01,not settled,not settled,13,never,5.3e-02,6.0e-02,216,233,245,245,955,20,0.048,4140.5
3L,seed1,0,1000.01,30.01,10.01,0,40.01,1.5e-19,1.5e-19,1,1,1,1,127,127,0.0064,639.3
3L,seed1_L5,0,1000.01,10.01,10.01,0,12.01,2.1e-222,2.1e-222,0,0,0,0,0,0,0.0,0.0
3L,seed9,1,600.01,not settled,10.01,19,314.01,9.0e-05,3.8e-04,9,9,9,9,1039,164,0.0523,5108.8
3L,seed9,2,600.01,not settled,10.01,8,308.01,4.9e-05,7.2e-04,9,9,9,9,956,127,0.0481,4667.6
3L,seed9,3,600.01,590.01,10.01,12,never,1.9e-04,3.1e-04,8,8,8,8,903,166,0.0454,4409.9
3L,seed36,1,600.01,590.01,10.01,-1,498.01,1.6e-07,1.6e-07,31,31,31,31,2318,119,0.1166,11301.7
3L,seed36,2,600.01,not settled,40.01,21,never,2.9e-04,5.1e-04,30,30,30,30,2320,163,0.1167,11285.8
3L,seed36,3,600.01,480.01,10.01,0,374.01,3.8e-07,4.2e-07,32,32,32,32,2224,126,0.1119,10809.7
3L,seed144,1,600.01,410.01,90.01,0,236.01,4.3e-07,6.8e-07,84,80,80,80,2994,79,0.1506,14453.3
3L,seed144,2,600.01,210.01,120.01,0,178.01,3.7e-08,3.7e-08,86,85,85,85,2985,78,0.1501,14443.2
3L,seed144,3,600.01,320.01,250.01,0,288.01,5.8e-15,5.8e-15,88,86,86,86,3010,68,0.1514,14582.8
3L,random,1,600.01,not settled,190.01,-7,258.01,4.6e-05,3.4e-04,101,94,94,94,3134,92,0.1576,15173.9
3L,random,2,600.01,360.01,80.01,0,226.01,1.5e-07,1.5e-07,97,95,95,95,3161,91,0.159,15254.6
3L,random,3,600.01,580.01,540.01,5,416.01,1.5e-05,1.5e-05,86,84,83,83,3186,115,0.1603,15311.5
3L,nucl,1,600.01,not settled,not settled,42,never,3.9e-02,4.3e-02,200,183,189,189,3246,147,0.1633,15291.8
3L,nucl,2,600.01,not settled,not settled,40,never,3.8e-02,4.6e-02,189,187,181,181,3244,121,0.1632,15300.3
3L,nucl,3,600.01,not settled,not settled,67,never,3.8e-02,4.5e-02,205,197,204,204,3149,177,0.1584,14818.4
S8D_lowri,seed1,0,1000.01,10.01,10.01,0,24.01,8.8e-20,1.1e-19,1,1,1,1,19,19,0.001,100.2
S8D_lowri,seed1_L5,0,1000.01,10.01,10.01,0,12.01,5.2e-222,5.2e-222,0,0,0,0,0,0,0.0,0.0
S8D_lowri,seed9,1,600.01,220.01,10.01,0,226.01,1.5e-18,1.7e-18,9,9,9,9,171,19,0.0086,840.1
S8D_lowri,seed9,2,600.01,590.01,10.01,0,182.01,5.0e-05,8.5e-05,9,9,9,9,145,19,0.0073,719.1
S8D_lowri,seed9,3,600.01,550.01,10.01,3,210.01,5.6e-09,5.6e-09,8,8,8,8,145,24,0.0073,704.2
S8D_lowri,seed36,1,600.01,not settled,40.01,1,never,2.5e-04,2.8e-04,31,31,31,31,469,19,0.0236,2278.5
S8D_lowri,seed36,2,600.01,not settled,60.01,0,never,1.1e-04,1.1e-04,28,28,28,28,404,19,0.0203,1996.2
S8D_lowri,seed36,3,600.01,not settled,30.01,2,558.01,4.6e-05,4.6e-05,31,31,31,31,421,19,0.0212,2073.9
S8D_lowri,seed144,1,600.01,580.01,50.01,-2,never,3.2e-04,7.6e-04,60,60,60,60,570,17,0.0287,2980.1
S8D_lowri,seed144,2,600.01,not settled,30.01,-1,never,1.5e-04,1.5e-04,61,61,61,61,572,19,0.0288,3011.1
S8D_lowri,seed144,3,600.01,580.01,40.01,5,never,1.1e-04,2.0e-04,63,63,63,63,566,19,0.0285,2975.6
S8D_lowri,random,1,600.01,40.01,10.01,0,48.01,7.3e-19,7.8e-19,6,6,6,6,114,19,0.0057,573.3
S8D_lowri,random,2,600.01,30.01,10.01,0,38.01,7.9e-19,1.0e-18,6,6,6,6,119,24,0.006,600.3
S8D_lowri,random,3,600.01,40.01,10.01,0,40.01,5.0e-19,5.5e-19,3,3,3,3,67,24,0.0034,324.9
S8D_lowri,nucl,1,600.01,not settled,not settled,32,never,4.7e-02,5.0e-02,210,215,201,201,711,26,0.0358,3220.6
S8D_lowri,nucl,2,600.01,not settled,not settled,29,never,4.7e-02,5.5e-02,202,211,218,218,749,24,0.0377,3398.0
S8D_lowri,nucl,3,600.01,not settled,not settled,30,never,4.6e-02,5.3e-02,210,224,231,231,730,24,0.0367,3227.4
