set,condition,replicate,a_ss,i_ss,t_end,seed_level,wall_s
2L_JAPI,seed1,0,10.0,10.0,1000.0,10.0,383.9
2L_JAPI,seed1_L5,0,5.0,5.0,1000.0,5.0,529.4
2L_JAPI,seed9,1,10.0,10.0,600.0,10.0,227.2
2L_JAPI,seed9,2,10.0,10.0,600.0,10.0,224.6
2L_JAPI,seed9,3,10.0,10.0,600.0,10.0,235.2
2L_JAPI,seed36,1,10.0,10.0,600.0,10.0,236.8
2L_JAPI,seed36,2,10.0,10.0,600.0,10.0,218.6
2L_JAPI,seed36,3,10.0,10.0,600.0,10.0,218.7
2L_JAPI,seed144,1,10.0,10.0,600.0,10.0,237.2
2L_JAPI,seed144,2,10.0,10.0,600.0,10.0,245.9
2L_JAPI,seed144,3,10.0,10.0,600.0,10.0,245.9
2L_JAPI,random,1,2.0,2.0,600.0,10.0,245.1
2L_JAPI,random,2,2.0,2.0,600.0,10.0,238.9
2L_JAPI,random,3,2.0,2.0,600.0,10.0,217.2
2L_JAPI,nucl,1,2.0,2.0,600.0,10.0,173.4
2L_JAPI,nucl,2,2.0,2.0,600.0,10.0,174.5
2L_JAPI,nucl,3,2.0,2.0,600.0,10.0,173.9
2L_JA,seed1,0,10.0,10.0,1000.0,10.0,286.3
2L_JA,seed1_L5,0,5.0,5.0,1000.0,5.0,301.8
2L_JA,seed9,1,10.0,10.0,600.0,10.0,168.9
2L_JA,seed9,2,10.0,10.0,600.0,10.0,169.2
2L_JA,seed9,3,10.0,10.0,600.0,10.0,168.5
2L_JA,seed36,1,10.0,10.0,600.0,10.0,172.6
2L_JA,seed36,2,10.0,10.0,600.0,10.0,169.8
2L_JA,seed36,3,10.0,10.0,600.0,10.0,169.9
2L_JA,seed144,1,10.0,10.0,600.0,10.0,168.2
2L_JA,seed144,2,10.0,10.0,600.0,10.0,171.2
2L_JA,seed144,3,10.0,10.0,600.0,10.0,167.5
2L_JA,random,1,2.0,2.0,600.0,10.0,172.5
2L_JA,random,2,2.0,2.0,600.0,10.0,168.0
2L_JA,random,3,2.0,2.0,600.0,10.0,167.3
2L_JA,nucl,1,2.0,2.0,600.0,10.0,181.5
2L_JA,nucl,2,2.0,2.0,600.0,10.0,179.0
2L_JA,nucl,3,2.0,2.0,600.0,10.0,179.3
3B_labyrinth,seed1,0,5.911,29.554,1000.0,10.0,291.6
3B_labyrinth,seed1_L5,0,5.911,29.554,1000.0,5.0,394.2
3B_labyrinth,seed9,1,5.911,29.554,600.0,10.0,175.6
3B_labyrinth,seed9,2,5.911,29.554,600.0,10.0,174.5
3B_labyrinth,seed9,3,5.911,29.554,600.0,10.0,173.8
3B_labyrinth,seed36,1,5.911,29.554,600.0,10.0,170.3
3B_labyrinth,seed36,2,5.911,29.554,600.0,10.0,172.0
3B_labyrinth,seed36,3,5.911,29.554,600.0,10.0,170.3
3B_labyrinth,seed144,1,5.911,29.554,600.0,10.0,175.4
3B_labyrinth,seed144,2,5.911,29.554,600.0,10.0,172.8
3B_labyrinth,seed144,3,5.911,29.554,600.0,10.0,168.9
3B_labyrinth,random,1,5.911,29.554,600.0,10.0,174.2
3B_labyrinth,random,2,5.911,29.554,600.0,10.0,171.3
3B_labyrinth,random,3,5.911,29.554,600.0,10.0,169.0
3B_labyrinth,nucl,1,5.911,29.554,600.0,10.0,172.5
3B_labyrinth,nucl,2,5.911,29.554,600.0,10.0,177.1
3B_labyrinth,nucl,3,5.911,29.554,600.0,10.0,176.2
3B_big,seed1,0,10.0,10.0,1000.0,10.0,279.7
3B_big,seed1_L5,0,5.0,5.0,1000.0,5.0,394.1
3B_big,seed9,1,10.0,10.0,600.0,10.0,175.2
3B_big,seed9,2,10.0,10.0,600.0,10.0,175.6
3B_big,seed9,3,10.0,10.0,600.0,10.0,171.8
3B_big,seed36,1,10.0,10.0,600.0,10.0,175.2
3B_big,seed36,2,10.0,10.0,600.0,10.0,177.7
3B_big,seed36,3,10.0,10.0,600.0,10.0,174.3
3B_big,seed144,1,10.0,10.0,600.0,10.0,176.9
3B_big,seed144,2,10.0,10.0,600.0,10.0,180.3
3B_big,seed144,3,10.0,10.0,600.0,10.0,177.9
3B_big,random,1,2.0,2.0,600.0,10.0,191.3
3B_big,random,2,2.0,2.0,600.0,10.0,189.2
3B_big,random,3,2.0,2.0,600.0,10.0,192.0
3B_big,nucl,1,2.0,2.0,600.0,10.0,178.0
3B_big,nucl,2,2.0,2.0,600.0,10.0,173.9
3B_big,nucl,3,2.0,2.0,600.0,10.0,173.0
3B_small,seed1,0,10.0,10.0,1000.0,10.0,287.0
3B_small,seed1_L5,0,5.0,5.0,1000.0,5.0,403.7
3B_small,seed9,1,10.0,10.0,600.0,10.0,172.2
3B_small,seed9,2,10.0,10.0,600.0,10.0,169.7
3B_small,seed9,3,10.0,10.0,600.0,10.0,173.2
3B_small,seed36,1,10.0,10.0,600.0,10.0,172.6
3B_small,seed36,2,10.0,10.0,600.0,10.0,172.5
3B_small,seed36,3,10.0,10.0,600.0,10.0,177.4
3B_small,seed144,1,10.0,10.0,600.0,10.0,190.8
3B_small,seed144,2,10.0,10.0,600.0,10.0,187.2
3B_small,seed144,3,10.0,10.0,600.0,10.0,187.8
3B_small,random,1,2.0,2.0,600.0,10.0,213.4
3B_small,random,2,2.0,2.0,600.0,10.0,208.1
3B_small,random,3,2.0,2.0,600.0,10.0,205.2
3B_small,nucl,1,2.0,2.0,600.0,10.0,172.3
3B_small,nucl,2,2.0,2.0,600.0,10.0,178.6
3B_small,nucl,3,2.0,2.0,600.0,10.0,172.9
3H_lowDi,seed1,0,10.0,10.0,1000.0,10.0,280.1
3H_lowDi,seed1_L5,0,5.0,5.0,1000.0,5.0,394.2
3H_lowDi,seed9,1,10.0,10.0,600.0,10.0,176.4
3H_lowDi,seed9,2,10.0,10.0,600.0,10.0,168.5
3H_lowDi,seed9,3,10.0,10.0,600.0,10.0,169.5
3H_lowDi,seed36,1,10.0,10.0,600.0,10.0,179.4
3H_lowDi,seed36,2,10.0,10.0,600.0,10.0,172.6
3H_lowDi,seed36,3,10.0,10.0,600.0,10.0,174.7
3H_lowDi,seed144,1,10.0,10.0,600.0,10.0,188.3
3H_lowDi,seed144,2,10.0,10.0,600.0,10.0,195.6
3H_lowDi,seed144,3,10.0,10.0,600.0,10.0,191.7
3H_lowDi,random,1,2.0,2.0,600.0,10.0,222.9
3H_lowDi,random,2,2.0,2.0,600.0,10.0,220.7
3H_lowDi,random,3,2.0,2.0,600.0,10.0,227.4
3H_lowDi,nucl,1,2.0,2.0,600.0,10.0,172.1
3H_lowDi,nucl,2,2.0,2.0,600.0,10.0,172.3
3H_lowDi,nucl,3,2.0,2.0,600.0,10.0,174.1
3L,seed1,0,10.0,10.0,1000.0,10.0,281.6
3L,seed1_L5,0,5.0,5.0,1000.0,5.0,403.4
3L,seed9,1,10.0,10.0,600.0,10.0,169.2
3L,seed9,2,10.0,10.0,600.0,10.0,170.6
3L,seed9,3,10.0,10.0,600.0,10.0,170.6
3L,seed36,1,10.0,10.0,600.0,10.0,173.4
3L,seed36,2,10.0,10.0,600.0,10.0,175.4
3L,seed36,3,10.0,10.0,600.0,10.0,181.9
3L,seed144,1,10.0,10.0,600.0,10.0,183.0
3L,seed144,2,10.0,10.0,600.0,10.0,181.6
3L,seed144,3,10.0,10.0,600.0,10.0,183.4
3L,random,1,2.0,2.0,600.0,10.0,204.0
3L,random,2,2.0,2.0,600.0,10.0,196.8
3L,random,3,2.0,2.0,600.0,10.0,198.3
3L,nucl,1,2.0,2.0,600.0,10.0,175.0
3L,nucl,2,2.0,2.0,600.0,10.0,178.4
3L,nucl,3,2.0,2.0,600.0,10.0,171.3
S8D_lowri,seed1,0,10.0,10.0,1000.0,10.0,279.0
S8D_lowri,seed1_L5,0,5.0,5.0,1000.0,5.0,388.5
S8D_lowri,seed9,1,10.0,10.0,600.0,10.0,173.3
S8D_lowri,seed9,2,10.0,10.0,600.0,10.0,166.9
S8D_lowri,seed9,3,10.0,10.0,600.0,10.0,167.5
S8D_lowri,seed36,1,10.0,10.0,600.0,10.0,179.6
S8D_lowri,seed36,2,10.0,10.0,600.0,10.0,174.3
S8D_lowri,seed36,3,10.0,10.0,600.0,10.0,172.4
S8D_lowri,seed144,1,10.0,10.0,600.0,10.0,191.9
S8D_lowri,seed144,2,10.0,10.0,600.0,10.0,191.0
S8D_lowri,seed144,3,10.0,10.0,600.0,10.0,201.2
S8D_lowri,random,1,2.0,2.0,600.0,10.0,228.5
S8D_lowri,random,2,2.0,2.0,600.0,10.0,225.8
S8D_lowri,random,3,2.0,2.0,600.0,10.0,228.7
S8D_lowri,nucl,1,2.0,2.0,600.0,10.0,176.9
S8D_lowri,nucl,2,2.0,2.0,600.0,10.0,172.7
S8D_lowri,nucl,3,2.0,2.0,600.0,10.0,172.1
