bi,condition,replicate,a_ss,i_ss,wall_s
5,nucl,1,2.0,2.0,306.1
5,nucl,2,2.0,2.0,309.2
5,nucl,3,2.0,2.0,311.8
5,random,1,1.0,1.0,284.5
5,random,2,1.0,1.0,282.3
5,random,3,1.0,1.0,275.0
5,seed1,0,5.0,5.0,323.1
5,seed144,1,5.0,5.0,286.6
5,seed144,2,5.0,5.0,283.3
5,seed144,3,5.0,5.0,284.1
5,seed36,1,5.0,5.0,285.1
5,seed36,2,5.0,5.0,280.3
5,seed36,3,5.0,5.0,285.7
5,seed9,1,5.0,5.0,307.3
5,seed9,2,5.0,5.0,310.0
5,seed9,3,5.0,5.0,312.6
9,nucl,1,2.0,2.0,302.6
9,nucl,2,2.0,2.0,308.2
9,nucl,3,2.0,2.0,306.1
9,random,1,1.0,1.0,280.2
9,random,2,1.0,1.0,277.8
9,random,3,1.0,1.0,276.0
9,seed1,0,5.0,5.0,309.2
9,seed144,1,5.0,5.0,297.2
9,seed144,2,5.0,5.0,294.9
9,seed144,3,5.0,5.0,288.5
9,seed36,1,5.0,5.0,322.9
9,seed36,2,5.0,5.0,318.5
9,seed36,3,5.0,5.0,317.5
9,seed9,1,5.0,5.0,321.2
9,seed9,2,5.0,5.0,315.6
9,seed9,3,5.0,5.0,313.1
12,nucl,1,2.0,2.0,307.1
12,nucl,2,2.0,2.0,307.9
12,nucl,3,2.0,2.0,306.4
12,random,1,1.0,1.0,367.5
12,random,2,1.0,1.0,364.5
12,random,3,1.0,1.0,362.6
12,seed1,0,5.0,5.0,296.8
12,seed144,1,5.0,5.0,322.8
12,seed144,2,5.0,5.0,315.7
12,seed144,3,5.0,5.0,314.7
12,seed36,1,5.0,5.0,330.5
12,seed36,2,5.0,5.0,334.5
12,seed36,3,5.0,5.0,335.7
12,seed9,1,5.0,5.0,305.0
12,seed9,2,5.0,5.0,304.0
12,seed9,3,5.0,5.0,302.4
