bi,condition,replicate,settle_t,settle_blobs_t,cells_drift_500_600,criterion_stop_t,crit_min,crit_final,blobs_final,cells_on_final,largest_final,coverage_final,total_activator_final,blobs_t60,blobs_t300
5,seed1,0,not settled,not settled,666,never,2.8e-03,1.0e-02,94,4622,75,0.2325,16550.9,1,12
5,seed9,1,not settled,not settled,11,never,1.4e-03,1.8e-03,92,4909,213,0.2469,17408.5,11,70
5,seed9,2,not settled,580.01,-17,never,1.7e-03,1.7e-03,91,4898,252,0.2464,17429.8,10,51
5,seed9,3,not settled,590.01,-10,never,1.4e-03,1.4e-03,98,4864,247,0.2447,17341.3,9,56
5,seed36,1,not settled,500.01,-22,never,9.9e-04,9.9e-04,103,4882,210,0.2456,17377.8,44,90
5,seed36,2,not settled,580.01,-14,never,9.4e-04,9.9e-04,98,4897,148,0.2463,17393.8,35,94
5,seed36,3,not settled,450.01,-12,never,1.1e-03,1.1e-03,104,4842,192,0.2435,17394.7,40,91
5,seed144,1,not settled,460.01,-30,never,9.9e-04,9.9e-04,114,4828,97,0.2428,17353.6,92,110
5,seed144,2,not settled,540.01,67,never,1.2e-03,1.2e-03,122,4859,65,0.2444,17340.7,95,116
5,seed144,3,not settled,470.01,-19,never,1.1e-03,1.1e-03,123,4807,77,0.2418,17350.6,102,122
5,random,1,590.01,280.01,15,never,1.2e-03,1.2e-03,165,4887,41,0.2458,17596.8,168,165
5,random,2,not settled,170.01,12,never,8.4e-04,8.4e-04,168,4905,41,0.2467,17619.2,167,168
5,random,3,not settled,560.01,1,never,1.0e-03,1.0e-03,169,4835,40,0.2432,17609.3,172,170
5,nucl,1,not settled,not settled,25,never,4.9e-02,5.4e-02,235,5131,63,0.2581,18517.2,231,247
5,nucl,2,not settled,not settled,-4,never,4.9e-02,5.5e-02,255,5149,46,0.259,18485.9,246,248
5,nucl,3,not settled,not settled,-8,never,4.9e-02,5.5e-02,249,5139,57,0.2585,18527.9,248,262
9,seed1,0,not settled,550.01,84,22.01,4.8e-11,1.5e-03,8,228,31,0.0115,795.1,1,1
9,seed9,1,not settled,570.01,156,never,1.0e-03,4.0e-03,61,1669,35,0.0839,5724.3,9,34
9,seed9,2,not settled,not settled,136,never,2.0e-03,4.0e-03,54,1469,39,0.0739,5032.5,9,34
9,seed9,3,not settled,not settled,146,never,1.3e-03,4.6e-03,58,1538,33,0.0774,5247.5,9,32
9,seed36,1,not settled,not settled,-5,never,1.1e-03,1.3e-03,68,1786,30,0.0898,6200.4,34,63
9,seed36,2,not settled,480.01,16,never,1.2e-03,1.2e-03,70,1837,31,0.0924,6294.5,33,66
9,seed36,3,not settled,570.01,54,never,1.4e-03,1.4e-03,71,1832,30,0.0921,6278.3,32,61
9,seed144,1,not settled,240.01,8,never,9.3e-04,9.3e-04,101,2068,26,0.104,7205.3,100,101
9,seed144,2,not settled,40.01,26,never,9.2e-04,9.2e-04,99,2068,26,0.104,7087.8,99,99
9,seed144,3,not settled,40.01,17,never,6.8e-04,6.8e-04,108,2118,23,0.1065,7308.0,108,108
9,random,1,not settled,390.01,-15,never,7.6e-04,7.6e-04,131,2162,21,0.1087,7601.9,132,132
9,random,2,not settled,210.01,18,never,8.3e-04,8.3e-04,130,2180,23,0.1097,7614.0,132,130
9,random,3,not settled,230.01,7,never,7.0e-04,7.0e-04,137,2232,21,0.1123,7715.3,140,137
9,nucl,1,not settled,not settled,39,never,5.9e-02,6.6e-02,261,2401,24,0.1208,8604.1,280,279
9,nucl,2,not settled,not settled,30,never,5.9e-02,6.7e-02,273,2411,26,0.1213,8605.7,277,278
9,nucl,3,not settled,not settled,37,never,5.9e-02,6.5e-02,290,2439,22,0.1227,8649.1,286,290
12,seed1,0,10.01,10.01,0,16.01,3.5e-16,3.5e-16,1,19,19,0.001,78.9,1,1
12,seed9,1,590.01,10.01,-9,never,1.3e-04,1.3e-04,9,200,24,0.0101,693.9,9,9
12,seed9,2,not settled,10.01,3,never,1.6e-04,1.6e-04,9,212,25,0.0107,693.5,9,9
12,seed9,3,not settled,10.01,9,never,1.5e-04,1.5e-04,8,184,24,0.0093,603.8,8,8
12,seed36,1,not settled,20.01,11,never,7.1e-04,7.1e-04,33,696,24,0.035,2312.2,33,33
12,seed36,2,not settled,10.01,5,never,6.1e-04,6.1e-04,33,664,24,0.0334,2229.6,33,33
12,seed36,3,not settled,10.01,-3,never,6.4e-04,6.4e-04,32,655,24,0.0329,2216.2,32,32
12,seed144,1,not settled,40.01,4,never,7.1e-04,7.1e-04,90,1298,17,0.0653,4417.3,90,90
12,seed144,2,not settled,30.01,9,never,7.5e-04,7.5e-04,91,1283,19,0.0645,4382.7,91,91
12,seed144,3,580.01,200.01,4,never,6.5e-04,6.5e-04,96,1314,17,0.0661,4494.9,97,96
12,random,1,not settled,20.01,24,never,4.4e-04,4.4e-04,28,603,24,0.0303,1979.2,28,28
12,random,2,not settled,20.01,10,never,7.1e-04,7.1e-04,30,636,24,0.032,2122.8,30,30
12,random,3,not settled,10.01,-7,never,6.7e-04,6.7e-04,31,639,24,0.0321,2164.2,31,31
12,nucl,1,not settled,not settled,27,never,6.9e-02,7.4e-02,275,1567,17,0.0788,5786.7,288,288
12,nucl,2,not settled,not settled,-27,never,6.7e-02,7.7e-02,272,1552,18,0.0781,5824.0,284,276
12,nucl,3,not settled,not settled,15,never,6.9e-02,7.8e-02,293,1579,18,0.0794,5840.6,287,294
