b_a,b_i,D_i,closed_form,alpha,G,a_ss,spread_t0,spread_t40,spread_end,final_min,final_max,engine
5,13.0,20,linearly stable,0.657,0.263,4.673,0.029,0.0,0.0,4.67,4.67,perturbation decays
5,13.5,20,linearly stable,0.847,0.339,4.578,0.029,0.0,0.0,4.58,4.58,perturbation decays
5,13.8,20,linearly stable,1.014,0.406,4.494,0.029,0.0,0.0,4.49,4.49,perturbation decays
5,13.9,20,Turing,1.088,0.435,4.454,0.029,0.604,1.443,0.0,5.0,pattern grows
5,14.0,20,Turing,1.178,0.471,4.41,0.029,1.293,1.489,0.0,5.0,pattern grows
5,14.1,20,Turing,1.297,0.519,4.35,0.029,1.446,1.475,0.0,5.0,pattern grows
5,14.15,20,Turing,1.381,0.552,4.311,0.029,1.457,1.497,0.0,5.0,pattern grows
5,13.0,10,linearly stable,0.657,0.263,4.673,0.029,0.0,0.0,4.67,4.67,perturbation decays
5,13.5,10,linearly stable,0.847,0.339,4.578,0.029,0.0,0.0,4.58,4.58,perturbation decays
5,13.8,10,linearly stable,1.014,0.406,4.494,0.029,0.0,0.0,4.49,4.49,perturbation decays
5,13.9,10,linearly stable,1.088,0.435,4.454,0.029,0.061,0.709,0.0,4.99,pattern grows
5,14.0,10,Turing,1.178,0.471,4.41,0.029,1.251,1.647,0.0,5.0,pattern grows
5,14.1,10,Turing,1.297,0.519,4.35,0.029,1.509,1.544,0.0,5.0,pattern grows
5,14.15,10,Turing,1.381,0.552,4.311,0.029,1.551,1.581,0.0,5.0,pattern grows
10,40,20,linearly stable,0.042,0.017,9.96,0.029,0.0,0.0,9.96,9.96,perturbation decays
10,44,20,linearly stable,0.062,0.025,9.94,0.029,0.0,0.0,9.94,9.94,perturbation decays
10,46,20,linearly stable,0.074,0.03,9.931,0.029,0.0,0.0,9.93,9.93,perturbation decays
10,47,20,linearly stable,0.081,0.033,9.921,0.029,0.0,0.0,9.92,9.92,perturbation decays
10,48,20,linearly stable,0.089,0.036,9.911,0.029,0.0,0.0,9.91,9.91,perturbation decays
